2026-02-06 10:03:55 | INFO     | ================================================================================
2026-02-06 10:03:55 | INFO     | TRAINING SESSION STARTED
2026-02-06 10:03:55 | INFO     | ================================================================================
2026-02-06 10:03:55 | DEBUG    | Faulthandler enabled, writing to experiments/train_nn1_cropped/ssim_lr3e-3_94f982/crash_trace.txt
2026-02-06 10:03:55 | INFO     | Starting training: epochs 1-500, experiment=ssim_lr3e-3_94f982
2026-02-06 10:03:55 | INFO     | [ssim_lr3e-3_94f982] Epoch 1/500 starting
2026-02-06 10:03:55 | DEBUG    | Starting training epoch 1 with 2205 batches (batch_log_interval=441)
2026-02-06 10:06:39 | DEBUG    |   Train batch 441/2205: loss=0.4811, time=[min=78.4, avg=335.1, max=110242.4]ms
2026-02-06 10:07:27 | DEBUG    |   Train batch 882/2205: loss=0.3098, time=[min=83.6, avg=85.2, max=92.0]ms
2026-02-06 10:08:14 | DEBUG    |   Train batch 1323/2205: loss=0.2879, time=[min=83.8, avg=85.5, max=94.9]ms
2026-02-06 10:08:59 | DEBUG    |   Train batch 1764/2205: loss=0.2824, time=[min=83.7, avg=85.3, max=93.1]ms
2026-02-06 10:09:45 | DEBUG    |   Train batch 2205/2205: loss=0.2755, time=[min=83.4, avg=85.6, max=91.9]ms
2026-02-06 10:09:55 | DEBUG    | Training epoch 1 complete: avg_loss=0.3273, time=359.73s, avg_batch_time=135.4ms
2026-02-06 10:09:55 | DEBUG    | Starting validation epoch 1 with 553 batches (batch_log_interval=110)
2026-02-06 10:10:55 | DEBUG    |   Valid batch 110/553: loss=0.2905, time=[min=226.4, avg=504.6, max=25792.8]ms
2026-02-06 10:11:25 | DEBUG    |   Valid batch 220/553: loss=0.2892, time=[min=263.7, avg=274.5, max=290.3]ms
2026-02-06 10:11:56 | DEBUG    |   Valid batch 330/553: loss=0.2870, time=[min=260.4, avg=276.7, max=301.8]ms
2026-02-06 10:12:26 | DEBUG    |   Valid batch 440/553: loss=0.2922, time=[min=263.6, avg=277.6, max=289.3]ms
2026-02-06 10:12:57 | DEBUG    |   Valid batch 550/553: loss=0.2936, time=[min=263.0, avg=277.9, max=291.4]ms
2026-02-06 10:13:08 | DEBUG    |   Per-crop SSIM: center=0.6596, corners=0.7331, edges=0.6985
2026-02-06 10:13:08 | DEBUG    | Validation epoch 1 complete: avg_loss=0.2904, time=192.96s, avg_batch_time=321.7ms
2026-02-06 10:13:08 | DEBUG    | Saving epochs CSV
2026-02-06 10:13:08 | INFO     | [ssim_lr3e-3_94f982] Epoch 1/500 completed: train_loss=0.3273, valid_loss=0.2904, best=inf, time=552.69s (train=359.73s, valid=192.96s), run_avg=552.69s (n=1)
2026-02-06 10:13:08 | DEBUG    | Learning rate: 0.000600
2026-02-06 10:13:08 | INFO     |   Metrics: ssim=0.7096, ms_ssim=0.7938, mae=0.0572, gradient_mae=0.1727, psnr=12.4294, ncc=13021141.3881
2026-02-06 10:13:08 | INFO     | New best validation loss: 0.2904 (prev: inf)
2026-02-06 10:13:08 | DEBUG    | Saving best model checkpoint to experiments/train_nn1_cropped/ssim_lr3e-3_94f982/epochs/0
2026-02-06 10:13:08 | DEBUG    | Saving latest checkpoint
2026-02-06 10:13:09 | DEBUG    | Stepping scheduler
2026-02-06 10:13:09 | INFO     | [ssim_lr3e-3_94f982] Epoch 2/500 starting
2026-02-06 10:13:09 | DEBUG    | Starting training epoch 2 with 2205 batches (batch_log_interval=441)
2026-02-06 10:13:58 | DEBUG    |   Train batch 441/2205: loss=0.2771, time=[min=84.3, avg=89.8, max=117.5]ms
2026-02-06 10:14:44 | DEBUG    |   Train batch 882/2205: loss=0.2726, time=[min=92.0, avg=100.1, max=113.2]ms
2026-02-06 10:15:29 | DEBUG    |   Train batch 1323/2205: loss=0.2706, time=[min=89.8, avg=95.8, max=108.9]ms
2026-02-06 10:16:13 | DEBUG    |   Train batch 1764/2205: loss=0.2672, time=[min=91.2, avg=94.5, max=103.9]ms
2026-02-06 10:16:58 | DEBUG    |   Train batch 2205/2205: loss=0.2636, time=[min=91.2, avg=97.3, max=112.7]ms
2026-02-06 10:17:08 | DEBUG    | Training epoch 2 complete: avg_loss=0.2702, time=239.12s, avg_batch_time=95.5ms
2026-02-06 10:17:08 | DEBUG    | Starting validation epoch 2 with 553 batches (batch_log_interval=110)
2026-02-06 10:17:49 | DEBUG    |   Valid batch 110/553: loss=0.2809, time=[min=262.5, avg=314.3, max=336.8]ms
2026-02-06 10:18:24 | DEBUG    |   Valid batch 220/553: loss=0.2797, time=[min=301.3, avg=318.1, max=333.2]ms
2026-02-06 10:19:00 | DEBUG    |   Valid batch 330/553: loss=0.2778, time=[min=309.7, avg=331.4, max=349.1]ms
2026-02-06 10:19:37 | DEBUG    |   Valid batch 440/553: loss=0.2828, time=[min=311.7, avg=332.7, max=353.9]ms
2026-02-06 10:20:12 | DEBUG    |   Valid batch 550/553: loss=0.2842, time=[min=306.9, avg=319.2, max=331.3]ms
2026-02-06 10:20:23 | DEBUG    |   Per-crop SSIM: center=0.6694, corners=0.7422, edges=0.7081
2026-02-06 10:20:23 | DEBUG    | Validation epoch 2 complete: avg_loss=0.2810, time=194.94s, avg_batch_time=322.9ms
2026-02-06 10:20:23 | DEBUG    | Saving epochs CSV
2026-02-06 10:20:23 | INFO     | [ssim_lr3e-3_94f982] Epoch 2/500 completed: train_loss=0.2702, valid_loss=0.2810, best=0.2904, time=434.05s (train=239.12s, valid=194.94s), run_avg=493.37s (n=2)
2026-02-06 10:20:23 | DEBUG    | Learning rate: 0.001200
2026-02-06 10:20:23 | INFO     |   Metrics: ssim=0.7190, ms_ssim=0.8106, mae=0.0484, gradient_mae=0.1606, psnr=17.5006, ncc=11012329.2721
2026-02-06 10:20:23 | INFO     | New best validation loss: 0.2810 (prev: 0.2904)
2026-02-06 10:20:23 | DEBUG    | Saving best model checkpoint to experiments/train_nn1_cropped/ssim_lr3e-3_94f982/epochs/1
2026-02-06 10:20:23 | DEBUG    | Saving latest checkpoint
2026-02-06 10:20:24 | DEBUG    | Stepping scheduler
2026-02-06 10:20:24 | INFO     | [ssim_lr3e-3_94f982] Epoch 3/500 starting
2026-02-06 10:20:24 | DEBUG    | Starting training epoch 3 with 2205 batches (batch_log_interval=441)
2026-02-06 10:21:16 | DEBUG    |   Train batch 441/2205: loss=0.2631, time=[min=94.7, avg=100.2, max=113.1]ms
2026-02-06 10:22:04 | DEBUG    |   Train batch 882/2205: loss=0.2688, time=[min=95.2, avg=103.3, max=120.7]ms
2026-02-06 10:22:52 | DEBUG    |   Train batch 1323/2205: loss=0.2623, time=[min=95.3, avg=104.2, max=119.2]ms
2026-02-06 10:23:38 | DEBUG    |   Train batch 1764/2205: loss=0.2599, time=[min=93.3, avg=99.4, max=113.1]ms
2026-02-06 10:24:24 | DEBUG    |   Train batch 2205/2205: loss=0.2585, time=[min=93.1, avg=99.8, max=112.2]ms
2026-02-06 10:24:34 | DEBUG    | Training epoch 3 complete: avg_loss=0.2625, time=250.52s, avg_batch_time=101.4ms
2026-02-06 10:24:34 | DEBUG    | Starting validation epoch 3 with 553 batches (batch_log_interval=110)
2026-02-06 10:25:14 | DEBUG    |   Valid batch 110/553: loss=0.2746, time=[min=277.6, avg=315.2, max=356.1]ms
2026-02-06 10:25:49 | DEBUG    |   Valid batch 220/553: loss=0.2733, time=[min=292.3, avg=312.0, max=333.0]ms
2026-02-06 10:26:23 | DEBUG    |   Valid batch 330/553: loss=0.2714, time=[min=302.5, avg=312.5, max=321.4]ms
2026-02-06 10:26:59 | DEBUG    |   Valid batch 440/553: loss=0.2763, time=[min=316.3, avg=332.2, max=358.5]ms
2026-02-06 10:27:36 | DEBUG    |   Valid batch 550/553: loss=0.2777, time=[min=318.3, avg=331.6, max=355.1]ms
2026-02-06 10:27:47 | DEBUG    |   Per-crop SSIM: center=0.6766, corners=0.7483, edges=0.7147
2026-02-06 10:27:47 | DEBUG    | Validation epoch 3 complete: avg_loss=0.2746, time=192.67s, avg_batch_time=320.5ms
2026-02-06 10:27:47 | DEBUG    | Saving epochs CSV
2026-02-06 10:27:47 | INFO     | [ssim_lr3e-3_94f982] Epoch 3/500 completed: train_loss=0.2625, valid_loss=0.2746, best=0.2810, time=443.19s (train=250.52s, valid=192.67s), run_avg=476.65s (n=3)
2026-02-06 10:27:47 | DEBUG    | Learning rate: 0.001800
2026-02-06 10:27:47 | INFO     |   Metrics: ssim=0.7254, ms_ssim=0.8192, mae=0.0465, gradient_mae=0.1578, psnr=17.3685, ncc=11259490.7802
2026-02-06 10:27:47 | INFO     | New best validation loss: 0.2746 (prev: 0.2810)
2026-02-06 10:27:47 | DEBUG    | Saving best model checkpoint to experiments/train_nn1_cropped/ssim_lr3e-3_94f982/epochs/2
2026-02-06 10:27:47 | DEBUG    | Saving latest checkpoint
2026-02-06 10:27:48 | DEBUG    | Stepping scheduler
2026-02-06 10:27:48 | INFO     | [ssim_lr3e-3_94f982] Epoch 4/500 starting
2026-02-06 10:27:48 | DEBUG    | Starting training epoch 4 with 2205 batches (batch_log_interval=441)
2026-02-06 10:28:41 | DEBUG    |   Train batch 441/2205: loss=0.2612, time=[min=91.7, avg=102.3, max=118.1]ms
2026-02-06 10:29:27 | DEBUG    |   Train batch 882/2205: loss=0.2578, time=[min=93.6, avg=99.9, max=124.0]ms
2026-02-06 10:30:14 | DEBUG    |   Train batch 1323/2205: loss=0.2542, time=[min=94.7, avg=101.5, max=116.1]ms
2026-02-06 10:31:01 | DEBUG    |   Train batch 1764/2205: loss=0.2574, time=[min=97.5, avg=102.6, max=119.8]ms
2026-02-06 10:31:48 | DEBUG    |   Train batch 2205/2205: loss=0.2565, time=[min=95.3, avg=103.2, max=118.8]ms
2026-02-06 10:31:58 | DEBUG    | Training epoch 4 complete: avg_loss=0.2574, time=250.40s, avg_batch_time=101.9ms
2026-02-06 10:31:58 | DEBUG    | Starting validation epoch 4 with 553 batches (batch_log_interval=110)
2026-02-06 10:32:38 | DEBUG    |   Valid batch 110/553: loss=0.2728, time=[min=271.3, avg=313.3, max=353.6]ms
2026-02-06 10:33:12 | DEBUG    |   Valid batch 220/553: loss=0.2715, time=[min=294.4, avg=314.3, max=341.6]ms
2026-02-06 10:33:48 | DEBUG    |   Valid batch 330/553: loss=0.2698, time=[min=295.0, avg=320.6, max=346.1]ms
2026-02-06 10:34:23 | DEBUG    |   Valid batch 440/553: loss=0.2746, time=[min=307.3, avg=320.5, max=344.3]ms
2026-02-06 10:34:58 | DEBUG    |   Valid batch 550/553: loss=0.2759, time=[min=302.6, avg=319.5, max=341.5]ms
2026-02-06 10:35:09 | DEBUG    |   Per-crop SSIM: center=0.6784, corners=0.7500, edges=0.7165
2026-02-06 10:35:09 | DEBUG    | Validation epoch 4 complete: avg_loss=0.2729, time=190.71s, avg_batch_time=317.4ms
2026-02-06 10:35:09 | DEBUG    | Saving epochs CSV
2026-02-06 10:35:09 | INFO     | [ssim_lr3e-3_94f982] Epoch 4/500 completed: train_loss=0.2574, valid_loss=0.2729, best=0.2746, time=441.11s (train=250.40s, valid=190.71s), run_avg=467.76s (n=4)
2026-02-06 10:35:09 | DEBUG    | Learning rate: 0.002400
2026-02-06 10:35:09 | INFO     |   Metrics: ssim=0.7271, ms_ssim=0.8222, mae=0.0452, gradient_mae=0.1540, psnr=18.2791, ncc=10905024.4336
2026-02-06 10:35:09 | INFO     | New best validation loss: 0.2729 (prev: 0.2746)
2026-02-06 10:35:09 | DEBUG    | Saving best model checkpoint to experiments/train_nn1_cropped/ssim_lr3e-3_94f982/epochs/3
2026-02-06 10:35:09 | DEBUG    | Saving latest checkpoint
2026-02-06 10:35:10 | DEBUG    | Stepping scheduler
2026-02-06 10:35:10 | INFO     | [ssim_lr3e-3_94f982] Epoch 5/500 starting
2026-02-06 10:35:10 | DEBUG    | Starting training epoch 5 with 2205 batches (batch_log_interval=441)
2026-02-06 10:36:02 | DEBUG    |   Train batch 441/2205: loss=0.2563, time=[min=91.5, avg=100.0, max=117.8]ms
2026-02-06 10:36:49 | DEBUG    |   Train batch 882/2205: loss=0.2613, time=[min=94.8, avg=100.8, max=114.0]ms
2026-02-06 10:37:34 | DEBUG    |   Train batch 1323/2205: loss=0.2607, time=[min=95.2, avg=100.3, max=120.6]ms
2026-02-06 10:38:20 | DEBUG    |   Train batch 1764/2205: loss=0.2566, time=[min=94.8, avg=101.9, max=122.8]ms
2026-02-06 10:39:07 | DEBUG    |   Train batch 2205/2205: loss=0.2532, time=[min=95.0, avg=101.5, max=115.2]ms
2026-02-06 10:39:17 | DEBUG    | Training epoch 5 complete: avg_loss=0.2576, time=247.29s, avg_batch_time=100.9ms
2026-02-06 10:39:17 | DEBUG    | Starting validation epoch 5 with 553 batches (batch_log_interval=110)
2026-02-06 10:39:57 | DEBUG    |   Valid batch 110/553: loss=0.2721, time=[min=274.9, avg=315.3, max=359.5]ms
2026-02-06 10:40:32 | DEBUG    |   Valid batch 220/553: loss=0.2708, time=[min=297.1, avg=314.3, max=338.0]ms
2026-02-06 10:41:07 | DEBUG    |   Valid batch 330/553: loss=0.2692, time=[min=308.3, avg=318.8, max=351.5]ms
2026-02-06 10:41:42 | DEBUG    |   Valid batch 440/553: loss=0.2739, time=[min=311.0, avg=318.7, max=331.6]ms
2026-02-06 10:42:17 | DEBUG    |   Valid batch 550/553: loss=0.2754, time=[min=295.6, avg=318.3, max=348.6]ms
2026-02-06 10:42:28 | DEBUG    |   Per-crop SSIM: center=0.6798, corners=0.7502, edges=0.7173
2026-02-06 10:42:28 | DEBUG    | Validation epoch 5 complete: avg_loss=0.2722, time=190.47s, avg_batch_time=316.8ms
2026-02-06 10:42:28 | DEBUG    | Saving epochs CSV
2026-02-06 10:42:28 | INFO     | [ssim_lr3e-3_94f982] Epoch 5/500 completed: train_loss=0.2576, valid_loss=0.2722, best=0.2729, time=437.76s (train=247.29s, valid=190.47s), run_avg=461.76s (n=5)
2026-02-06 10:42:28 | DEBUG    | Learning rate: 0.003000
2026-02-06 10:42:28 | INFO     |   Metrics: ssim=0.7278, ms_ssim=0.8225, mae=0.0480, gradient_mae=0.1591, psnr=13.7342, ncc=12217552.8645
2026-02-06 10:42:28 | INFO     | New best validation loss: 0.2722 (prev: 0.2729)
2026-02-06 10:42:28 | DEBUG    | Saving best model checkpoint to experiments/train_nn1_cropped/ssim_lr3e-3_94f982/epochs/4
2026-02-06 10:42:28 | DEBUG    | Saving latest checkpoint
2026-02-06 10:42:29 | DEBUG    | Stepping scheduler
2026-02-06 10:42:29 | INFO     | [ssim_lr3e-3_94f982] Epoch 6/500 starting
2026-02-06 10:42:29 | DEBUG    | Starting training epoch 6 with 2205 batches (batch_log_interval=441)
2026-02-06 10:43:21 | DEBUG    |   Train batch 441/2205: loss=0.2508, time=[min=96.3, avg=101.0, max=113.4]ms
2026-02-06 10:44:07 | DEBUG    |   Train batch 882/2205: loss=0.2531, time=[min=95.0, avg=100.5, max=122.5]ms
2026-02-06 10:44:54 | DEBUG    |   Train batch 1323/2205: loss=0.2515, time=[min=94.3, avg=100.6, max=112.3]ms
2026-02-06 10:45:40 | DEBUG    |   Train batch 1764/2205: loss=0.2521, time=[min=92.5, avg=102.3, max=128.7]ms
2026-02-06 10:46:25 | DEBUG    |   Train batch 2205/2205: loss=0.2523, time=[min=91.3, avg=94.9, max=105.0]ms
2026-02-06 10:46:35 | DEBUG    | Training epoch 6 complete: avg_loss=0.2519, time=245.88s, avg_batch_time=99.9ms
2026-02-06 10:46:35 | DEBUG    | Starting validation epoch 6 with 553 batches (batch_log_interval=110)
2026-02-06 10:47:14 | DEBUG    |   Valid batch 110/553: loss=0.2684, time=[min=257.4, avg=310.7, max=340.1]ms
2026-02-06 10:47:48 | DEBUG    |   Valid batch 220/553: loss=0.2672, time=[min=285.0, avg=306.4, max=338.8]ms
2026-02-06 10:48:21 | DEBUG    |   Valid batch 330/553: loss=0.2654, time=[min=286.5, avg=301.9, max=343.6]ms
2026-02-06 10:48:54 | DEBUG    |   Valid batch 440/553: loss=0.2701, time=[min=284.1, avg=297.3, max=310.7]ms
2026-02-06 10:49:26 | DEBUG    |   Valid batch 550/553: loss=0.2716, time=[min=286.6, avg=297.5, max=305.9]ms
2026-02-06 10:49:37 | DEBUG    |   Per-crop SSIM: center=0.6832, corners=0.7541, edges=0.7210
2026-02-06 10:49:37 | DEBUG    | Validation epoch 6 complete: avg_loss=0.2685, time=182.42s, avg_batch_time=302.4ms
2026-02-06 10:49:37 | DEBUG    | Saving epochs CSV
2026-02-06 10:49:37 | INFO     | [ssim_lr3e-3_94f982] Epoch 6/500 completed: train_loss=0.2519, valid_loss=0.2685, best=0.2722, time=428.30s (train=245.88s, valid=182.42s), run_avg=456.18s (n=6)
2026-02-06 10:49:37 | DEBUG    | Learning rate: 0.003000
2026-02-06 10:49:37 | INFO     |   Metrics: ssim=0.7315, ms_ssim=0.8299, mae=0.0441, gradient_mae=0.1515, psnr=19.1004, ncc=13457576.0288
2026-02-06 10:49:37 | INFO     | New best validation loss: 0.2685 (prev: 0.2722)
2026-02-06 10:49:37 | DEBUG    | Saving best model checkpoint to experiments/train_nn1_cropped/ssim_lr3e-3_94f982/epochs/5
2026-02-06 10:49:37 | DEBUG    | Saving latest checkpoint
2026-02-06 10:49:38 | DEBUG    | Stepping scheduler
2026-02-06 10:49:38 | INFO     | [ssim_lr3e-3_94f982] Epoch 7/500 starting
2026-02-06 10:49:38 | DEBUG    | Starting training epoch 7 with 2205 batches (batch_log_interval=441)
2026-02-06 10:50:28 | DEBUG    |   Train batch 441/2205: loss=0.2512, time=[min=87.5, avg=93.5, max=111.8]ms
2026-02-06 10:51:12 | DEBUG    |   Train batch 882/2205: loss=0.2511, time=[min=88.1, avg=91.9, max=103.9]ms
2026-02-06 10:51:56 | DEBUG    |   Train batch 1323/2205: loss=0.2508, time=[min=88.3, avg=92.0, max=103.9]ms
2026-02-06 10:52:38 | DEBUG    |   Train batch 1764/2205: loss=0.2501, time=[min=88.3, avg=92.3, max=103.1]ms
2026-02-06 10:53:22 | DEBUG    |   Train batch 2205/2205: loss=0.2485, time=[min=88.5, avg=92.1, max=105.5]ms
2026-02-06 10:53:32 | DEBUG    | Training epoch 7 complete: avg_loss=0.2503, time=233.97s, avg_batch_time=92.4ms
2026-02-06 10:53:32 | DEBUG    | Starting validation epoch 7 with 553 batches (batch_log_interval=110)
2026-02-06 10:54:12 | DEBUG    |   Valid batch 110/553: loss=0.2671, time=[min=293.6, avg=314.0, max=388.7]ms
2026-02-06 10:54:46 | DEBUG    |   Valid batch 220/553: loss=0.2656, time=[min=298.3, avg=310.0, max=326.2]ms
2026-02-06 10:55:21 | DEBUG    |   Valid batch 330/553: loss=0.2641, time=[min=299.1, avg=314.5, max=372.6]ms
2026-02-06 10:55:55 | DEBUG    |   Valid batch 440/553: loss=0.2687, time=[min=299.4, avg=311.3, max=321.1]ms
2026-02-06 10:56:30 | DEBUG    |   Valid batch 550/553: loss=0.2702, time=[min=296.4, avg=315.2, max=378.0]ms
2026-02-06 10:56:40 | DEBUG    |   Per-crop SSIM: center=0.6849, corners=0.7554, edges=0.7224
2026-02-06 10:56:40 | DEBUG    | Validation epoch 7 complete: avg_loss=0.2671, time=188.33s, avg_batch_time=312.7ms
2026-02-06 10:56:40 | DEBUG    | Saving epochs CSV
2026-02-06 10:56:40 | INFO     | [ssim_lr3e-3_94f982] Epoch 7/500 completed: train_loss=0.2503, valid_loss=0.2671, best=0.2685, time=422.30s (train=233.97s, valid=188.33s), run_avg=451.34s (n=7)
2026-02-06 10:56:40 | DEBUG    | Learning rate: 0.003000
2026-02-06 10:56:40 | INFO     |   Metrics: ssim=0.7329, ms_ssim=0.8304, mae=0.0462, gradient_mae=0.1573, psnr=14.3864, ncc=16371624.7633
2026-02-06 10:56:40 | INFO     | New best validation loss: 0.2671 (prev: 0.2685)
2026-02-06 10:56:40 | DEBUG    | Saving best model checkpoint to experiments/train_nn1_cropped/ssim_lr3e-3_94f982/epochs/6
2026-02-06 10:56:41 | DEBUG    | Saving latest checkpoint
2026-02-06 10:56:41 | DEBUG    | Stepping scheduler
2026-02-06 10:56:41 | INFO     | [ssim_lr3e-3_94f982] Epoch 8/500 starting
2026-02-06 10:56:41 | DEBUG    | Starting training epoch 8 with 2205 batches (batch_log_interval=441)
2026-02-06 10:57:34 | DEBUG    |   Train batch 441/2205: loss=0.2486, time=[min=92.8, avg=98.0, max=117.6]ms
2026-02-06 10:58:20 | DEBUG    |   Train batch 882/2205: loss=0.2481, time=[min=88.0, avg=97.1, max=112.3]ms
2026-02-06 10:59:06 | DEBUG    |   Train batch 1323/2205: loss=0.2476, time=[min=92.0, avg=97.0, max=113.5]ms
2026-02-06 10:59:51 | DEBUG    |   Train batch 1764/2205: loss=0.2487, time=[min=90.2, avg=97.7, max=115.8]ms
2026-02-06 11:00:37 | DEBUG    |   Train batch 2205/2205: loss=0.2478, time=[min=92.5, avg=98.0, max=110.4]ms
2026-02-06 11:00:47 | DEBUG    | Training epoch 8 complete: avg_loss=0.2482, time=245.52s, avg_batch_time=97.5ms
2026-02-06 11:00:47 | DEBUG    | Starting validation epoch 8 with 553 batches (batch_log_interval=110)
2026-02-06 11:01:26 | DEBUG    |   Valid batch 110/553: loss=0.2662, time=[min=269.4, avg=305.5, max=381.9]ms
2026-02-06 11:01:59 | DEBUG    |   Valid batch 220/553: loss=0.2649, time=[min=295.2, avg=305.4, max=324.6]ms
2026-02-06 11:02:33 | DEBUG    |   Valid batch 330/553: loss=0.2634, time=[min=293.5, avg=307.7, max=370.3]ms
2026-02-06 11:03:06 | DEBUG    |   Valid batch 440/553: loss=0.2680, time=[min=281.2, avg=296.9, max=315.9]ms
2026-02-06 11:03:38 | DEBUG    |   Valid batch 550/553: loss=0.2693, time=[min=283.2, avg=296.7, max=336.3]ms
2026-02-06 11:03:49 | DEBUG    |   Per-crop SSIM: center=0.6857, corners=0.7562, edges=0.7233
2026-02-06 11:03:49 | DEBUG    | Validation epoch 8 complete: avg_loss=0.2663, time=182.32s, avg_batch_time=302.2ms
2026-02-06 11:03:49 | DEBUG    | Saving epochs CSV
2026-02-06 11:03:49 | INFO     | [ssim_lr3e-3_94f982] Epoch 8/500 completed: train_loss=0.2482, valid_loss=0.2663, best=0.2671, time=427.83s (train=245.52s, valid=182.32s), run_avg=448.41s (n=8)
2026-02-06 11:03:49 | DEBUG    | Learning rate: 0.003000
2026-02-06 11:03:49 | INFO     |   Metrics: ssim=0.7337, ms_ssim=0.8315, mae=0.0434, gradient_mae=0.1504, psnr=18.3953, ncc=5538487.2496
2026-02-06 11:03:49 | INFO     | New best validation loss: 0.2663 (prev: 0.2671)
2026-02-06 11:03:49 | DEBUG    | Saving best model checkpoint to experiments/train_nn1_cropped/ssim_lr3e-3_94f982/epochs/7
2026-02-06 11:03:50 | DEBUG    | Saving latest checkpoint
2026-02-06 11:03:50 | DEBUG    | Stepping scheduler
2026-02-06 11:03:50 | INFO     | [ssim_lr3e-3_94f982] Epoch 9/500 starting
2026-02-06 11:03:50 | DEBUG    | Starting training epoch 9 with 2205 batches (batch_log_interval=441)
2026-02-06 11:04:43 | DEBUG    |   Train batch 441/2205: loss=0.2470, time=[min=91.2, avg=99.9, max=115.1]ms
2026-02-06 11:05:30 | DEBUG    |   Train batch 882/2205: loss=0.2495, time=[min=92.9, avg=99.6, max=115.6]ms
2026-02-06 11:06:17 | DEBUG    |   Train batch 1323/2205: loss=0.2484, time=[min=92.0, avg=99.6, max=118.8]ms
2026-02-06 11:07:02 | DEBUG    |   Train batch 1764/2205: loss=0.2486, time=[min=88.4, avg=96.8, max=109.9]ms
2026-02-06 11:07:48 | DEBUG    |   Train batch 2205/2205: loss=0.2470, time=[min=90.3, avg=96.8, max=107.8]ms
2026-02-06 11:07:58 | DEBUG    | Training epoch 9 complete: avg_loss=0.2481, time=247.86s, avg_batch_time=98.5ms
2026-02-06 11:07:58 | DEBUG    | Starting validation epoch 9 with 553 batches (batch_log_interval=110)
2026-02-06 11:08:38 | DEBUG    |   Valid batch 110/553: loss=0.2646, time=[min=298.1, avg=313.5, max=375.0]ms
2026-02-06 11:09:12 | DEBUG    |   Valid batch 220/553: loss=0.2631, time=[min=298.7, avg=315.2, max=348.9]ms
2026-02-06 11:09:46 | DEBUG    |   Valid batch 330/553: loss=0.2616, time=[min=292.9, avg=308.9, max=320.2]ms
2026-02-06 11:10:21 | DEBUG    |   Valid batch 440/553: loss=0.2663, time=[min=296.6, avg=314.5, max=347.4]ms
2026-02-06 11:10:56 | DEBUG    |   Valid batch 550/553: loss=0.2677, time=[min=302.6, avg=318.7, max=351.4]ms
2026-02-06 11:11:07 | DEBUG    |   Per-crop SSIM: center=0.6875, corners=0.7578, edges=0.7250
2026-02-06 11:11:07 | DEBUG    | Validation epoch 9 complete: avg_loss=0.2646, time=188.95s, avg_batch_time=313.9ms
2026-02-06 11:11:07 | DEBUG    | Saving epochs CSV
2026-02-06 11:11:07 | INFO     | [ssim_lr3e-3_94f982] Epoch 9/500 completed: train_loss=0.2481, valid_loss=0.2646, best=0.2663, time=436.81s (train=247.86s, valid=188.95s), run_avg=447.12s (n=9)
2026-02-06 11:11:07 | DEBUG    | Learning rate: 0.003000
2026-02-06 11:11:07 | INFO     |   Metrics: ssim=0.7354, ms_ssim=0.8336, mae=0.0436, gradient_mae=0.1526, psnr=15.9341, ncc=14381050.9618
2026-02-06 11:11:07 | INFO     | New best validation loss: 0.2646 (prev: 0.2663)
2026-02-06 11:11:07 | DEBUG    | Saving best model checkpoint to experiments/train_nn1_cropped/ssim_lr3e-3_94f982/epochs/8
2026-02-06 11:11:07 | DEBUG    | Saving latest checkpoint
2026-02-06 11:11:08 | DEBUG    | Stepping scheduler
2026-02-06 11:11:08 | INFO     | [ssim_lr3e-3_94f982] Epoch 10/500 starting
2026-02-06 11:11:08 | DEBUG    | Starting training epoch 10 with 2205 batches (batch_log_interval=441)
2026-02-06 11:12:00 | DEBUG    |   Train batch 441/2205: loss=0.2449, time=[min=93.0, avg=100.1, max=114.7]ms
2026-02-06 11:12:45 | DEBUG    |   Train batch 882/2205: loss=0.2462, time=[min=92.3, avg=97.1, max=120.4]ms
2026-02-06 11:13:32 | DEBUG    |   Train batch 1323/2205: loss=0.2445, time=[min=92.3, avg=99.5, max=139.4]ms
2026-02-06 11:14:19 | DEBUG    |   Train batch 1764/2205: loss=0.2449, time=[min=92.1, avg=100.0, max=119.8]ms
2026-02-06 11:15:04 | DEBUG    |   Train batch 2205/2205: loss=0.2467, time=[min=91.6, avg=96.5, max=108.6]ms
2026-02-06 11:15:14 | DEBUG    | Training epoch 10 complete: avg_loss=0.2454, time=245.69s, avg_batch_time=98.6ms
2026-02-06 11:15:14 | DEBUG    | Starting validation epoch 10 with 553 batches (batch_log_interval=110)
2026-02-06 11:15:53 | DEBUG    |   Valid batch 110/553: loss=0.2658, time=[min=297.8, avg=310.0, max=373.1]ms
2026-02-06 11:16:27 | DEBUG    |   Valid batch 220/553: loss=0.2645, time=[min=293.6, avg=309.4, max=366.2]ms
2026-02-06 11:17:02 | DEBUG    |   Valid batch 330/553: loss=0.2631, time=[min=298.5, avg=314.7, max=360.6]ms
2026-02-06 11:17:37 | DEBUG    |   Valid batch 440/553: loss=0.2675, time=[min=302.0, avg=319.6, max=346.7]ms
2026-02-06 11:18:12 | DEBUG    |   Valid batch 550/553: loss=0.2689, time=[min=291.2, avg=321.1, max=342.6]ms
2026-02-06 11:18:23 | DEBUG    |   Per-crop SSIM: center=0.6865, corners=0.7564, edges=0.7237
2026-02-06 11:18:23 | DEBUG    | Validation epoch 10 complete: avg_loss=0.2659, time=189.14s, avg_batch_time=314.6ms
2026-02-06 11:18:23 | DEBUG    | Saving epochs CSV
2026-02-06 11:18:23 | INFO     | [ssim_lr3e-3_94f982] Epoch 10/500 completed: train_loss=0.2454, valid_loss=0.2659, best=0.2646, time=434.83s (train=245.69s, valid=189.14s), run_avg=445.89s (n=10)
2026-02-06 11:18:23 | DEBUG    | Learning rate: 0.003000
2026-02-06 11:18:23 | INFO     |   Metrics: ssim=0.7341, ms_ssim=0.8340, mae=0.0429, gradient_mae=0.1501, psnr=19.2073, ncc=10146336.5387
2026-02-06 11:18:23 | DEBUG    | Saving latest checkpoint
2026-02-06 11:18:23 | DEBUG    | Stepping scheduler
2026-02-06 11:18:23 | INFO     | [ssim_lr3e-3_94f982] Epoch 11/500 starting
2026-02-06 11:18:23 | DEBUG    | Starting training epoch 11 with 2205 batches (batch_log_interval=441)
2026-02-06 11:19:18 | DEBUG    |   Train batch 441/2205: loss=0.2455, time=[min=91.5, avg=98.5, max=115.0]ms
2026-02-06 11:20:06 | DEBUG    |   Train batch 882/2205: loss=0.2468, time=[min=96.1, avg=101.6, max=116.7]ms
2026-02-06 11:20:54 | DEBUG    |   Train batch 1323/2205: loss=0.2424, time=[min=93.8, avg=100.5, max=116.2]ms
2026-02-06 11:21:40 | DEBUG    |   Train batch 1764/2205: loss=0.2444, time=[min=93.3, avg=99.8, max=115.6]ms
2026-02-06 11:22:26 | DEBUG    |   Train batch 2205/2205: loss=0.2441, time=[min=90.8, avg=97.2, max=112.9]ms
2026-02-06 11:22:36 | DEBUG    | Training epoch 11 complete: avg_loss=0.2446, time=252.37s, avg_batch_time=99.5ms
2026-02-06 11:22:36 | DEBUG    | Starting validation epoch 11 with 553 batches (batch_log_interval=110)
2026-02-06 11:23:14 | DEBUG    |   Valid batch 110/553: loss=0.2621, time=[min=280.1, avg=300.6, max=352.3]ms
2026-02-06 11:23:48 | DEBUG    |   Valid batch 220/553: loss=0.2608, time=[min=295.3, avg=306.3, max=333.7]ms
2026-02-06 11:24:21 | DEBUG    |   Valid batch 330/553: loss=0.2593, time=[min=293.3, avg=307.7, max=319.3]ms
2026-02-06 11:24:55 | DEBUG    |   Valid batch 440/553: loss=0.2638, time=[min=297.4, avg=309.1, max=328.9]ms
2026-02-06 11:25:29 | DEBUG    |   Valid batch 550/553: loss=0.2652, time=[min=294.5, avg=306.6, max=331.0]ms
2026-02-06 11:25:40 | DEBUG    |   Per-crop SSIM: center=0.6902, corners=0.7601, edges=0.7275
2026-02-06 11:25:40 | DEBUG    | Validation epoch 11 complete: avg_loss=0.2622, time=184.17s, avg_batch_time=305.8ms
2026-02-06 11:25:40 | DEBUG    | Saving epochs CSV
2026-02-06 11:25:40 | INFO     | [ssim_lr3e-3_94f982] Epoch 11/500 completed: train_loss=0.2446, valid_loss=0.2622, best=0.2646, time=436.54s (train=252.37s, valid=184.17s), run_avg=445.04s (n=11)
2026-02-06 11:25:40 | DEBUG    | Learning rate: 0.002999
2026-02-06 11:25:40 | INFO     |   Metrics: ssim=0.7378, ms_ssim=0.8370, mae=0.0417, gradient_mae=0.1474, psnr=19.1478, ncc=18560530.4461
2026-02-06 11:25:40 | INFO     | New best validation loss: 0.2622 (prev: 0.2646)
2026-02-06 11:25:40 | DEBUG    | Saving best model checkpoint to experiments/train_nn1_cropped/ssim_lr3e-3_94f982/epochs/10
2026-02-06 11:25:40 | DEBUG    | Saving latest checkpoint
2026-02-06 11:25:41 | DEBUG    | Stepping scheduler
2026-02-06 11:25:41 | INFO     | [ssim_lr3e-3_94f982] Epoch 12/500 starting
2026-02-06 11:25:41 | DEBUG    | Starting training epoch 12 with 2205 batches (batch_log_interval=441)
2026-02-06 11:26:35 | DEBUG    |   Train batch 441/2205: loss=0.2424, time=[min=88.9, avg=100.4, max=118.1]ms
2026-02-06 11:27:26 | DEBUG    |   Train batch 882/2205: loss=0.2432, time=[min=94.6, avg=103.7, max=155.6]ms
2026-02-06 11:28:16 | DEBUG    |   Train batch 1323/2205: loss=0.2443, time=[min=97.1, avg=103.0, max=119.1]ms
2026-02-06 11:29:05 | DEBUG    |   Train batch 1764/2205: loss=0.2439, time=[min=95.1, avg=103.9, max=118.3]ms
2026-02-06 11:29:52 | DEBUG    |   Train batch 2205/2205: loss=0.2430, time=[min=88.6, avg=96.2, max=118.3]ms
2026-02-06 11:30:02 | DEBUG    | Training epoch 12 complete: avg_loss=0.2434, time=261.51s, avg_batch_time=101.4ms
2026-02-06 11:30:02 | DEBUG    | Starting validation epoch 12 with 553 batches (batch_log_interval=110)
2026-02-06 11:30:42 | DEBUG    |   Valid batch 110/553: loss=0.2653, time=[min=270.1, avg=310.8, max=377.7]ms
2026-02-06 11:31:16 | DEBUG    |   Valid batch 220/553: loss=0.2640, time=[min=286.7, avg=306.2, max=340.8]ms
2026-02-06 11:31:50 | DEBUG    |   Valid batch 330/553: loss=0.2626, time=[min=294.2, avg=311.2, max=354.8]ms
2026-02-06 11:32:26 | DEBUG    |   Valid batch 440/553: loss=0.2672, time=[min=302.5, avg=326.1, max=386.7]ms
2026-02-06 11:33:01 | DEBUG    |   Valid batch 550/553: loss=0.2683, time=[min=296.6, avg=320.0, max=382.2]ms
2026-02-06 11:33:12 | DEBUG    |   Per-crop SSIM: center=0.6866, corners=0.7570, edges=0.7241
2026-02-06 11:33:12 | DEBUG    | Validation epoch 12 complete: avg_loss=0.2654, time=189.28s, avg_batch_time=314.6ms
2026-02-06 11:33:12 | DEBUG    | Saving epochs CSV
2026-02-06 11:33:12 | INFO     | [ssim_lr3e-3_94f982] Epoch 12/500 completed: train_loss=0.2434, valid_loss=0.2654, best=0.2622, time=450.79s (train=261.51s, valid=189.28s), run_avg=445.52s (n=12)
2026-02-06 11:33:12 | DEBUG    | Learning rate: 0.002999
2026-02-06 11:33:12 | INFO     |   Metrics: ssim=0.7346, ms_ssim=0.8321, mae=0.0505, gradient_mae=0.1551, psnr=13.8798, ncc=17247072.2589
2026-02-06 11:33:12 | DEBUG    | Saving latest checkpoint
2026-02-06 11:33:12 | DEBUG    | Stepping scheduler
2026-02-06 11:33:12 | INFO     | [ssim_lr3e-3_94f982] Epoch 13/500 starting
2026-02-06 11:33:12 | DEBUG    | Starting training epoch 13 with 2205 batches (batch_log_interval=441)
2026-02-06 11:34:07 | DEBUG    |   Train batch 441/2205: loss=0.2433, time=[min=90.8, avg=98.7, max=112.4]ms
2026-02-06 11:34:57 | DEBUG    |   Train batch 882/2205: loss=0.2483, time=[min=93.1, avg=100.4, max=112.5]ms
2026-02-06 11:35:45 | DEBUG    |   Train batch 1323/2205: loss=0.2445, time=[min=92.4, avg=100.3, max=112.9]ms
2026-02-06 11:36:33 | DEBUG    |   Train batch 1764/2205: loss=0.2466, time=[min=93.6, avg=102.1, max=114.9]ms
2026-02-06 11:37:20 | DEBUG    |   Train batch 2205/2205: loss=0.2431, time=[min=89.1, avg=95.9, max=107.1]ms
2026-02-06 11:37:30 | DEBUG    | Training epoch 13 complete: avg_loss=0.2452, time=257.76s, avg_batch_time=99.5ms
2026-02-06 11:37:30 | DEBUG    | Starting validation epoch 13 with 553 batches (batch_log_interval=110)
2026-02-06 11:38:09 | DEBUG    |   Valid batch 110/553: loss=0.2612, time=[min=264.3, avg=309.5, max=361.5]ms
2026-02-06 11:38:42 | DEBUG    |   Valid batch 220/553: loss=0.2599, time=[min=284.7, avg=296.5, max=322.4]ms
2026-02-06 11:39:15 | DEBUG    |   Valid batch 330/553: loss=0.2583, time=[min=288.7, avg=298.2, max=305.0]ms
2026-02-06 11:39:47 | DEBUG    |   Valid batch 440/553: loss=0.2628, time=[min=285.9, avg=297.9, max=305.3]ms
2026-02-06 11:40:20 | DEBUG    |   Valid batch 550/553: loss=0.2642, time=[min=281.5, avg=292.9, max=306.7]ms
2026-02-06 11:40:30 | DEBUG    |   Per-crop SSIM: center=0.6913, corners=0.7610, edges=0.7285
2026-02-06 11:40:30 | DEBUG    | Validation epoch 13 complete: avg_loss=0.2612, time=180.41s, avg_batch_time=298.7ms
2026-02-06 11:40:30 | DEBUG    | Saving epochs CSV
2026-02-06 11:40:30 | INFO     | [ssim_lr3e-3_94f982] Epoch 13/500 completed: train_loss=0.2452, valid_loss=0.2612, best=0.2622, time=438.17s (train=257.76s, valid=180.41s), run_avg=444.95s (n=13)
2026-02-06 11:40:30 | DEBUG    | Learning rate: 0.002999
2026-02-06 11:40:30 | INFO     |   Metrics: ssim=0.7388, ms_ssim=0.8391, mae=0.0405, gradient_mae=0.1468, psnr=19.5676, ncc=11776737.9396
2026-02-06 11:40:30 | INFO     | New best validation loss: 0.2612 (prev: 0.2622)
2026-02-06 11:40:30 | DEBUG    | Saving best model checkpoint to experiments/train_nn1_cropped/ssim_lr3e-3_94f982/epochs/12
2026-02-06 11:40:31 | DEBUG    | Saving latest checkpoint
2026-02-06 11:40:31 | DEBUG    | Stepping scheduler
2026-02-06 11:40:31 | INFO     | [ssim_lr3e-3_94f982] Epoch 14/500 starting
2026-02-06 11:40:31 | DEBUG    | Starting training epoch 14 with 2205 batches (batch_log_interval=441)
2026-02-06 11:41:21 | DEBUG    |   Train batch 441/2205: loss=0.2423, time=[min=87.5, avg=91.6, max=103.5]ms
2026-02-06 11:42:06 | DEBUG    |   Train batch 882/2205: loss=0.2426, time=[min=88.1, avg=92.7, max=106.3]ms
2026-02-06 11:42:50 | DEBUG    |   Train batch 1323/2205: loss=0.2419, time=[min=87.7, avg=92.0, max=105.3]ms
2026-02-06 11:43:34 | DEBUG    |   Train batch 1764/2205: loss=0.2454, time=[min=87.9, avg=92.4, max=106.3]ms
2026-02-06 11:44:18 | DEBUG    |   Train batch 2205/2205: loss=0.2410, time=[min=87.5, avg=92.1, max=107.9]ms
2026-02-06 11:44:28 | DEBUG    | Training epoch 14 complete: avg_loss=0.2427, time=236.37s, avg_batch_time=92.2ms
2026-02-06 11:44:28 | DEBUG    | Starting validation epoch 14 with 553 batches (batch_log_interval=110)
2026-02-06 11:45:06 | DEBUG    |   Valid batch 110/553: loss=0.2615, time=[min=251.5, avg=298.3, max=339.1]ms
2026-02-06 11:45:38 | DEBUG    |   Valid batch 220/553: loss=0.2601, time=[min=284.3, avg=296.6, max=305.9]ms
2026-02-06 11:46:12 | DEBUG    |   Valid batch 330/553: loss=0.2588, time=[min=286.7, avg=303.7, max=339.8]ms
2026-02-06 11:46:45 | DEBUG    |   Valid batch 440/553: loss=0.2633, time=[min=290.4, avg=302.8, max=323.4]ms
2026-02-06 11:47:18 | DEBUG    |   Valid batch 550/553: loss=0.2646, time=[min=288.3, avg=303.5, max=341.3]ms
2026-02-06 11:47:29 | DEBUG    |   Per-crop SSIM: center=0.6912, corners=0.7606, edges=0.7280
2026-02-06 11:47:29 | DEBUG    | Validation epoch 14 complete: avg_loss=0.2616, time=181.41s, avg_batch_time=300.8ms
2026-02-06 11:47:29 | DEBUG    | Saving epochs CSV
2026-02-06 11:47:29 | INFO     | [ssim_lr3e-3_94f982] Epoch 14/500 completed: train_loss=0.2427, valid_loss=0.2616, best=0.2612, time=417.78s (train=236.37s, valid=181.41s), run_avg=443.01s (n=14)
2026-02-06 11:47:29 | DEBUG    | Learning rate: 0.002998
2026-02-06 11:47:29 | INFO     |   Metrics: ssim=0.7384, ms_ssim=0.8389, mae=0.0418, gradient_mae=0.1456, psnr=19.5306, ncc=17311903.7240
2026-02-06 11:47:29 | DEBUG    | Saving latest checkpoint
2026-02-06 11:47:30 | DEBUG    | Stepping scheduler
2026-02-06 11:47:30 | INFO     | [ssim_lr3e-3_94f982] Epoch 15/500 starting
2026-02-06 11:47:30 | DEBUG    | Starting training epoch 15 with 2205 batches (batch_log_interval=441)
2026-02-06 11:48:19 | DEBUG    |   Train batch 441/2205: loss=0.2409, time=[min=84.2, avg=92.2, max=109.6]ms
2026-02-06 11:49:04 | DEBUG    |   Train batch 882/2205: loss=0.2422, time=[min=88.7, avg=93.8, max=110.1]ms
2026-02-06 11:49:49 | DEBUG    |   Train batch 1323/2205: loss=0.2430, time=[min=88.9, avg=95.8, max=115.1]ms
2026-02-06 11:50:33 | DEBUG    |   Train batch 1764/2205: loss=0.2424, time=[min=88.3, avg=95.1, max=108.3]ms
2026-02-06 11:51:16 | DEBUG    |   Train batch 2205/2205: loss=0.2396, time=[min=88.0, avg=91.9, max=106.5]ms
2026-02-06 11:51:26 | DEBUG    | Training epoch 15 complete: avg_loss=0.2416, time=236.77s, avg_batch_time=93.8ms
2026-02-06 11:51:26 | DEBUG    | Starting validation epoch 15 with 553 batches (batch_log_interval=110)
2026-02-06 11:52:04 | DEBUG    |   Valid batch 110/553: loss=0.2612, time=[min=250.0, avg=294.5, max=337.6]ms
2026-02-06 11:52:37 | DEBUG    |   Valid batch 220/553: loss=0.2600, time=[min=287.8, avg=299.1, max=324.7]ms
2026-02-06 11:53:10 | DEBUG    |   Valid batch 330/553: loss=0.2585, time=[min=284.8, avg=298.0, max=316.1]ms
2026-02-06 11:53:44 | DEBUG    |   Valid batch 440/553: loss=0.2629, time=[min=287.1, avg=310.4, max=342.9]ms
2026-02-06 11:54:19 | DEBUG    |   Valid batch 550/553: loss=0.2641, time=[min=300.1, avg=318.1, max=342.7]ms
2026-02-06 11:54:30 | DEBUG    |   Per-crop SSIM: center=0.6912, corners=0.7609, edges=0.7284
2026-02-06 11:54:30 | DEBUG    | Validation epoch 15 complete: avg_loss=0.2613, time=183.07s, avg_batch_time=303.8ms
2026-02-06 11:54:30 | DEBUG    | Saving epochs CSV
2026-02-06 11:54:30 | INFO     | [ssim_lr3e-3_94f982] Epoch 15/500 completed: train_loss=0.2416, valid_loss=0.2613, best=0.2612, time=419.84s (train=236.77s, valid=183.07s), run_avg=441.47s (n=15)
2026-02-06 11:54:30 | DEBUG    | Learning rate: 0.002998
2026-02-06 11:54:30 | INFO     |   Metrics: ssim=0.7387, ms_ssim=0.8396, mae=0.0407, gradient_mae=0.1471, psnr=19.6443, ncc=16954015.2805
2026-02-06 11:54:30 | DEBUG    | Saving latest checkpoint
2026-02-06 11:54:30 | DEBUG    | Stepping scheduler
2026-02-06 11:54:30 | INFO     | [ssim_lr3e-3_94f982] Epoch 16/500 starting
2026-02-06 11:54:30 | DEBUG    | Starting training epoch 16 with 2205 batches (batch_log_interval=441)
2026-02-06 11:55:21 | DEBUG    |   Train batch 441/2205: loss=0.2402, time=[min=94.1, avg=97.9, max=110.4]ms
2026-02-06 11:56:06 | DEBUG    |   Train batch 882/2205: loss=0.2420, time=[min=94.2, avg=98.5, max=110.8]ms
2026-02-06 11:56:51 | DEBUG    |   Train batch 1323/2205: loss=0.2414, time=[min=93.7, avg=97.5, max=108.9]ms
2026-02-06 11:57:35 | DEBUG    |   Train batch 1764/2205: loss=0.2438, time=[min=89.9, avg=97.2, max=111.5]ms
2026-02-06 11:58:19 | DEBUG    |   Train batch 2205/2205: loss=0.2404, time=[min=93.7, avg=97.6, max=117.5]ms
2026-02-06 11:58:29 | DEBUG    | Training epoch 16 complete: avg_loss=0.2416, time=238.87s, avg_batch_time=97.7ms
2026-02-06 11:58:29 | DEBUG    | Starting validation epoch 16 with 553 batches (batch_log_interval=110)
2026-02-06 11:59:08 | DEBUG    |   Valid batch 110/553: loss=0.2597, time=[min=290.3, avg=305.8, max=352.6]ms
2026-02-06 11:59:42 | DEBUG    |   Valid batch 220/553: loss=0.2583, time=[min=294.7, avg=309.1, max=321.2]ms
2026-02-06 12:00:16 | DEBUG    |   Valid batch 330/553: loss=0.2570, time=[min=294.6, avg=309.1, max=317.0]ms
2026-02-06 12:00:50 | DEBUG    |   Valid batch 440/553: loss=0.2616, time=[min=296.1, avg=307.6, max=337.2]ms
2026-02-06 12:01:24 | DEBUG    |   Valid batch 550/553: loss=0.2627, time=[min=296.2, avg=309.1, max=320.5]ms
2026-02-06 12:01:34 | DEBUG    |   Per-crop SSIM: center=0.6931, corners=0.7622, edges=0.7299
2026-02-06 12:01:34 | DEBUG    | Validation epoch 16 complete: avg_loss=0.2598, time=185.35s, avg_batch_time=307.9ms
2026-02-06 12:01:34 | DEBUG    | Saving epochs CSV
2026-02-06 12:01:34 | INFO     | [ssim_lr3e-3_94f982] Epoch 16/500 completed: train_loss=0.2416, valid_loss=0.2598, best=0.2612, time=424.22s (train=238.87s, valid=185.35s), run_avg=440.39s (n=16)
2026-02-06 12:01:34 | DEBUG    | Learning rate: 0.002997
2026-02-06 12:01:34 | INFO     |   Metrics: ssim=0.7402, ms_ssim=0.8415, mae=0.0397, gradient_mae=0.1468, psnr=19.7064, ncc=16040821.1961
2026-02-06 12:01:34 | INFO     | New best validation loss: 0.2598 (prev: 0.2612)
2026-02-06 12:01:34 | DEBUG    | Saving best model checkpoint to experiments/train_nn1_cropped/ssim_lr3e-3_94f982/epochs/15
2026-02-06 12:01:35 | DEBUG    | Saving latest checkpoint
2026-02-06 12:01:36 | DEBUG    | Stepping scheduler
2026-02-06 12:01:36 | INFO     | [ssim_lr3e-3_94f982] Epoch 17/500 starting
2026-02-06 12:01:36 | DEBUG    | Starting training epoch 17 with 2205 batches (batch_log_interval=441)
2026-02-06 12:02:26 | DEBUG    |   Train batch 441/2205: loss=0.2388, time=[min=93.8, avg=97.9, max=110.0]ms
2026-02-06 12:03:15 | DEBUG    |   Train batch 882/2205: loss=0.2420, time=[min=91.0, avg=104.5, max=237.5]ms
2026-02-06 12:05:35 | DEBUG    |   Train batch 1323/2205: loss=0.2406, time=[min=104.8, avg=181.5, max=276.1]ms
2026-02-06 12:08:11 | DEBUG    |   Train batch 1764/2205: loss=0.2413, time=[min=106.3, avg=180.0, max=364.2]ms
2026-02-06 12:10:48 | DEBUG    |   Train batch 2205/2205: loss=0.2400, time=[min=113.2, avg=179.8, max=265.3]ms
2026-02-06 12:10:58 | DEBUG    | Training epoch 17 complete: avg_loss=0.2405, time=562.07s, avg_batch_time=148.7ms
2026-02-06 12:10:58 | DEBUG    | Starting validation epoch 17 with 553 batches (batch_log_interval=110)
2026-02-06 12:12:17 | DEBUG    |   Valid batch 110/553: loss=0.2607, time=[min=335.2, avg=565.9, max=993.0]ms
2026-02-06 12:13:19 | DEBUG    |   Valid batch 220/553: loss=0.2593, time=[min=330.3, avg=553.6, max=902.5]ms
2026-02-06 12:14:22 | DEBUG    |   Valid batch 330/553: loss=0.2581, time=[min=340.9, avg=569.7, max=956.4]ms
2026-02-06 12:15:24 | DEBUG    |   Valid batch 440/553: loss=0.2622, time=[min=339.5, avg=560.1, max=956.2]ms
2026-02-06 12:16:25 | DEBUG    |   Valid batch 550/553: loss=0.2637, time=[min=328.8, avg=555.2, max=903.3]ms
2026-02-06 12:16:37 | DEBUG    |   Per-crop SSIM: center=0.6923, corners=0.7613, edges=0.7290
2026-02-06 12:16:37 | DEBUG    | Validation epoch 17 complete: avg_loss=0.2607, time=338.41s, avg_batch_time=560.5ms
2026-02-06 12:16:37 | DEBUG    | Saving epochs CSV
2026-02-06 12:16:37 | INFO     | [ssim_lr3e-3_94f982] Epoch 17/500 completed: train_loss=0.2405, valid_loss=0.2607, best=0.2598, time=900.48s (train=562.07s, valid=338.41s), run_avg=467.45s (n=17)
2026-02-06 12:16:37 | DEBUG    | Learning rate: 0.002996
2026-02-06 12:16:37 | INFO     |   Metrics: ssim=0.7393, ms_ssim=0.8410, mae=0.0403, gradient_mae=0.1454, psnr=19.6731, ncc=15746741.1725
2026-02-06 12:16:37 | DEBUG    | Saving latest checkpoint
2026-02-06 12:16:38 | DEBUG    | Stepping scheduler
2026-02-06 12:16:38 | INFO     | [ssim_lr3e-3_94f982] Epoch 18/500 starting
2026-02-06 12:16:38 | DEBUG    | Starting training epoch 18 with 2205 batches (batch_log_interval=441)
2026-02-06 12:19:27 | DEBUG    |   Train batch 441/2205: loss=0.2406, time=[min=103.6, avg=181.6, max=289.1]ms
2026-02-06 12:22:03 | DEBUG    |   Train batch 882/2205: loss=0.2418, time=[min=105.7, avg=177.6, max=241.8]ms
2026-02-06 12:23:37 | DEBUG    |   Train batch 1323/2205: loss=0.2408, time=[min=84.9, avg=125.2, max=234.8]ms
2026-02-06 12:24:26 | DEBUG    |   Train batch 1764/2205: loss=0.2419, time=[min=87.8, avg=92.8, max=106.8]ms
2026-02-06 12:25:16 | DEBUG    |   Train batch 2205/2205: loss=0.2381, time=[min=87.9, avg=93.7, max=108.8]ms
2026-02-06 12:25:26 | DEBUG    | Training epoch 18 complete: avg_loss=0.2406, time=527.24s, avg_batch_time=134.2ms
2026-02-06 12:25:26 | DEBUG    | Starting validation epoch 18 with 553 batches (batch_log_interval=110)
2026-02-06 12:26:04 | DEBUG    |   Valid batch 110/553: loss=0.2585, time=[min=257.9, avg=300.6, max=346.9]ms
2026-02-06 12:26:38 | DEBUG    |   Valid batch 220/553: loss=0.2572, time=[min=288.2, avg=305.6, max=327.8]ms
2026-02-06 12:27:11 | DEBUG    |   Valid batch 330/553: loss=0.2558, time=[min=291.7, avg=305.8, max=341.6]ms
2026-02-06 12:27:45 | DEBUG    |   Valid batch 440/553: loss=0.2602, time=[min=290.7, avg=309.4, max=342.1]ms
2026-02-06 12:28:20 | DEBUG    |   Valid batch 550/553: loss=0.2615, time=[min=295.7, avg=310.6, max=331.1]ms
2026-02-06 12:28:30 | DEBUG    |   Per-crop SSIM: center=0.6943, corners=0.7635, edges=0.7312
2026-02-06 12:28:30 | DEBUG    | Validation epoch 18 complete: avg_loss=0.2586, time=184.86s, avg_batch_time=306.1ms
2026-02-06 12:28:30 | DEBUG    | Saving epochs CSV
2026-02-06 12:28:30 | INFO     | [ssim_lr3e-3_94f982] Epoch 18/500 completed: train_loss=0.2406, valid_loss=0.2586, best=0.2598, time=712.10s (train=527.24s, valid=184.86s), run_avg=481.04s (n=18)
2026-02-06 12:28:30 | DEBUG    | Learning rate: 0.002996
2026-02-06 12:28:30 | INFO     |   Metrics: ssim=0.7414, ms_ssim=0.8432, mae=0.0401, gradient_mae=0.1459, psnr=19.7300, ncc=17704801.4247
2026-02-06 12:28:30 | INFO     | New best validation loss: 0.2586 (prev: 0.2598)
2026-02-06 12:28:30 | DEBUG    | Saving best model checkpoint to experiments/train_nn1_cropped/ssim_lr3e-3_94f982/epochs/17
2026-02-06 12:28:31 | DEBUG    | Saving latest checkpoint
2026-02-06 12:28:31 | DEBUG    | Stepping scheduler
2026-02-06 12:28:31 | INFO     | [ssim_lr3e-3_94f982] Epoch 19/500 starting
2026-02-06 12:28:31 | DEBUG    | Starting training epoch 19 with 2205 batches (batch_log_interval=441)
2026-02-06 12:29:52 | DEBUG    |   Train batch 441/2205: loss=0.2385, time=[min=89.3, avg=117.3, max=247.3]ms
2026-02-06 12:30:43 | DEBUG    |   Train batch 882/2205: loss=0.2415, time=[min=89.7, avg=98.3, max=114.5]ms
2026-02-06 12:31:32 | DEBUG    |   Train batch 1323/2205: loss=0.2397, time=[min=88.9, avg=97.3, max=112.0]ms
2026-02-06 12:32:26 | DEBUG    |   Train batch 1764/2205: loss=0.2410, time=[min=95.0, avg=104.1, max=120.6]ms
2026-02-06 12:33:17 | DEBUG    |   Train batch 2205/2205: loss=0.2390, time=[min=89.0, avg=97.5, max=122.0]ms
2026-02-06 12:33:27 | DEBUG    | Training epoch 19 complete: avg_loss=0.2399, time=295.31s, avg_batch_time=102.9ms
2026-02-06 12:33:27 | DEBUG    | Starting validation epoch 19 with 553 batches (batch_log_interval=110)
2026-02-06 12:34:08 | DEBUG    |   Valid batch 110/553: loss=0.2595, time=[min=284.0, avg=330.1, max=389.1]ms
2026-02-06 12:34:43 | DEBUG    |   Valid batch 220/553: loss=0.2580, time=[min=294.3, avg=315.1, max=350.3]ms
2026-02-06 12:35:18 | DEBUG    |   Valid batch 330/553: loss=0.2567, time=[min=282.1, avg=318.1, max=366.0]ms
2026-02-06 12:35:53 | DEBUG    |   Valid batch 440/553: loss=0.2610, time=[min=305.2, avg=318.8, max=364.1]ms
2026-02-06 12:36:28 | DEBUG    |   Valid batch 550/553: loss=0.2622, time=[min=297.7, avg=318.2, max=345.9]ms
2026-02-06 12:36:39 | DEBUG    |   Per-crop SSIM: center=0.6935, corners=0.7626, edges=0.7303
2026-02-06 12:36:39 | DEBUG    | Validation epoch 19 complete: avg_loss=0.2594, time=192.51s, avg_batch_time=319.7ms
2026-02-06 12:36:39 | DEBUG    | Saving epochs CSV
2026-02-06 12:36:39 | INFO     | [ssim_lr3e-3_94f982] Epoch 19/500 completed: train_loss=0.2399, valid_loss=0.2594, best=0.2586, time=487.82s (train=295.31s, valid=192.51s), run_avg=481.40s (n=19)
2026-02-06 12:36:39 | DEBUG    | Learning rate: 0.002995
2026-02-06 12:36:39 | INFO     |   Metrics: ssim=0.7406, ms_ssim=0.8420, mae=0.0423, gradient_mae=0.1452, psnr=19.6242, ncc=19487839.9608
2026-02-06 12:36:39 | DEBUG    | Saving latest checkpoint
2026-02-06 12:36:40 | DEBUG    | Stepping scheduler
2026-02-06 12:36:40 | INFO     | [ssim_lr3e-3_94f982] Epoch 20/500 starting
2026-02-06 12:36:40 | DEBUG    | Starting training epoch 20 with 2205 batches (batch_log_interval=441)
2026-02-06 12:37:35 | DEBUG    |   Train batch 441/2205: loss=0.2381, time=[min=92.3, avg=97.4, max=110.3]ms
2026-02-06 12:38:24 | DEBUG    |   Train batch 882/2205: loss=0.2395, time=[min=92.4, avg=99.2, max=114.7]ms
2026-02-06 12:39:14 | DEBUG    |   Train batch 1323/2205: loss=0.2399, time=[min=92.1, avg=102.1, max=116.6]ms
2026-02-06 12:40:01 | DEBUG    |   Train batch 1764/2205: loss=0.2415, time=[min=91.2, avg=96.1, max=110.9]ms
2026-02-06 12:40:51 | DEBUG    |   Train batch 2205/2205: loss=0.2386, time=[min=88.0, avg=98.3, max=118.7]ms
2026-02-06 12:41:01 | DEBUG    | Training epoch 20 complete: avg_loss=0.2395, time=261.23s, avg_batch_time=98.6ms
2026-02-06 12:41:01 | DEBUG    | Starting validation epoch 20 with 553 batches (batch_log_interval=110)
2026-02-06 12:41:41 | DEBUG    |   Valid batch 110/553: loss=0.2580, time=[min=287.0, avg=312.6, max=402.4]ms
2026-02-06 12:42:15 | DEBUG    |   Valid batch 220/553: loss=0.2565, time=[min=290.0, avg=310.9, max=334.6]ms
2026-02-06 12:42:50 | DEBUG    |   Valid batch 330/553: loss=0.2553, time=[min=287.6, avg=315.8, max=353.9]ms
2026-02-06 12:43:25 | DEBUG    |   Valid batch 440/553: loss=0.2596, time=[min=275.0, avg=318.0, max=347.5]ms
2026-02-06 12:43:59 | DEBUG    |   Valid batch 550/553: loss=0.2609, time=[min=292.1, avg=312.5, max=342.0]ms
2026-02-06 12:44:10 | DEBUG    |   Per-crop SSIM: center=0.6949, corners=0.7640, edges=0.7318
2026-02-06 12:44:10 | DEBUG    | Validation epoch 20 complete: avg_loss=0.2580, time=189.08s, avg_batch_time=313.6ms
2026-02-06 12:44:10 | DEBUG    | Saving epochs CSV
2026-02-06 12:44:10 | INFO     | [ssim_lr3e-3_94f982] Epoch 20/500 completed: train_loss=0.2395, valid_loss=0.2580, best=0.2586, time=450.32s (train=261.23s, valid=189.08s), run_avg=479.85s (n=20)
2026-02-06 12:44:10 | DEBUG    | Learning rate: 0.002994
2026-02-06 12:44:10 | INFO     |   Metrics: ssim=0.7420, ms_ssim=0.8425, mae=0.0399, gradient_mae=0.1446, psnr=19.6901, ncc=23233709.2238
2026-02-06 12:44:10 | INFO     | New best validation loss: 0.2580 (prev: 0.2586)
2026-02-06 12:44:10 | DEBUG    | Saving best model checkpoint to experiments/train_nn1_cropped/ssim_lr3e-3_94f982/epochs/19
2026-02-06 12:44:11 | DEBUG    | Saving latest checkpoint
2026-02-06 12:44:11 | DEBUG    | Stepping scheduler
2026-02-06 12:44:11 | INFO     | [ssim_lr3e-3_94f982] Epoch 21/500 starting
2026-02-06 12:44:11 | DEBUG    | Starting training epoch 21 with 2205 batches (batch_log_interval=441)
2026-02-06 12:45:06 | DEBUG    |   Train batch 441/2205: loss=0.2387, time=[min=89.3, avg=98.5, max=118.3]ms
2026-02-06 12:45:53 | DEBUG    |   Train batch 882/2205: loss=0.2404, time=[min=88.4, avg=96.2, max=122.5]ms
2026-02-06 12:46:41 | DEBUG    |   Train batch 1323/2205: loss=0.2390, time=[min=92.3, avg=97.5, max=110.8]ms
2026-02-06 12:47:27 | DEBUG    |   Train batch 1764/2205: loss=0.2392, time=[min=89.0, avg=97.2, max=116.6]ms
2026-02-06 12:48:17 | DEBUG    |   Train batch 2205/2205: loss=0.2403, time=[min=88.0, avg=98.2, max=119.4]ms
2026-02-06 12:48:27 | DEBUG    | Training epoch 21 complete: avg_loss=0.2395, time=255.49s, avg_batch_time=97.5ms
2026-02-06 12:48:27 | DEBUG    | Starting validation epoch 21 with 553 batches (batch_log_interval=110)
2026-02-06 12:49:07 | DEBUG    |   Valid batch 110/553: loss=0.2586, time=[min=297.0, avg=313.6, max=389.1]ms
2026-02-06 12:49:41 | DEBUG    |   Valid batch 220/553: loss=0.2572, time=[min=291.7, avg=315.7, max=351.1]ms
2026-02-06 12:50:17 | DEBUG    |   Valid batch 330/553: loss=0.2558, time=[min=305.3, avg=319.4, max=344.1]ms
2026-02-06 12:50:52 | DEBUG    |   Valid batch 440/553: loss=0.2602, time=[min=296.5, avg=318.2, max=335.6]ms
2026-02-06 12:51:27 | DEBUG    |   Valid batch 550/553: loss=0.2615, time=[min=306.1, avg=319.2, max=354.4]ms
2026-02-06 12:51:38 | DEBUG    |   Per-crop SSIM: center=0.6944, corners=0.7634, edges=0.7312
2026-02-06 12:51:38 | DEBUG    | Validation epoch 21 complete: avg_loss=0.2586, time=190.88s, avg_batch_time=317.0ms
2026-02-06 12:51:38 | DEBUG    | Saving epochs CSV
2026-02-06 12:51:38 | INFO     | [ssim_lr3e-3_94f982] Epoch 21/500 completed: train_loss=0.2395, valid_loss=0.2586, best=0.2580, time=446.36s (train=255.49s, valid=190.88s), run_avg=478.25s (n=21)
2026-02-06 12:51:38 | DEBUG    | Learning rate: 0.002993
2026-02-06 12:51:38 | INFO     |   Metrics: ssim=0.7414, ms_ssim=0.8420, mae=0.0400, gradient_mae=0.1447, psnr=19.7060, ncc=14718283.6018
2026-02-06 12:51:38 | DEBUG    | Saving latest checkpoint
2026-02-06 12:51:38 | DEBUG    | Stepping scheduler
2026-02-06 12:51:38 | INFO     | [ssim_lr3e-3_94f982] Epoch 22/500 starting
2026-02-06 12:51:38 | DEBUG    | Starting training epoch 22 with 2205 batches (batch_log_interval=441)
2026-02-06 12:52:31 | DEBUG    |   Train batch 441/2205: loss=0.2387, time=[min=88.6, avg=96.1, max=119.1]ms
2026-02-06 12:53:19 | DEBUG    |   Train batch 882/2205: loss=0.2386, time=[min=91.8, avg=101.3, max=118.0]ms
2026-02-06 12:54:08 | DEBUG    |   Train batch 1323/2205: loss=0.2396, time=[min=91.9, avg=99.5, max=114.6]ms
2026-02-06 12:54:56 | DEBUG    |   Train batch 1764/2205: loss=0.2410, time=[min=92.6, avg=99.2, max=119.4]ms
2026-02-06 12:55:42 | DEBUG    |   Train batch 2205/2205: loss=0.2373, time=[min=92.0, avg=96.5, max=111.4]ms
2026-02-06 12:55:52 | DEBUG    | Training epoch 22 complete: avg_loss=0.2390, time=254.00s, avg_batch_time=98.5ms
2026-02-06 12:55:52 | DEBUG    | Starting validation epoch 22 with 553 batches (batch_log_interval=110)
2026-02-06 12:56:31 | DEBUG    |   Valid batch 110/553: loss=0.2583, time=[min=291.8, avg=308.7, max=368.5]ms
2026-02-06 12:57:05 | DEBUG    |   Valid batch 220/553: loss=0.2573, time=[min=286.8, avg=308.1, max=369.2]ms
2026-02-06 12:57:41 | DEBUG    |   Valid batch 330/553: loss=0.2558, time=[min=311.5, avg=325.2, max=349.9]ms
2026-02-06 12:58:17 | DEBUG    |   Valid batch 440/553: loss=0.2602, time=[min=274.2, avg=324.7, max=382.8]ms
2026-02-06 12:58:53 | DEBUG    |   Valid batch 550/553: loss=0.2616, time=[min=302.3, avg=327.2, max=368.7]ms
2026-02-06 12:59:04 | DEBUG    |   Per-crop SSIM: center=0.6951, corners=0.7631, edges=0.7314
2026-02-06 12:59:04 | DEBUG    | Validation epoch 22 complete: avg_loss=0.2586, time=191.42s, avg_batch_time=318.5ms
2026-02-06 12:59:04 | DEBUG    | Saving epochs CSV
2026-02-06 12:59:04 | INFO     | [ssim_lr3e-3_94f982] Epoch 22/500 completed: train_loss=0.2390, valid_loss=0.2586, best=0.2580, time=445.42s (train=254.00s, valid=191.42s), run_avg=476.76s (n=22)
2026-02-06 12:59:04 | DEBUG    | Learning rate: 0.002992
2026-02-06 12:59:04 | INFO     |   Metrics: ssim=0.7414, ms_ssim=0.8425, mae=0.0407, gradient_mae=0.1449, psnr=19.6624, ncc=18598406.7695
2026-02-06 12:59:04 | DEBUG    | Saving latest checkpoint
2026-02-06 12:59:04 | DEBUG    | Stepping scheduler
2026-02-06 12:59:04 | INFO     | [ssim_lr3e-3_94f982] Epoch 23/500 starting
2026-02-06 12:59:04 | DEBUG    | Starting training epoch 23 with 2205 batches (batch_log_interval=441)
2026-02-06 13:00:01 | DEBUG    |   Train batch 441/2205: loss=0.2373, time=[min=90.0, avg=101.1, max=117.1]ms
2026-02-06 13:00:50 | DEBUG    |   Train batch 882/2205: loss=0.2410, time=[min=92.5, avg=100.3, max=115.6]ms
2026-02-06 13:01:37 | DEBUG    |   Train batch 1323/2205: loss=0.2390, time=[min=92.6, avg=97.6, max=113.5]ms
2026-02-06 13:02:23 | DEBUG    |   Train batch 1764/2205: loss=0.2386, time=[min=88.8, avg=96.2, max=115.4]ms
2026-02-06 13:03:08 | DEBUG    |   Train batch 2205/2205: loss=0.2382, time=[min=87.9, avg=92.9, max=106.9]ms
2026-02-06 13:03:18 | DEBUG    | Training epoch 23 complete: avg_loss=0.2388, time=254.10s, avg_batch_time=97.6ms
2026-02-06 13:03:18 | DEBUG    | Starting validation epoch 23 with 553 batches (batch_log_interval=110)
2026-02-06 13:03:57 | DEBUG    |   Valid batch 110/553: loss=0.2579, time=[min=268.6, avg=306.1, max=362.2]ms
2026-02-06 13:04:31 | DEBUG    |   Valid batch 220/553: loss=0.2566, time=[min=292.3, avg=308.6, max=338.0]ms
2026-02-06 13:05:05 | DEBUG    |   Valid batch 330/553: loss=0.2554, time=[min=289.7, avg=306.8, max=329.4]ms
2026-02-06 13:05:38 | DEBUG    |   Valid batch 440/553: loss=0.2598, time=[min=287.7, avg=302.4, max=334.0]ms
2026-02-06 13:06:11 | DEBUG    |   Valid batch 550/553: loss=0.2609, time=[min=283.5, avg=297.4, max=321.9]ms
2026-02-06 13:06:22 | DEBUG    |   Per-crop SSIM: center=0.6948, corners=0.7640, edges=0.7317
2026-02-06 13:06:22 | DEBUG    | Validation epoch 23 complete: avg_loss=0.2581, time=183.34s, avg_batch_time=303.9ms
2026-02-06 13:06:22 | DEBUG    | Saving epochs CSV
2026-02-06 13:06:22 | INFO     | [ssim_lr3e-3_94f982] Epoch 23/500 completed: train_loss=0.2388, valid_loss=0.2581, best=0.2580, time=437.45s (train=254.10s, valid=183.34s), run_avg=475.05s (n=23)
2026-02-06 13:06:22 | DEBUG    | Learning rate: 0.002991
2026-02-06 13:06:22 | INFO     |   Metrics: ssim=0.7419, ms_ssim=0.8434, mae=0.0415, gradient_mae=0.1451, psnr=19.7164, ncc=13987684.8268
2026-02-06 13:06:22 | DEBUG    | Saving latest checkpoint
2026-02-06 13:06:22 | DEBUG    | Stepping scheduler
2026-02-06 13:06:22 | INFO     | [ssim_lr3e-3_94f982] Epoch 24/500 starting
2026-02-06 13:06:22 | DEBUG    | Starting training epoch 24 with 2205 batches (batch_log_interval=441)
2026-02-06 13:07:15 | DEBUG    |   Train batch 441/2205: loss=0.2378, time=[min=85.0, avg=94.3, max=115.6]ms
2026-02-06 13:08:02 | DEBUG    |   Train batch 882/2205: loss=0.2394, time=[min=88.4, avg=95.8, max=118.2]ms
2026-02-06 13:08:49 | DEBUG    |   Train batch 1323/2205: loss=0.2388, time=[min=88.8, avg=95.3, max=118.9]ms
2026-02-06 13:09:39 | DEBUG    |   Train batch 1764/2205: loss=0.2383, time=[min=89.2, avg=97.6, max=233.2]ms
2026-02-06 13:10:26 | DEBUG    |   Train batch 2205/2205: loss=0.2386, time=[min=88.1, avg=94.1, max=110.4]ms
2026-02-06 13:10:36 | DEBUG    | Training epoch 24 complete: avg_loss=0.2386, time=254.21s, avg_batch_time=95.4ms
2026-02-06 13:10:36 | DEBUG    | Starting validation epoch 24 with 553 batches (batch_log_interval=110)
2026-02-06 13:11:15 | DEBUG    |   Valid batch 110/553: loss=0.2584, time=[min=279.4, avg=297.8, max=353.1]ms
2026-02-06 13:11:48 | DEBUG    |   Valid batch 220/553: loss=0.2570, time=[min=253.0, avg=303.9, max=338.2]ms
2026-02-06 13:12:24 | DEBUG    |   Valid batch 330/553: loss=0.2557, time=[min=292.4, avg=326.4, max=921.5]ms
2026-02-06 13:13:08 | DEBUG    |   Valid batch 440/553: loss=0.2600, time=[min=287.8, avg=402.7, max=851.4]ms
2026-02-06 13:14:03 | DEBUG    |   Valid batch 550/553: loss=0.2611, time=[min=291.5, avg=489.8, max=852.4]ms
2026-02-06 13:14:13 | DEBUG    |   Per-crop SSIM: center=0.6946, corners=0.7636, edges=0.7314
2026-02-06 13:14:13 | DEBUG    | Validation epoch 24 complete: avg_loss=0.2584, time=216.84s, avg_batch_time=363.5ms
2026-02-06 13:14:13 | DEBUG    | Saving epochs CSV
2026-02-06 13:14:13 | INFO     | [ssim_lr3e-3_94f982] Epoch 24/500 completed: train_loss=0.2386, valid_loss=0.2584, best=0.2580, time=471.05s (train=254.21s, valid=216.84s), run_avg=474.88s (n=24)
2026-02-06 13:14:13 | DEBUG    | Learning rate: 0.002990
2026-02-06 13:14:13 | INFO     |   Metrics: ssim=0.7416, ms_ssim=0.8426, mae=0.0397, gradient_mae=0.1461, psnr=19.6903, ncc=13920725.9282
2026-02-06 13:14:13 | DEBUG    | Saving latest checkpoint
2026-02-06 13:14:14 | DEBUG    | Stepping scheduler
2026-02-06 13:14:14 | INFO     | [ssim_lr3e-3_94f982] Epoch 25/500 starting
2026-02-06 13:14:14 | DEBUG    | Starting training epoch 25 with 2205 batches (batch_log_interval=441)
2026-02-06 13:15:07 | DEBUG    |   Train batch 441/2205: loss=0.2379, time=[min=87.7, avg=92.6, max=111.3]ms
2026-02-06 13:15:57 | DEBUG    |   Train batch 882/2205: loss=0.2383, time=[min=88.7, avg=95.6, max=190.0]ms
2026-02-06 13:16:43 | DEBUG    |   Train batch 1323/2205: loss=0.2376, time=[min=88.0, avg=92.1, max=108.7]ms
2026-02-06 13:17:29 | DEBUG    |   Train batch 1764/2205: loss=0.2392, time=[min=88.1, avg=93.8, max=107.6]ms
2026-02-06 13:18:16 | DEBUG    |   Train batch 2205/2205: loss=0.2374, time=[min=88.5, avg=95.8, max=109.3]ms
2026-02-06 13:18:26 | DEBUG    | Training epoch 25 complete: avg_loss=0.2381, time=251.85s, avg_batch_time=94.0ms
2026-02-06 13:18:26 | DEBUG    | Starting validation epoch 25 with 553 batches (batch_log_interval=110)
2026-02-06 13:19:04 | DEBUG    |   Valid batch 110/553: loss=0.2571, time=[min=258.1, avg=305.0, max=348.1]ms
2026-02-06 13:19:37 | DEBUG    |   Valid batch 220/553: loss=0.2557, time=[min=285.3, avg=299.7, max=322.5]ms
2026-02-06 13:20:11 | DEBUG    |   Valid batch 330/553: loss=0.2545, time=[min=287.0, avg=306.9, max=342.7]ms
2026-02-06 13:20:45 | DEBUG    |   Valid batch 440/553: loss=0.2588, time=[min=290.3, avg=308.5, max=341.2]ms
2026-02-06 13:21:19 | DEBUG    |   Valid batch 550/553: loss=0.2600, time=[min=249.5, avg=303.9, max=340.2]ms
2026-02-06 13:21:29 | DEBUG    |   Per-crop SSIM: center=0.6957, corners=0.7648, edges=0.7326
2026-02-06 13:21:29 | DEBUG    | Validation epoch 25 complete: avg_loss=0.2572, time=183.78s, avg_batch_time=304.5ms
2026-02-06 13:21:29 | DEBUG    | Saving epochs CSV
2026-02-06 13:21:29 | INFO     | [ssim_lr3e-3_94f982] Epoch 25/500 completed: train_loss=0.2381, valid_loss=0.2572, best=0.2580, time=435.64s (train=251.85s, valid=183.78s), run_avg=473.31s (n=25)
2026-02-06 13:21:29 | DEBUG    | Learning rate: 0.002989
2026-02-06 13:21:29 | INFO     |   Metrics: ssim=0.7428, ms_ssim=0.8434, mae=0.0420, gradient_mae=0.1446, psnr=19.5748, ncc=24826719.0204
2026-02-06 13:21:29 | INFO     | New best validation loss: 0.2572 (prev: 0.2580)
2026-02-06 13:21:29 | DEBUG    | Saving best model checkpoint to experiments/train_nn1_cropped/ssim_lr3e-3_94f982/epochs/24
2026-02-06 13:21:30 | DEBUG    | Saving latest checkpoint
2026-02-06 13:21:31 | DEBUG    | Stepping scheduler
2026-02-06 13:21:31 | INFO     | [ssim_lr3e-3_94f982] Epoch 26/500 starting
2026-02-06 13:21:31 | DEBUG    | Starting training epoch 26 with 2205 batches (batch_log_interval=441)
2026-02-06 13:22:22 | DEBUG    |   Train batch 441/2205: loss=0.2371, time=[min=87.3, avg=91.4, max=110.5]ms
2026-02-06 13:23:10 | DEBUG    |   Train batch 882/2205: loss=0.2381, time=[min=88.1, avg=91.7, max=104.1]ms
2026-02-06 13:23:58 | DEBUG    |   Train batch 1323/2205: loss=0.2378, time=[min=88.4, avg=91.6, max=109.7]ms
2026-02-06 13:24:47 | DEBUG    |   Train batch 1764/2205: loss=0.2412, time=[min=87.8, avg=91.8, max=103.5]ms
2026-02-06 13:25:37 | DEBUG    |   Train batch 2205/2205: loss=0.2377, time=[min=86.4, avg=91.5, max=105.3]ms
2026-02-06 13:25:47 | DEBUG    | Training epoch 26 complete: avg_loss=0.2384, time=256.87s, avg_batch_time=91.6ms
2026-02-06 13:25:47 | DEBUG    | Starting validation epoch 26 with 553 batches (batch_log_interval=110)
2026-02-06 13:26:24 | DEBUG    |   Valid batch 110/553: loss=0.2572, time=[min=276.2, avg=290.3, max=335.7]ms
2026-02-06 13:26:56 | DEBUG    |   Valid batch 220/553: loss=0.2561, time=[min=242.7, avg=290.7, max=321.8]ms
2026-02-06 13:27:29 | DEBUG    |   Valid batch 330/553: loss=0.2547, time=[min=281.4, avg=294.7, max=313.1]ms
2026-02-06 13:28:01 | DEBUG    |   Valid batch 440/553: loss=0.2590, time=[min=279.9, avg=293.4, max=309.3]ms
2026-02-06 13:28:33 | DEBUG    |   Valid batch 550/553: loss=0.2601, time=[min=281.9, avg=295.0, max=313.1]ms
2026-02-06 13:28:44 | DEBUG    |   Per-crop SSIM: center=0.6957, corners=0.7646, edges=0.7325
2026-02-06 13:28:44 | DEBUG    | Validation epoch 26 complete: avg_loss=0.2573, time=176.78s, avg_batch_time=292.6ms
2026-02-06 13:28:44 | DEBUG    | Saving epochs CSV
2026-02-06 13:28:44 | INFO     | [ssim_lr3e-3_94f982] Epoch 26/500 completed: train_loss=0.2384, valid_loss=0.2573, best=0.2572, time=433.65s (train=256.87s, valid=176.78s), run_avg=471.79s (n=26)
2026-02-06 13:28:44 | DEBUG    | Learning rate: 0.002988
2026-02-06 13:28:44 | INFO     |   Metrics: ssim=0.7427, ms_ssim=0.8449, mae=0.0400, gradient_mae=0.1453, psnr=19.8096, ncc=19382514.8297
2026-02-06 13:28:44 | DEBUG    | Saving latest checkpoint
2026-02-06 13:28:45 | DEBUG    | Stepping scheduler
2026-02-06 13:28:45 | INFO     | [ssim_lr3e-3_94f982] Epoch 27/500 starting
2026-02-06 13:28:45 | DEBUG    | Starting training epoch 27 with 2205 batches (batch_log_interval=441)
2026-02-06 13:29:35 | DEBUG    |   Train batch 441/2205: loss=0.2367, time=[min=88.3, avg=91.7, max=107.9]ms
2026-02-06 13:30:19 | DEBUG    |   Train batch 882/2205: loss=0.2381, time=[min=84.6, avg=92.4, max=106.9]ms
2026-02-06 13:31:04 | DEBUG    |   Train batch 1323/2205: loss=0.2378, time=[min=88.2, avg=91.9, max=104.2]ms
2026-02-06 13:31:47 | DEBUG    |   Train batch 1764/2205: loss=0.2400, time=[min=84.7, avg=93.0, max=111.9]ms
2026-02-06 13:32:32 | DEBUG    |   Train batch 2205/2205: loss=0.2374, time=[min=88.6, avg=92.3, max=168.4]ms
2026-02-06 13:32:42 | DEBUG    | Training epoch 27 complete: avg_loss=0.2380, time=237.39s, avg_batch_time=92.3ms
2026-02-06 13:32:42 | DEBUG    | Starting validation epoch 27 with 553 batches (batch_log_interval=110)
2026-02-06 13:33:20 | DEBUG    |   Valid batch 110/553: loss=0.2559, time=[min=283.2, avg=295.3, max=346.2]ms
2026-02-06 13:33:52 | DEBUG    |   Valid batch 220/553: loss=0.2545, time=[min=284.7, avg=295.6, max=312.9]ms
2026-02-06 13:34:25 | DEBUG    |   Valid batch 330/553: loss=0.2532, time=[min=284.1, avg=297.2, max=311.3]ms
2026-02-06 13:34:57 | DEBUG    |   Valid batch 440/553: loss=0.2578, time=[min=283.4, avg=295.6, max=311.5]ms
2026-02-06 13:35:30 | DEBUG    |   Valid batch 550/553: loss=0.2588, time=[min=281.4, avg=295.1, max=313.2]ms
2026-02-06 13:35:41 | DEBUG    |   Per-crop SSIM: center=0.6970, corners=0.7660, edges=0.7338
2026-02-06 13:35:41 | DEBUG    | Validation epoch 27 complete: avg_loss=0.2560, time=178.46s, avg_batch_time=295.5ms
2026-02-06 13:35:41 | DEBUG    | Saving epochs CSV
2026-02-06 13:35:41 | INFO     | [ssim_lr3e-3_94f982] Epoch 27/500 completed: train_loss=0.2380, valid_loss=0.2560, best=0.2572, time=415.85s (train=237.39s, valid=178.46s), run_avg=469.72s (n=27)
2026-02-06 13:35:41 | DEBUG    | Learning rate: 0.002987
2026-02-06 13:35:41 | INFO     |   Metrics: ssim=0.7440, ms_ssim=0.8455, mae=0.0400, gradient_mae=0.1440, psnr=19.8114, ncc=25656432.1319
2026-02-06 13:35:41 | INFO     | New best validation loss: 0.2560 (prev: 0.2572)
2026-02-06 13:35:41 | DEBUG    | Saving best model checkpoint to experiments/train_nn1_cropped/ssim_lr3e-3_94f982/epochs/26
2026-02-06 13:35:41 | DEBUG    | Saving latest checkpoint
2026-02-06 13:35:42 | DEBUG    | Stepping scheduler
2026-02-06 13:35:42 | INFO     | [ssim_lr3e-3_94f982] Epoch 28/500 starting
2026-02-06 13:35:42 | DEBUG    | Starting training epoch 28 with 2205 batches (batch_log_interval=441)
2026-02-06 13:36:32 | DEBUG    |   Train batch 441/2205: loss=0.2381, time=[min=88.0, avg=92.3, max=103.9]ms
2026-02-06 13:37:17 | DEBUG    |   Train batch 882/2205: loss=0.2395, time=[min=88.9, avg=95.5, max=115.9]ms
2026-02-06 13:38:02 | DEBUG    |   Train batch 1323/2205: loss=0.2364, time=[min=88.8, avg=94.6, max=109.9]ms
2026-02-06 13:38:46 | DEBUG    |   Train batch 1764/2205: loss=0.2379, time=[min=88.0, avg=92.6, max=109.6]ms
2026-02-06 13:39:31 | DEBUG    |   Train batch 2205/2205: loss=0.2386, time=[min=88.7, avg=93.8, max=112.9]ms
2026-02-06 13:39:41 | DEBUG    | Training epoch 28 complete: avg_loss=0.2381, time=239.68s, avg_batch_time=93.8ms
2026-02-06 13:39:41 | DEBUG    | Starting validation epoch 28 with 553 batches (batch_log_interval=110)
2026-02-06 13:40:24 | DEBUG    |   Valid batch 110/553: loss=0.2565, time=[min=285.2, avg=332.8, max=426.0]ms
2026-02-06 13:40:59 | DEBUG    |   Valid batch 220/553: loss=0.2551, time=[min=295.0, avg=325.9, max=372.8]ms
2026-02-06 13:41:36 | DEBUG    |   Valid batch 330/553: loss=0.2539, time=[min=297.3, avg=331.7, max=402.2]ms
2026-02-06 13:42:12 | DEBUG    |   Valid batch 440/553: loss=0.2582, time=[min=291.0, avg=328.3, max=378.4]ms
2026-02-06 13:42:49 | DEBUG    |   Valid batch 550/553: loss=0.2595, time=[min=324.6, avg=338.4, max=360.1]ms
2026-02-06 13:43:00 | DEBUG    |   Per-crop SSIM: center=0.6965, corners=0.7654, edges=0.7332
2026-02-06 13:43:00 | DEBUG    | Validation epoch 28 complete: avg_loss=0.2566, time=198.86s, avg_batch_time=331.1ms
2026-02-06 13:43:00 | DEBUG    | Saving epochs CSV
2026-02-06 13:43:00 | INFO     | [ssim_lr3e-3_94f982] Epoch 28/500 completed: train_loss=0.2381, valid_loss=0.2566, best=0.2560, time=438.54s (train=239.68s, valid=198.86s), run_avg=468.60s (n=28)
2026-02-06 13:43:00 | DEBUG    | Learning rate: 0.002985
2026-02-06 13:43:00 | INFO     |   Metrics: ssim=0.7434, ms_ssim=0.8449, mae=0.0396, gradient_mae=0.1442, psnr=19.7804, ncc=24730933.0571
2026-02-06 13:43:00 | DEBUG    | Saving latest checkpoint
2026-02-06 13:43:01 | DEBUG    | Stepping scheduler
2026-02-06 13:43:01 | INFO     | [ssim_lr3e-3_94f982] Epoch 29/500 starting
2026-02-06 13:43:01 | DEBUG    | Starting training epoch 29 with 2205 batches (batch_log_interval=441)
2026-02-06 13:43:59 | DEBUG    |   Train batch 441/2205: loss=0.2383, time=[min=89.6, avg=101.5, max=122.3]ms
2026-02-06 13:44:50 | DEBUG    |   Train batch 882/2205: loss=0.2371, time=[min=98.9, avg=104.4, max=121.5]ms
2026-02-06 13:45:39 | DEBUG    |   Train batch 1323/2205: loss=0.2372, time=[min=91.4, avg=101.8, max=118.2]ms
2026-02-06 13:46:25 | DEBUG    |   Train batch 1764/2205: loss=0.2383, time=[min=95.4, avg=102.0, max=117.7]ms
2026-02-06 13:47:13 | DEBUG    |   Train batch 2205/2205: loss=0.2375, time=[min=95.4, avg=101.9, max=114.7]ms
2026-02-06 13:47:23 | DEBUG    | Training epoch 29 complete: avg_loss=0.2377, time=261.97s, avg_batch_time=102.3ms
2026-02-06 13:47:23 | DEBUG    | Starting validation epoch 29 with 553 batches (batch_log_interval=110)
2026-02-06 13:48:03 | DEBUG    |   Valid batch 110/553: loss=0.2561, time=[min=306.4, avg=321.0, max=381.0]ms
2026-02-06 13:48:38 | DEBUG    |   Valid batch 220/553: loss=0.2550, time=[min=298.6, avg=320.3, max=338.7]ms
2026-02-06 13:49:14 | DEBUG    |   Valid batch 330/553: loss=0.2538, time=[min=299.1, avg=321.1, max=335.3]ms
2026-02-06 13:49:49 | DEBUG    |   Valid batch 440/553: loss=0.2581, time=[min=308.6, avg=322.4, max=345.5]ms
2026-02-06 13:50:25 | DEBUG    |   Valid batch 550/553: loss=0.2591, time=[min=307.3, avg=323.0, max=341.0]ms
2026-02-06 13:50:36 | DEBUG    |   Per-crop SSIM: center=0.6966, corners=0.7656, edges=0.7334
2026-02-06 13:50:36 | DEBUG    | Validation epoch 29 complete: avg_loss=0.2564, time=192.84s, avg_batch_time=321.2ms
2026-02-06 13:50:36 | DEBUG    | Saving epochs CSV
2026-02-06 13:50:36 | INFO     | [ssim_lr3e-3_94f982] Epoch 29/500 completed: train_loss=0.2377, valid_loss=0.2564, best=0.2560, time=454.80s (train=261.97s, valid=192.84s), run_avg=468.13s (n=29)
2026-02-06 13:50:36 | DEBUG    | Learning rate: 0.002984
2026-02-06 13:50:36 | INFO     |   Metrics: ssim=0.7436, ms_ssim=0.8447, mae=0.0398, gradient_mae=0.1440, psnr=19.7439, ncc=31299912.8895
2026-02-06 13:50:36 | DEBUG    | Saving latest checkpoint
2026-02-06 13:50:36 | DEBUG    | Stepping scheduler
2026-02-06 13:50:36 | INFO     | [ssim_lr3e-3_94f982] Epoch 30/500 starting
2026-02-06 13:50:36 | DEBUG    | Starting training epoch 30 with 2205 batches (batch_log_interval=441)
2026-02-06 13:51:28 | DEBUG    |   Train batch 441/2205: loss=0.2356, time=[min=90.9, avg=98.9, max=112.9]ms
2026-02-06 13:52:14 | DEBUG    |   Train batch 882/2205: loss=0.2380, time=[min=94.6, avg=99.2, max=111.3]ms
2026-02-06 13:53:00 | DEBUG    |   Train batch 1323/2205: loss=0.2368, time=[min=94.6, avg=99.4, max=112.5]ms
2026-02-06 13:53:46 | DEBUG    |   Train batch 1764/2205: loss=0.2390, time=[min=94.5, avg=99.8, max=114.1]ms
2026-02-06 13:55:13 | DEBUG    |   Train batch 2205/2205: loss=0.2380, time=[min=89.5, avg=134.6, max=249.3]ms
2026-02-06 13:55:23 | DEBUG    | Training epoch 30 complete: avg_loss=0.2375, time=286.80s, avg_batch_time=106.4ms
2026-02-06 13:55:23 | DEBUG    | Starting validation epoch 30 with 553 batches (batch_log_interval=110)
2026-02-06 13:56:41 | DEBUG    |   Valid batch 110/553: loss=0.2562, time=[min=342.5, avg=564.7, max=1011.2]ms
2026-02-06 13:57:42 | DEBUG    |   Valid batch 220/553: loss=0.2549, time=[min=337.7, avg=551.3, max=884.2]ms
2026-02-06 13:58:43 | DEBUG    |   Valid batch 330/553: loss=0.2536, time=[min=334.4, avg=558.2, max=863.0]ms
2026-02-06 13:59:46 | DEBUG    |   Valid batch 440/553: loss=0.2579, time=[min=337.4, avg=569.2, max=955.3]ms
2026-02-06 14:00:35 | DEBUG    |   Valid batch 550/553: loss=0.2592, time=[min=287.5, avg=436.8, max=827.5]ms
2026-02-06 14:00:45 | DEBUG    |   Per-crop SSIM: center=0.6970, corners=0.7655, edges=0.7335
2026-02-06 14:00:45 | DEBUG    | Validation epoch 30 complete: avg_loss=0.2563, time=322.41s, avg_batch_time=534.5ms
2026-02-06 14:00:45 | DEBUG    | Saving epochs CSV
2026-02-06 14:00:45 | INFO     | [ssim_lr3e-3_94f982] Epoch 30/500 completed: train_loss=0.2375, valid_loss=0.2563, best=0.2560, time=609.21s (train=286.80s, valid=322.41s), run_avg=472.83s (n=30)
2026-02-06 14:00:45 | DEBUG    | Learning rate: 0.002983
2026-02-06 14:00:45 | INFO     |   Metrics: ssim=0.7437, ms_ssim=0.8450, mae=0.0393, gradient_mae=0.1435, psnr=19.8281, ncc=12048524.4469
2026-02-06 14:00:45 | DEBUG    | Saving latest checkpoint
2026-02-06 14:00:46 | DEBUG    | Stepping scheduler
2026-02-06 14:00:46 | INFO     | [ssim_lr3e-3_94f982] Epoch 31/500 starting
2026-02-06 14:00:46 | DEBUG    | Starting training epoch 31 with 2205 batches (batch_log_interval=441)
2026-02-06 14:01:38 | DEBUG    |   Train batch 441/2205: loss=0.2370, time=[min=87.7, avg=91.2, max=103.0]ms
2026-02-06 14:02:25 | DEBUG    |   Train batch 882/2205: loss=0.2386, time=[min=88.6, avg=95.9, max=111.1]ms
2026-02-06 14:03:11 | DEBUG    |   Train batch 1323/2205: loss=0.2358, time=[min=94.0, avg=97.7, max=112.7]ms
2026-02-06 14:03:57 | DEBUG    |   Train batch 1764/2205: loss=0.2377, time=[min=93.7, avg=98.5, max=112.8]ms
2026-02-06 14:04:43 | DEBUG    |   Train batch 2205/2205: loss=0.2379, time=[min=92.7, avg=98.7, max=112.5]ms
2026-02-06 14:04:53 | DEBUG    | Training epoch 31 complete: avg_loss=0.2374, time=246.95s, avg_batch_time=96.4ms
2026-02-06 14:04:53 | DEBUG    | Starting validation epoch 31 with 553 batches (batch_log_interval=110)
2026-02-06 14:05:32 | DEBUG    |   Valid batch 110/553: loss=0.2563, time=[min=263.3, avg=307.8, max=427.2]ms
2026-02-06 14:06:06 | DEBUG    |   Valid batch 220/553: loss=0.2551, time=[min=296.1, avg=310.5, max=324.8]ms
2026-02-06 14:06:40 | DEBUG    |   Valid batch 330/553: loss=0.2537, time=[min=296.8, avg=310.7, max=322.8]ms
2026-02-06 14:07:14 | DEBUG    |   Valid batch 440/553: loss=0.2582, time=[min=297.6, avg=309.7, max=323.0]ms
2026-02-06 14:07:49 | DEBUG    |   Valid batch 550/553: loss=0.2592, time=[min=296.0, avg=311.3, max=326.1]ms
2026-02-06 14:08:00 | DEBUG    |   Per-crop SSIM: center=0.6965, corners=0.7655, edges=0.7334
2026-02-06 14:08:00 | DEBUG    | Validation epoch 31 complete: avg_loss=0.2564, time=186.52s, avg_batch_time=309.7ms
2026-02-06 14:08:00 | DEBUG    | Saving epochs CSV
2026-02-06 14:08:00 | INFO     | [ssim_lr3e-3_94f982] Epoch 31/500 completed: train_loss=0.2374, valid_loss=0.2564, best=0.2560, time=433.48s (train=246.95s, valid=186.52s), run_avg=471.56s (n=31)
2026-02-06 14:08:00 | DEBUG    | Learning rate: 0.002981
2026-02-06 14:08:00 | INFO     |   Metrics: ssim=0.7436, ms_ssim=0.8453, mae=0.0391, gradient_mae=0.1441, psnr=19.7984, ncc=30835089.8226
2026-02-06 14:08:00 | DEBUG    | Saving latest checkpoint
2026-02-06 14:08:00 | DEBUG    | Stepping scheduler
2026-02-06 14:08:00 | INFO     | [ssim_lr3e-3_94f982] Epoch 32/500 starting
2026-02-06 14:08:00 | DEBUG    | Starting training epoch 32 with 2205 batches (batch_log_interval=441)
2026-02-06 14:08:51 | DEBUG    |   Train batch 441/2205: loss=0.2352, time=[min=94.3, avg=98.8, max=161.2]ms
2026-02-06 14:09:37 | DEBUG    |   Train batch 882/2205: loss=0.2387, time=[min=95.1, avg=99.7, max=113.7]ms
2026-02-06 14:10:22 | DEBUG    |   Train batch 1323/2205: loss=0.2366, time=[min=95.1, avg=99.9, max=115.2]ms
2026-02-06 14:11:07 | DEBUG    |   Train batch 1764/2205: loss=0.2380, time=[min=95.6, avg=99.4, max=112.2]ms
2026-02-06 14:11:53 | DEBUG    |   Train batch 2205/2205: loss=0.2378, time=[min=88.8, avg=96.2, max=118.1]ms
2026-02-06 14:12:03 | DEBUG    | Training epoch 32 complete: avg_loss=0.2373, time=242.95s, avg_batch_time=98.8ms
2026-02-06 14:12:03 | DEBUG    | Starting validation epoch 32 with 553 batches (batch_log_interval=110)
2026-02-06 14:12:42 | DEBUG    |   Valid batch 110/553: loss=0.2561, time=[min=249.4, avg=310.3, max=355.7]ms
2026-02-06 14:13:17 | DEBUG    |   Valid batch 220/553: loss=0.2548, time=[min=303.7, avg=315.9, max=335.1]ms
2026-02-06 14:13:52 | DEBUG    |   Valid batch 330/553: loss=0.2536, time=[min=301.1, avg=316.3, max=330.8]ms
2026-02-06 14:14:27 | DEBUG    |   Valid batch 440/553: loss=0.2580, time=[min=304.6, avg=319.2, max=332.5]ms
2026-02-06 14:15:02 | DEBUG    |   Valid batch 550/553: loss=0.2591, time=[min=305.3, avg=319.0, max=331.1]ms
2026-02-06 14:15:13 | DEBUG    |   Per-crop SSIM: center=0.6967, corners=0.7657, edges=0.7335
2026-02-06 14:15:13 | DEBUG    | Validation epoch 32 complete: avg_loss=0.2562, time=189.87s, avg_batch_time=315.8ms
2026-02-06 14:15:13 | DEBUG    | Saving epochs CSV
2026-02-06 14:15:13 | INFO     | [ssim_lr3e-3_94f982] Epoch 32/500 completed: train_loss=0.2373, valid_loss=0.2562, best=0.2560, time=432.82s (train=242.95s, valid=189.87s), run_avg=470.35s (n=32)
2026-02-06 14:15:13 | DEBUG    | Learning rate: 0.002980
2026-02-06 14:15:13 | INFO     |   Metrics: ssim=0.7438, ms_ssim=0.8452, mae=0.0398, gradient_mae=0.1440, psnr=19.7631, ncc=28996761.2363
2026-02-06 14:15:13 | DEBUG    | Saving latest checkpoint
2026-02-06 14:15:14 | DEBUG    | Stepping scheduler
2026-02-06 14:15:14 | INFO     | [ssim_lr3e-3_94f982] Epoch 33/500 starting
2026-02-06 14:15:14 | DEBUG    | Starting training epoch 33 with 2205 batches (batch_log_interval=441)
2026-02-06 14:16:06 | DEBUG    |   Train batch 441/2205: loss=0.2360, time=[min=94.4, avg=98.5, max=114.7]ms
2026-02-06 14:16:53 | DEBUG    |   Train batch 882/2205: loss=0.2369, time=[min=94.5, avg=99.1, max=112.3]ms
2026-02-06 14:17:39 | DEBUG    |   Train batch 1323/2205: loss=0.2383, time=[min=95.1, avg=99.2, max=113.3]ms
2026-02-06 14:18:24 | DEBUG    |   Train batch 1764/2205: loss=0.2374, time=[min=90.1, avg=99.0, max=110.5]ms
2026-02-06 14:19:10 | DEBUG    |   Train batch 2205/2205: loss=0.2376, time=[min=94.4, avg=99.3, max=116.1]ms
2026-02-06 14:19:20 | DEBUG    | Training epoch 33 complete: avg_loss=0.2373, time=246.49s, avg_batch_time=99.0ms
2026-02-06 14:19:20 | DEBUG    | Starting validation epoch 33 with 553 batches (batch_log_interval=110)
2026-02-06 14:20:03 | DEBUG    |   Valid batch 110/553: loss=0.2557, time=[min=273.0, avg=340.8, max=639.0]ms
2026-02-06 14:21:01 | DEBUG    |   Valid batch 220/553: loss=0.2543, time=[min=289.9, avg=528.9, max=946.6]ms
2026-02-06 14:22:05 | DEBUG    |   Valid batch 330/553: loss=0.2532, time=[min=330.3, avg=578.2, max=1071.6]ms
2026-02-06 14:23:10 | DEBUG    |   Valid batch 440/553: loss=0.2576, time=[min=330.6, avg=576.0, max=933.6]ms
2026-02-06 14:24:18 | DEBUG    |   Valid batch 550/553: loss=0.2587, time=[min=330.0, avg=611.0, max=950.2]ms
2026-02-06 14:24:29 | DEBUG    |   Per-crop SSIM: center=0.6975, corners=0.7660, edges=0.7340
2026-02-06 14:24:29 | DEBUG    | Validation epoch 33 complete: avg_loss=0.2558, time=308.55s, avg_batch_time=526.2ms
2026-02-06 14:24:29 | DEBUG    | Saving epochs CSV
2026-02-06 14:24:29 | INFO     | [ssim_lr3e-3_94f982] Epoch 33/500 completed: train_loss=0.2373, valid_loss=0.2558, best=0.2560, time=555.04s (train=246.49s, valid=308.55s), run_avg=472.92s (n=33)
2026-02-06 14:24:29 | DEBUG    | Learning rate: 0.002978
2026-02-06 14:24:29 | INFO     |   Metrics: ssim=0.7442, ms_ssim=0.8461, mae=0.0391, gradient_mae=0.1440, psnr=19.8314, ncc=22498027.8248
2026-02-06 14:24:29 | INFO     | New best validation loss: 0.2558 (prev: 0.2560)
2026-02-06 14:24:29 | DEBUG    | Saving best model checkpoint to experiments/train_nn1_cropped/ssim_lr3e-3_94f982/epochs/32
2026-02-06 14:24:40 | DEBUG    | Saving latest checkpoint
2026-02-06 14:24:42 | DEBUG    | Stepping scheduler
2026-02-06 14:24:42 | INFO     | [ssim_lr3e-3_94f982] Epoch 34/500 starting
2026-02-06 14:24:42 | DEBUG    | Starting training epoch 34 with 2205 batches (batch_log_interval=441)
2026-02-06 14:27:24 | DEBUG    |   Train batch 441/2205: loss=0.2366, time=[min=89.5, avg=173.4, max=255.7]ms
2026-02-06 14:30:11 | DEBUG    |   Train batch 882/2205: loss=0.2378, time=[min=105.3, avg=182.3, max=255.8]ms
2026-02-06 14:33:05 | DEBUG    |   Train batch 1323/2205: loss=0.2362, time=[min=102.7, avg=181.8, max=249.1]ms
2026-02-06 14:35:29 | DEBUG    |   Train batch 1764/2205: loss=0.2391, time=[min=87.6, avg=160.1, max=298.2]ms
2026-02-06 14:36:20 | DEBUG    |   Train batch 2205/2205: loss=0.2362, time=[min=87.5, avg=94.7, max=109.1]ms
2026-02-06 14:36:30 | DEBUG    | Training epoch 34 complete: avg_loss=0.2372, time=708.61s, avg_batch_time=158.5ms
2026-02-06 14:36:30 | DEBUG    | Starting validation epoch 34 with 553 batches (batch_log_interval=110)
2026-02-06 14:37:09 | DEBUG    |   Valid batch 110/553: loss=0.2563, time=[min=251.2, avg=300.1, max=349.4]ms
2026-02-06 14:37:42 | DEBUG    |   Valid batch 220/553: loss=0.2550, time=[min=286.0, avg=302.3, max=321.8]ms
2026-02-06 14:38:16 | DEBUG    |   Valid batch 330/553: loss=0.2537, time=[min=288.2, avg=308.2, max=322.5]ms
2026-02-06 14:38:50 | DEBUG    |   Valid batch 440/553: loss=0.2580, time=[min=287.9, avg=304.8, max=340.0]ms
2026-02-06 14:39:23 | DEBUG    |   Valid batch 550/553: loss=0.2592, time=[min=287.1, avg=304.1, max=331.0]ms
2026-02-06 14:39:34 | DEBUG    |   Per-crop SSIM: center=0.6966, corners=0.7656, edges=0.7334
2026-02-06 14:39:34 | DEBUG    | Validation epoch 34 complete: avg_loss=0.2564, time=183.43s, avg_batch_time=303.6ms
2026-02-06 14:39:34 | DEBUG    | Saving epochs CSV
2026-02-06 14:39:34 | INFO     | [ssim_lr3e-3_94f982] Epoch 34/500 completed: train_loss=0.2372, valid_loss=0.2564, best=0.2558, time=892.04s (train=708.61s, valid=183.43s), run_avg=485.24s (n=34)
2026-02-06 14:39:34 | DEBUG    | Learning rate: 0.002976
2026-02-06 14:39:34 | INFO     |   Metrics: ssim=0.7436, ms_ssim=0.8452, mae=0.0391, gradient_mae=0.1447, psnr=19.8360, ncc=28506628.9179
2026-02-06 14:39:34 | DEBUG    | Saving latest checkpoint
2026-02-06 14:39:34 | DEBUG    | Stepping scheduler
2026-02-06 14:39:34 | INFO     | [ssim_lr3e-3_94f982] Epoch 35/500 starting
2026-02-06 14:39:34 | DEBUG    | Starting training epoch 35 with 2205 batches (batch_log_interval=441)
2026-02-06 14:40:26 | DEBUG    |   Train batch 441/2205: loss=0.2358, time=[min=87.5, avg=92.9, max=112.8]ms
2026-02-06 14:41:13 | DEBUG    |   Train batch 882/2205: loss=0.2377, time=[min=87.6, avg=95.2, max=118.4]ms
2026-02-06 14:41:58 | DEBUG    |   Train batch 1323/2205: loss=0.2369, time=[min=87.9, avg=91.9, max=107.5]ms
2026-02-06 14:42:43 | DEBUG    |   Train batch 1764/2205: loss=0.2395, time=[min=88.2, avg=91.8, max=103.1]ms
2026-02-06 14:43:29 | DEBUG    |   Train batch 2205/2205: loss=0.2358, time=[min=87.7, avg=92.4, max=107.0]ms
2026-02-06 14:43:39 | DEBUG    | Training epoch 35 complete: avg_loss=0.2371, time=244.48s, avg_batch_time=92.8ms
2026-02-06 14:43:39 | DEBUG    | Starting validation epoch 35 with 553 batches (batch_log_interval=110)
2026-02-06 14:44:19 | DEBUG    |   Valid batch 110/553: loss=0.2555, time=[min=264.9, avg=311.5, max=374.1]ms
2026-02-06 14:44:53 | DEBUG    |   Valid batch 220/553: loss=0.2541, time=[min=295.7, avg=310.9, max=339.1]ms
2026-02-06 14:45:27 | DEBUG    |   Valid batch 330/553: loss=0.2529, time=[min=266.9, avg=310.8, max=350.8]ms
2026-02-06 14:46:01 | DEBUG    |   Valid batch 440/553: loss=0.2572, time=[min=296.8, avg=311.9, max=328.9]ms
2026-02-06 14:46:36 | DEBUG    |   Valid batch 550/553: loss=0.2584, time=[min=300.1, avg=311.4, max=328.3]ms
2026-02-06 14:46:46 | DEBUG    |   Per-crop SSIM: center=0.6977, corners=0.7662, edges=0.7343
2026-02-06 14:46:46 | DEBUG    | Validation epoch 35 complete: avg_loss=0.2556, time=187.54s, avg_batch_time=311.0ms
2026-02-06 14:46:46 | DEBUG    | Saving epochs CSV
2026-02-06 14:46:46 | INFO     | [ssim_lr3e-3_94f982] Epoch 35/500 completed: train_loss=0.2371, valid_loss=0.2556, best=0.2558, time=432.02s (train=244.48s, valid=187.54s), run_avg=483.72s (n=35)
2026-02-06 14:46:46 | DEBUG    | Learning rate: 0.002975
2026-02-06 14:46:46 | INFO     |   Metrics: ssim=0.7444, ms_ssim=0.8460, mae=0.0393, gradient_mae=0.1438, psnr=19.8439, ncc=31153044.9831
2026-02-06 14:46:46 | INFO     | New best validation loss: 0.2556 (prev: 0.2558)
2026-02-06 14:46:46 | DEBUG    | Saving best model checkpoint to experiments/train_nn1_cropped/ssim_lr3e-3_94f982/epochs/34
2026-02-06 14:46:47 | DEBUG    | Saving latest checkpoint
2026-02-06 14:46:48 | DEBUG    | Stepping scheduler
2026-02-06 14:46:48 | INFO     | [ssim_lr3e-3_94f982] Epoch 36/500 starting
2026-02-06 14:46:48 | DEBUG    | Starting training epoch 36 with 2205 batches (batch_log_interval=441)
2026-02-06 14:47:41 | DEBUG    |   Train batch 441/2205: loss=0.2354, time=[min=89.7, avg=95.7, max=110.7]ms
2026-02-06 14:48:29 | DEBUG    |   Train batch 882/2205: loss=0.2373, time=[min=89.2, avg=96.2, max=108.6]ms
2026-02-06 14:49:16 | DEBUG    |   Train batch 1323/2205: loss=0.2369, time=[min=90.1, avg=96.1, max=109.4]ms
2026-02-06 14:50:03 | DEBUG    |   Train batch 1764/2205: loss=0.2364, time=[min=90.5, avg=96.5, max=114.3]ms
2026-02-06 14:50:50 | DEBUG    |   Train batch 2205/2205: loss=0.2364, time=[min=89.4, avg=96.3, max=110.0]ms
2026-02-06 14:51:00 | DEBUG    | Training epoch 36 complete: avg_loss=0.2365, time=252.75s, avg_batch_time=96.2ms
2026-02-06 14:51:00 | DEBUG    | Starting validation epoch 36 with 553 batches (batch_log_interval=110)
2026-02-06 14:51:39 | DEBUG    |   Valid batch 110/553: loss=0.2558, time=[min=260.6, avg=308.5, max=352.9]ms
2026-02-06 14:52:14 | DEBUG    |   Valid batch 220/553: loss=0.2545, time=[min=299.8, avg=310.3, max=325.1]ms
2026-02-06 14:52:48 | DEBUG    |   Valid batch 330/553: loss=0.2533, time=[min=267.9, avg=309.9, max=366.6]ms
2026-02-06 14:53:22 | DEBUG    |   Valid batch 440/553: loss=0.2578, time=[min=295.5, avg=311.2, max=328.5]ms
2026-02-06 14:53:56 | DEBUG    |   Valid batch 550/553: loss=0.2588, time=[min=294.4, avg=309.5, max=324.8]ms
2026-02-06 14:54:07 | DEBUG    |   Per-crop SSIM: center=0.6972, corners=0.7659, edges=0.7339
2026-02-06 14:54:07 | DEBUG    | Validation epoch 36 complete: avg_loss=0.2560, time=186.50s, avg_batch_time=309.6ms
2026-02-06 14:54:07 | DEBUG    | Saving epochs CSV
2026-02-06 14:54:07 | INFO     | [ssim_lr3e-3_94f982] Epoch 36/500 completed: train_loss=0.2365, valid_loss=0.2560, best=0.2556, time=439.25s (train=252.75s, valid=186.50s), run_avg=482.49s (n=36)
2026-02-06 14:54:07 | DEBUG    | Learning rate: 0.002973
2026-02-06 14:54:07 | INFO     |   Metrics: ssim=0.7440, ms_ssim=0.8454, mae=0.0400, gradient_mae=0.1431, psnr=19.8333, ncc=28681316.3936
2026-02-06 14:54:07 | DEBUG    | Saving latest checkpoint
2026-02-06 14:54:07 | DEBUG    | Stepping scheduler
2026-02-06 14:54:07 | INFO     | [ssim_lr3e-3_94f982] Epoch 37/500 starting
2026-02-06 14:54:07 | DEBUG    | Starting training epoch 37 with 2205 batches (batch_log_interval=441)
2026-02-06 14:55:01 | DEBUG    |   Train batch 441/2205: loss=0.2383, time=[min=90.0, avg=95.9, max=110.8]ms
2026-02-06 14:55:48 | DEBUG    |   Train batch 882/2205: loss=0.2371, time=[min=88.9, avg=95.2, max=109.0]ms
2026-02-06 14:56:33 | DEBUG    |   Train batch 1323/2205: loss=0.2355, time=[min=88.3, avg=92.4, max=106.1]ms
2026-02-06 14:57:18 | DEBUG    |   Train batch 1764/2205: loss=0.2381, time=[min=83.2, avg=92.5, max=104.5]ms
2026-02-06 14:58:04 | DEBUG    |   Train batch 2205/2205: loss=0.2348, time=[min=87.6, avg=92.7, max=106.0]ms
2026-02-06 14:58:14 | DEBUG    | Training epoch 37 complete: avg_loss=0.2368, time=246.40s, avg_batch_time=93.7ms
2026-02-06 14:58:14 | DEBUG    | Starting validation epoch 37 with 553 batches (batch_log_interval=110)
2026-02-06 14:58:52 | DEBUG    |   Valid batch 110/553: loss=0.2560, time=[min=286.2, avg=298.6, max=352.6]ms
2026-02-06 14:59:25 | DEBUG    |   Valid batch 220/553: loss=0.2549, time=[min=288.6, avg=298.8, max=317.9]ms
2026-02-06 14:59:58 | DEBUG    |   Valid batch 330/553: loss=0.2536, time=[min=288.7, avg=298.6, max=314.7]ms
2026-02-06 15:00:31 | DEBUG    |   Valid batch 440/553: loss=0.2577, time=[min=287.1, avg=298.9, max=310.9]ms
2026-02-06 15:01:03 | DEBUG    |   Valid batch 550/553: loss=0.2591, time=[min=286.9, avg=297.6, max=316.4]ms
2026-02-06 15:01:14 | DEBUG    |   Per-crop SSIM: center=0.6972, corners=0.7655, edges=0.7337
2026-02-06 15:01:14 | DEBUG    | Validation epoch 37 complete: avg_loss=0.2562, time=180.30s, avg_batch_time=298.2ms
2026-02-06 15:01:14 | DEBUG    | Saving epochs CSV
2026-02-06 15:01:14 | INFO     | [ssim_lr3e-3_94f982] Epoch 37/500 completed: train_loss=0.2368, valid_loss=0.2562, best=0.2556, time=426.70s (train=246.40s, valid=180.30s), run_avg=480.98s (n=37)
2026-02-06 15:01:14 | DEBUG    | Learning rate: 0.002971
2026-02-06 15:01:14 | INFO     |   Metrics: ssim=0.7438, ms_ssim=0.8469, mae=0.0400, gradient_mae=0.1444, psnr=19.8472, ncc=25116822.5798
2026-02-06 15:01:14 | DEBUG    | Saving latest checkpoint
2026-02-06 15:01:15 | DEBUG    | Stepping scheduler
2026-02-06 15:01:15 | INFO     | [ssim_lr3e-3_94f982] Epoch 38/500 starting
2026-02-06 15:01:15 | DEBUG    | Starting training epoch 38 with 2205 batches (batch_log_interval=441)
2026-02-06 15:02:07 | DEBUG    |   Train batch 441/2205: loss=0.2356, time=[min=88.1, avg=91.7, max=102.4]ms
2026-02-06 15:02:53 | DEBUG    |   Train batch 882/2205: loss=0.2370, time=[min=88.2, avg=92.3, max=102.3]ms
2026-02-06 15:03:39 | DEBUG    |   Train batch 1323/2205: loss=0.2355, time=[min=88.3, avg=92.3, max=108.1]ms
2026-02-06 15:04:24 | DEBUG    |   Train batch 1764/2205: loss=0.2377, time=[min=87.6, avg=92.5, max=110.0]ms
2026-02-06 15:05:10 | DEBUG    |   Train batch 2205/2205: loss=0.2375, time=[min=88.1, avg=92.5, max=103.9]ms
2026-02-06 15:05:20 | DEBUG    | Training epoch 38 complete: avg_loss=0.2367, time=244.88s, avg_batch_time=92.3ms
2026-02-06 15:05:20 | DEBUG    | Starting validation epoch 38 with 553 batches (batch_log_interval=110)
2026-02-06 15:05:58 | DEBUG    |   Valid batch 110/553: loss=0.2554, time=[min=250.9, avg=299.3, max=369.3]ms
2026-02-06 15:06:31 | DEBUG    |   Valid batch 220/553: loss=0.2541, time=[min=286.1, avg=299.2, max=315.6]ms
2026-02-06 15:07:03 | DEBUG    |   Valid batch 330/553: loss=0.2530, time=[min=284.5, avg=297.7, max=318.9]ms
2026-02-06 15:07:36 | DEBUG    |   Valid batch 440/553: loss=0.2573, time=[min=283.3, avg=298.7, max=311.7]ms
2026-02-06 15:08:09 | DEBUG    |   Valid batch 550/553: loss=0.2581, time=[min=285.8, avg=299.2, max=315.1]ms
2026-02-06 15:08:20 | DEBUG    |   Per-crop SSIM: center=0.6976, corners=0.7664, edges=0.7343
2026-02-06 15:08:20 | DEBUG    | Validation epoch 38 complete: avg_loss=0.2555, time=180.43s, avg_batch_time=298.6ms
2026-02-06 15:08:20 | DEBUG    | Saving epochs CSV
2026-02-06 15:08:20 | INFO     | [ssim_lr3e-3_94f982] Epoch 38/500 completed: train_loss=0.2367, valid_loss=0.2555, best=0.2556, time=425.32s (train=244.88s, valid=180.43s), run_avg=479.52s (n=38)
2026-02-06 15:08:20 | DEBUG    | Learning rate: 0.002969
2026-02-06 15:08:20 | INFO     |   Metrics: ssim=0.7445, ms_ssim=0.8462, mae=0.0390, gradient_mae=0.1431, psnr=19.8282, ncc=17289752.0253
2026-02-06 15:08:20 | INFO     | New best validation loss: 0.2555 (prev: 0.2556)
2026-02-06 15:08:20 | DEBUG    | Saving best model checkpoint to experiments/train_nn1_cropped/ssim_lr3e-3_94f982/epochs/37
2026-02-06 15:08:20 | DEBUG    | Saving latest checkpoint
2026-02-06 15:08:21 | DEBUG    | Stepping scheduler
2026-02-06 15:08:21 | INFO     | [ssim_lr3e-3_94f982] Epoch 39/500 starting
2026-02-06 15:08:21 | DEBUG    | Starting training epoch 39 with 2205 batches (batch_log_interval=441)
2026-02-06 15:09:12 | DEBUG    |   Train batch 441/2205: loss=0.2374, time=[min=87.1, avg=91.3, max=104.5]ms
2026-02-06 15:09:57 | DEBUG    |   Train batch 882/2205: loss=0.2347, time=[min=87.9, avg=91.6, max=104.8]ms
2026-02-06 15:10:42 | DEBUG    |   Train batch 1323/2205: loss=0.2362, time=[min=88.4, avg=92.0, max=108.2]ms
2026-02-06 15:11:27 | DEBUG    |   Train batch 1764/2205: loss=0.2367, time=[min=88.3, avg=92.3, max=105.6]ms
2026-02-06 15:12:13 | DEBUG    |   Train batch 2205/2205: loss=0.2360, time=[min=88.3, avg=93.3, max=112.5]ms
2026-02-06 15:12:23 | DEBUG    | Training epoch 39 complete: avg_loss=0.2362, time=241.57s, avg_batch_time=92.1ms
2026-02-06 15:12:23 | DEBUG    | Starting validation epoch 39 with 553 batches (batch_log_interval=110)
2026-02-06 15:13:02 | DEBUG    |   Valid batch 110/553: loss=0.2542, time=[min=274.2, avg=309.1, max=371.7]ms
2026-02-06 15:13:36 | DEBUG    |   Valid batch 220/553: loss=0.2528, time=[min=294.4, avg=307.3, max=349.8]ms
2026-02-06 15:14:10 | DEBUG    |   Valid batch 330/553: loss=0.2516, time=[min=285.7, avg=304.7, max=324.9]ms
2026-02-06 15:14:43 | DEBUG    |   Valid batch 440/553: loss=0.2559, time=[min=288.6, avg=305.0, max=324.9]ms
2026-02-06 15:15:17 | DEBUG    |   Valid batch 550/553: loss=0.2571, time=[min=294.7, avg=309.4, max=341.4]ms
2026-02-06 15:15:28 | DEBUG    |   Per-crop SSIM: center=0.6990, corners=0.7675, edges=0.7356
2026-02-06 15:15:28 | DEBUG    | Validation epoch 39 complete: avg_loss=0.2543, time=185.40s, avg_batch_time=306.8ms
2026-02-06 15:15:28 | DEBUG    | Saving epochs CSV
2026-02-06 15:15:28 | INFO     | [ssim_lr3e-3_94f982] Epoch 39/500 completed: train_loss=0.2362, valid_loss=0.2543, best=0.2555, time=426.97s (train=241.57s, valid=185.40s), run_avg=478.17s (n=39)
2026-02-06 15:15:28 | DEBUG    | Learning rate: 0.002967
2026-02-06 15:15:28 | INFO     |   Metrics: ssim=0.7457, ms_ssim=0.8481, mae=0.0395, gradient_mae=0.1434, psnr=19.9255, ncc=32947929.7200
2026-02-06 15:15:28 | INFO     | New best validation loss: 0.2543 (prev: 0.2555)
2026-02-06 15:15:28 | DEBUG    | Saving best model checkpoint to experiments/train_nn1_cropped/ssim_lr3e-3_94f982/epochs/38
2026-02-06 15:15:28 | DEBUG    | Saving latest checkpoint
2026-02-06 15:15:29 | DEBUG    | Stepping scheduler
2026-02-06 15:15:29 | INFO     | [ssim_lr3e-3_94f982] Epoch 40/500 starting
2026-02-06 15:15:29 | DEBUG    | Starting training epoch 40 with 2205 batches (batch_log_interval=441)
2026-02-06 15:16:24 | DEBUG    |   Train batch 441/2205: loss=0.2365, time=[min=88.2, avg=94.2, max=109.0]ms
2026-02-06 15:17:12 | DEBUG    |   Train batch 882/2205: loss=0.2356, time=[min=88.5, avg=97.7, max=116.1]ms
2026-02-06 15:18:01 | DEBUG    |   Train batch 1323/2205: loss=0.2348, time=[min=88.3, avg=94.9, max=112.2]ms
2026-02-06 15:18:49 | DEBUG    |   Train batch 1764/2205: loss=0.2389, time=[min=86.2, avg=94.6, max=114.5]ms
2026-02-06 15:19:37 | DEBUG    |   Train batch 2205/2205: loss=0.2374, time=[min=88.2, avg=95.4, max=114.4]ms
2026-02-06 15:19:47 | DEBUG    | Training epoch 40 complete: avg_loss=0.2366, time=258.21s, avg_batch_time=95.4ms
2026-02-06 15:19:47 | DEBUG    | Starting validation epoch 40 with 553 batches (batch_log_interval=110)
2026-02-06 15:20:26 | DEBUG    |   Valid batch 110/553: loss=0.2541, time=[min=259.8, avg=308.3, max=352.7]ms
2026-02-06 15:21:00 | DEBUG    |   Valid batch 220/553: loss=0.2528, time=[min=290.8, avg=305.9, max=375.7]ms
2026-02-06 15:21:34 | DEBUG    |   Valid batch 330/553: loss=0.2516, time=[min=289.7, avg=306.8, max=333.6]ms
2026-02-06 15:22:08 | DEBUG    |   Valid batch 440/553: loss=0.2560, time=[min=286.4, avg=305.6, max=328.0]ms
2026-02-06 15:22:41 | DEBUG    |   Valid batch 550/553: loss=0.2570, time=[min=291.9, avg=305.5, max=330.0]ms
2026-02-06 15:22:52 | DEBUG    |   Per-crop SSIM: center=0.6997, corners=0.7673, edges=0.7358
2026-02-06 15:22:52 | DEBUG    | Validation epoch 40 complete: avg_loss=0.2542, time=184.71s, avg_batch_time=306.1ms
2026-02-06 15:22:52 | DEBUG    | Saving epochs CSV
2026-02-06 15:22:52 | INFO     | [ssim_lr3e-3_94f982] Epoch 40/500 completed: train_loss=0.2366, valid_loss=0.2542, best=0.2543, time=442.92s (train=258.21s, valid=184.71s), run_avg=477.29s (n=40)
2026-02-06 15:22:52 | DEBUG    | Learning rate: 0.002965
2026-02-06 15:22:52 | INFO     |   Metrics: ssim=0.7458, ms_ssim=0.8492, mae=0.0389, gradient_mae=0.1435, psnr=19.9603, ncc=29128019.3994
2026-02-06 15:22:52 | INFO     | New best validation loss: 0.2542 (prev: 0.2543)
2026-02-06 15:22:52 | DEBUG    | Saving best model checkpoint to experiments/train_nn1_cropped/ssim_lr3e-3_94f982/epochs/39
2026-02-06 15:22:52 | DEBUG    | Saving latest checkpoint
2026-02-06 15:22:53 | DEBUG    | Stepping scheduler
2026-02-06 15:22:53 | INFO     | [ssim_lr3e-3_94f982] Epoch 41/500 starting
2026-02-06 15:22:53 | DEBUG    | Starting training epoch 41 with 2205 batches (batch_log_interval=441)
2026-02-06 15:23:46 | DEBUG    |   Train batch 441/2205: loss=0.2348, time=[min=87.8, avg=93.7, max=109.8]ms
2026-02-06 15:24:32 | DEBUG    |   Train batch 882/2205: loss=0.2375, time=[min=85.3, avg=92.7, max=105.7]ms
2026-02-06 15:25:19 | DEBUG    |   Train batch 1323/2205: loss=0.2352, time=[min=88.7, avg=93.4, max=111.3]ms
2026-02-06 15:26:06 | DEBUG    |   Train batch 1764/2205: loss=0.2380, time=[min=88.6, avg=94.2, max=111.7]ms
2026-02-06 15:26:53 | DEBUG    |   Train batch 2205/2205: loss=0.2355, time=[min=88.4, avg=94.3, max=110.2]ms
2026-02-06 15:27:03 | DEBUG    | Training epoch 41 complete: avg_loss=0.2362, time=250.20s, avg_batch_time=93.7ms
2026-02-06 15:27:03 | DEBUG    | Starting validation epoch 41 with 553 batches (batch_log_interval=110)
2026-02-06 15:27:42 | DEBUG    |   Valid batch 110/553: loss=0.2550, time=[min=292.0, avg=310.3, max=366.7]ms
2026-02-06 15:28:16 | DEBUG    |   Valid batch 220/553: loss=0.2537, time=[min=290.3, avg=306.8, max=331.5]ms
2026-02-06 15:28:50 | DEBUG    |   Valid batch 330/553: loss=0.2523, time=[min=290.4, avg=303.4, max=323.4]ms
2026-02-06 15:29:24 | DEBUG    |   Valid batch 440/553: loss=0.2567, time=[min=291.4, avg=308.0, max=348.3]ms
2026-02-06 15:29:57 | DEBUG    |   Valid batch 550/553: loss=0.2579, time=[min=255.3, avg=304.3, max=347.1]ms
2026-02-06 15:30:08 | DEBUG    |   Per-crop SSIM: center=0.6983, corners=0.7668, edges=0.7348
2026-02-06 15:30:08 | DEBUG    | Validation epoch 41 complete: avg_loss=0.2550, time=184.80s, avg_batch_time=306.2ms
2026-02-06 15:30:08 | DEBUG    | Saving epochs CSV
2026-02-06 15:30:08 | INFO     | [ssim_lr3e-3_94f982] Epoch 41/500 completed: train_loss=0.2362, valid_loss=0.2550, best=0.2542, time=435.00s (train=250.20s, valid=184.80s), run_avg=476.26s (n=41)
2026-02-06 15:30:08 | DEBUG    | Learning rate: 0.002963
2026-02-06 15:30:08 | INFO     |   Metrics: ssim=0.7450, ms_ssim=0.8471, mae=0.0389, gradient_mae=0.1438, psnr=19.9060, ncc=24167461.9594
2026-02-06 15:30:08 | DEBUG    | Saving latest checkpoint
2026-02-06 15:30:09 | DEBUG    | Stepping scheduler
2026-02-06 15:30:09 | INFO     | [ssim_lr3e-3_94f982] Epoch 42/500 starting
2026-02-06 15:30:09 | DEBUG    | Starting training epoch 42 with 2205 batches (batch_log_interval=441)
2026-02-06 15:31:01 | DEBUG    |   Train batch 441/2205: loss=0.2341, time=[min=87.7, avg=93.1, max=110.8]ms
2026-02-06 15:31:47 | DEBUG    |   Train batch 882/2205: loss=0.2361, time=[min=88.0, avg=95.2, max=113.0]ms
2026-02-06 15:32:32 | DEBUG    |   Train batch 1323/2205: loss=0.2366, time=[min=88.3, avg=92.3, max=111.2]ms
2026-02-06 15:33:17 | DEBUG    |   Train batch 1764/2205: loss=0.2374, time=[min=87.8, avg=92.0, max=102.6]ms
2026-02-06 15:34:02 | DEBUG    |   Train batch 2205/2205: loss=0.2359, time=[min=88.0, avg=91.9, max=105.6]ms
2026-02-06 15:34:13 | DEBUG    | Training epoch 42 complete: avg_loss=0.2360, time=243.98s, avg_batch_time=92.9ms
2026-02-06 15:34:13 | DEBUG    | Starting validation epoch 42 with 553 batches (batch_log_interval=110)
2026-02-06 15:34:51 | DEBUG    |   Valid batch 110/553: loss=0.2544, time=[min=252.3, avg=297.4, max=353.3]ms
2026-02-06 15:35:23 | DEBUG    |   Valid batch 220/553: loss=0.2530, time=[min=284.7, avg=297.6, max=315.4]ms
2026-02-06 15:35:56 | DEBUG    |   Valid batch 330/553: loss=0.2518, time=[min=281.4, avg=297.4, max=309.3]ms
2026-02-06 15:36:29 | DEBUG    |   Valid batch 440/553: loss=0.2562, time=[min=285.8, avg=296.8, max=317.0]ms
2026-02-06 15:37:02 | DEBUG    |   Valid batch 550/553: loss=0.2574, time=[min=283.3, avg=298.1, max=320.0]ms
2026-02-06 15:37:12 | DEBUG    |   Per-crop SSIM: center=0.6989, corners=0.7672, edges=0.7354
2026-02-06 15:37:12 | DEBUG    | Validation epoch 42 complete: avg_loss=0.2545, time=179.83s, avg_batch_time=297.2ms
2026-02-06 15:37:12 | DEBUG    | Saving epochs CSV
2026-02-06 15:37:12 | INFO     | [ssim_lr3e-3_94f982] Epoch 42/500 completed: train_loss=0.2360, valid_loss=0.2545, best=0.2542, time=423.81s (train=243.98s, valid=179.83s), run_avg=475.01s (n=42)
2026-02-06 15:37:12 | DEBUG    | Learning rate: 0.002961
2026-02-06 15:37:12 | INFO     |   Metrics: ssim=0.7455, ms_ssim=0.8483, mae=0.0384, gradient_mae=0.1430, psnr=19.9636, ncc=33682893.6375
2026-02-06 15:37:12 | DEBUG    | Saving latest checkpoint
2026-02-06 15:37:13 | DEBUG    | Stepping scheduler
2026-02-06 15:37:13 | INFO     | [ssim_lr3e-3_94f982] Epoch 43/500 starting
2026-02-06 15:37:13 | DEBUG    | Starting training epoch 43 with 2205 batches (batch_log_interval=441)
2026-02-06 15:38:05 | DEBUG    |   Train batch 441/2205: loss=0.2349, time=[min=85.4, avg=92.0, max=107.7]ms
2026-02-06 15:38:50 | DEBUG    |   Train batch 882/2205: loss=0.2371, time=[min=88.3, avg=92.1, max=106.2]ms
2026-02-06 15:39:35 | DEBUG    |   Train batch 1323/2205: loss=0.2358, time=[min=84.1, avg=92.0, max=105.2]ms
2026-02-06 15:40:20 | DEBUG    |   Train batch 1764/2205: loss=0.2374, time=[min=87.8, avg=92.4, max=106.3]ms
2026-02-06 15:41:05 | DEBUG    |   Train batch 2205/2205: loss=0.2350, time=[min=88.7, avg=92.6, max=104.0]ms
2026-02-06 15:41:15 | DEBUG    | Training epoch 43 complete: avg_loss=0.2361, time=242.18s, avg_batch_time=92.2ms
2026-02-06 15:41:15 | DEBUG    | Starting validation epoch 43 with 553 batches (batch_log_interval=110)
2026-02-06 15:41:53 | DEBUG    |   Valid batch 110/553: loss=0.2560, time=[min=279.1, avg=297.0, max=347.7]ms
2026-02-06 15:42:26 | DEBUG    |   Valid batch 220/553: loss=0.2548, time=[min=258.5, avg=298.7, max=344.9]ms
2026-02-06 15:42:59 | DEBUG    |   Valid batch 330/553: loss=0.2535, time=[min=285.0, avg=297.9, max=311.8]ms
2026-02-06 15:43:32 | DEBUG    |   Valid batch 440/553: loss=0.2578, time=[min=285.7, avg=299.3, max=312.9]ms
2026-02-06 15:44:05 | DEBUG    |   Valid batch 550/553: loss=0.2592, time=[min=288.4, avg=299.5, max=312.3]ms
2026-02-06 15:44:15 | DEBUG    |   Per-crop SSIM: center=0.6969, corners=0.7657, edges=0.7336
2026-02-06 15:44:15 | DEBUG    | Validation epoch 43 complete: avg_loss=0.2562, time=180.10s, avg_batch_time=298.2ms
2026-02-06 15:44:15 | DEBUG    | Saving epochs CSV
2026-02-06 15:44:15 | INFO     | [ssim_lr3e-3_94f982] Epoch 43/500 completed: train_loss=0.2361, valid_loss=0.2562, best=0.2542, time=422.28s (train=242.18s, valid=180.10s), run_avg=473.78s (n=43)
2026-02-06 15:44:15 | DEBUG    | Learning rate: 0.002959
2026-02-06 15:44:15 | INFO     |   Metrics: ssim=0.7438, ms_ssim=0.8462, mae=0.0403, gradient_mae=0.1453, psnr=19.8012, ncc=29674070.5381
2026-02-06 15:44:15 | DEBUG    | Saving latest checkpoint
2026-02-06 15:44:16 | DEBUG    | Stepping scheduler
2026-02-06 15:44:16 | INFO     | [ssim_lr3e-3_94f982] Epoch 44/500 starting
2026-02-06 15:44:16 | DEBUG    | Starting training epoch 44 with 2205 batches (batch_log_interval=441)
2026-02-06 15:45:07 | DEBUG    |   Train batch 441/2205: loss=0.2354, time=[min=87.3, avg=91.2, max=102.9]ms
2026-02-06 15:45:53 | DEBUG    |   Train batch 882/2205: loss=0.2341, time=[min=87.9, avg=91.8, max=103.2]ms
2026-02-06 15:46:38 | DEBUG    |   Train batch 1323/2205: loss=0.2382, time=[min=88.0, avg=92.1, max=101.5]ms
2026-02-06 15:47:23 | DEBUG    |   Train batch 1764/2205: loss=0.2367, time=[min=84.2, avg=92.1, max=105.5]ms
2026-02-06 15:48:08 | DEBUG    |   Train batch 2205/2205: loss=0.2360, time=[min=88.2, avg=92.4, max=107.9]ms
2026-02-06 15:48:18 | DEBUG    | Training epoch 44 complete: avg_loss=0.2361, time=242.28s, avg_batch_time=91.9ms
2026-02-06 15:48:18 | DEBUG    | Starting validation epoch 44 with 553 batches (batch_log_interval=110)
2026-02-06 15:48:56 | DEBUG    |   Valid batch 110/553: loss=0.2536, time=[min=282.0, avg=299.3, max=353.4]ms
2026-02-06 15:49:29 | DEBUG    |   Valid batch 220/553: loss=0.2521, time=[min=283.1, avg=300.0, max=321.4]ms
2026-02-06 15:50:02 | DEBUG    |   Valid batch 330/553: loss=0.2510, time=[min=289.4, avg=300.0, max=316.0]ms
2026-02-06 15:50:35 | DEBUG    |   Valid batch 440/553: loss=0.2553, time=[min=287.4, avg=298.1, max=317.3]ms
2026-02-06 15:51:08 | DEBUG    |   Valid batch 550/553: loss=0.2564, time=[min=252.3, avg=301.0, max=364.5]ms
2026-02-06 15:51:19 | DEBUG    |   Per-crop SSIM: center=0.6998, corners=0.7681, edges=0.7363
2026-02-06 15:51:19 | DEBUG    | Validation epoch 44 complete: avg_loss=0.2536, time=181.01s, avg_batch_time=299.4ms
2026-02-06 15:51:19 | DEBUG    | Saving epochs CSV
2026-02-06 15:51:19 | INFO     | [ssim_lr3e-3_94f982] Epoch 44/500 completed: train_loss=0.2361, valid_loss=0.2536, best=0.2542, time=423.30s (train=242.28s, valid=181.01s), run_avg=472.63s (n=44)
2026-02-06 15:51:19 | DEBUG    | Learning rate: 0.002957
2026-02-06 15:51:19 | INFO     |   Metrics: ssim=0.7464, ms_ssim=0.8478, mae=0.0412, gradient_mae=0.1418, psnr=19.8350, ncc=29904777.3400
2026-02-06 15:51:19 | INFO     | New best validation loss: 0.2536 (prev: 0.2542)
2026-02-06 15:51:19 | DEBUG    | Saving best model checkpoint to experiments/train_nn1_cropped/ssim_lr3e-3_94f982/epochs/43
2026-02-06 15:51:20 | DEBUG    | Saving latest checkpoint
2026-02-06 15:51:20 | DEBUG    | Stepping scheduler
2026-02-06 15:51:20 | INFO     | [ssim_lr3e-3_94f982] Epoch 45/500 starting
2026-02-06 15:51:20 | DEBUG    | Starting training epoch 45 with 2205 batches (batch_log_interval=441)
2026-02-06 15:52:12 | DEBUG    |   Train batch 441/2205: loss=0.2354, time=[min=87.2, avg=91.4, max=100.8]ms
2026-02-06 15:52:58 | DEBUG    |   Train batch 882/2205: loss=0.2350, time=[min=88.2, avg=91.9, max=102.9]ms
2026-02-06 15:53:44 | DEBUG    |   Train batch 1323/2205: loss=0.2356, time=[min=88.6, avg=92.5, max=107.6]ms
2026-02-06 15:54:29 | DEBUG    |   Train batch 1764/2205: loss=0.2381, time=[min=88.6, avg=92.2, max=106.7]ms
2026-02-06 15:55:15 | DEBUG    |   Train batch 2205/2205: loss=0.2367, time=[min=87.8, avg=92.5, max=105.0]ms
2026-02-06 15:55:25 | DEBUG    | Training epoch 45 complete: avg_loss=0.2361, time=245.26s, avg_batch_time=92.1ms
2026-02-06 15:55:25 | DEBUG    | Starting validation epoch 45 with 553 batches (batch_log_interval=110)
2026-02-06 15:56:04 | DEBUG    |   Valid batch 110/553: loss=0.2551, time=[min=254.5, avg=301.2, max=343.4]ms
2026-02-06 15:56:37 | DEBUG    |   Valid batch 220/553: loss=0.2538, time=[min=290.6, avg=301.2, max=318.6]ms
2026-02-06 15:57:10 | DEBUG    |   Valid batch 330/553: loss=0.2524, time=[min=288.7, avg=301.6, max=314.4]ms
2026-02-06 15:57:43 | DEBUG    |   Valid batch 440/553: loss=0.2568, time=[min=284.4, avg=301.3, max=317.7]ms
2026-02-06 15:58:16 | DEBUG    |   Valid batch 550/553: loss=0.2581, time=[min=285.5, avg=300.4, max=312.7]ms
2026-02-06 15:58:27 | DEBUG    |   Per-crop SSIM: center=0.6978, corners=0.7668, edges=0.7346
2026-02-06 15:58:27 | DEBUG    | Validation epoch 45 complete: avg_loss=0.2552, time=181.77s, avg_batch_time=300.8ms
2026-02-06 15:58:27 | DEBUG    | Saving epochs CSV
2026-02-06 15:58:27 | INFO     | [ssim_lr3e-3_94f982] Epoch 45/500 completed: train_loss=0.2361, valid_loss=0.2552, best=0.2536, time=427.03s (train=245.26s, valid=181.77s), run_avg=471.62s (n=45)
2026-02-06 15:58:27 | DEBUG    | Learning rate: 0.002954
2026-02-06 15:58:27 | INFO     |   Metrics: ssim=0.7448, ms_ssim=0.8462, mae=0.0406, gradient_mae=0.1437, psnr=19.7542, ncc=30845318.7129
2026-02-06 15:58:27 | DEBUG    | Saving latest checkpoint
2026-02-06 15:58:28 | DEBUG    | Stepping scheduler
2026-02-06 15:58:28 | INFO     | [ssim_lr3e-3_94f982] Epoch 46/500 starting
2026-02-06 15:58:28 | DEBUG    | Starting training epoch 46 with 2205 batches (batch_log_interval=441)
2026-02-06 15:59:19 | DEBUG    |   Train batch 441/2205: loss=0.2347, time=[min=87.5, avg=91.6, max=105.1]ms
2026-02-06 16:00:04 | DEBUG    |   Train batch 882/2205: loss=0.2350, time=[min=88.5, avg=92.2, max=106.6]ms
2026-02-06 16:00:50 | DEBUG    |   Train batch 1323/2205: loss=0.2351, time=[min=83.9, avg=92.4, max=107.0]ms
2026-02-06 16:01:34 | DEBUG    |   Train batch 1764/2205: loss=0.2373, time=[min=88.3, avg=92.3, max=104.9]ms
2026-02-06 16:02:20 | DEBUG    |   Train batch 2205/2205: loss=0.2377, time=[min=87.5, avg=92.2, max=103.9]ms
2026-02-06 16:02:30 | DEBUG    | Training epoch 46 complete: avg_loss=0.2360, time=242.34s, avg_batch_time=92.1ms
2026-02-06 16:02:30 | DEBUG    | Starting validation epoch 46 with 553 batches (batch_log_interval=110)
2026-02-06 16:03:08 | DEBUG    |   Valid batch 110/553: loss=0.2545, time=[min=289.2, avg=299.8, max=356.1]ms
2026-02-06 16:03:41 | DEBUG    |   Valid batch 220/553: loss=0.2534, time=[min=287.9, avg=298.2, max=317.0]ms
2026-02-06 16:04:14 | DEBUG    |   Valid batch 330/553: loss=0.2521, time=[min=285.0, avg=299.0, max=315.7]ms
2026-02-06 16:04:47 | DEBUG    |   Valid batch 440/553: loss=0.2563, time=[min=286.0, avg=298.7, max=313.5]ms
2026-02-06 16:05:20 | DEBUG    |   Valid batch 550/553: loss=0.2576, time=[min=289.2, avg=300.0, max=318.1]ms
2026-02-06 16:05:31 | DEBUG    |   Per-crop SSIM: center=0.6985, corners=0.7672, edges=0.7351
2026-02-06 16:05:31 | DEBUG    | Validation epoch 46 complete: avg_loss=0.2547, time=180.45s, avg_batch_time=298.8ms
2026-02-06 16:05:31 | DEBUG    | Saving epochs CSV
2026-02-06 16:05:31 | INFO     | [ssim_lr3e-3_94f982] Epoch 46/500 completed: train_loss=0.2360, valid_loss=0.2547, best=0.2536, time=422.79s (train=242.34s, valid=180.45s), run_avg=470.56s (n=46)
2026-02-06 16:05:31 | DEBUG    | Learning rate: 0.002952
2026-02-06 16:05:31 | INFO     |   Metrics: ssim=0.7453, ms_ssim=0.8475, mae=0.0388, gradient_mae=0.1432, psnr=19.9228, ncc=29984500.1950
2026-02-06 16:05:31 | DEBUG    | Saving latest checkpoint
2026-02-06 16:05:31 | DEBUG    | Stepping scheduler
2026-02-06 16:05:31 | INFO     | [ssim_lr3e-3_94f982] Epoch 47/500 starting
2026-02-06 16:05:31 | DEBUG    | Starting training epoch 47 with 2205 batches (batch_log_interval=441)
2026-02-06 16:06:23 | DEBUG    |   Train batch 441/2205: loss=0.2354, time=[min=87.9, avg=92.3, max=106.1]ms
2026-02-06 16:07:09 | DEBUG    |   Train batch 882/2205: loss=0.2368, time=[min=88.4, avg=92.8, max=106.3]ms
2026-02-06 16:07:54 | DEBUG    |   Train batch 1323/2205: loss=0.2340, time=[min=85.2, avg=92.5, max=105.1]ms
2026-02-06 16:08:40 | DEBUG    |   Train batch 1764/2205: loss=0.2380, time=[min=88.1, avg=92.6, max=109.3]ms
2026-02-06 16:09:25 | DEBUG    |   Train batch 2205/2205: loss=0.2354, time=[min=88.1, avg=92.5, max=107.2]ms
2026-02-06 16:09:35 | DEBUG    | Training epoch 47 complete: avg_loss=0.2359, time=244.01s, avg_batch_time=92.5ms
2026-02-06 16:09:35 | DEBUG    | Starting validation epoch 47 with 553 batches (batch_log_interval=110)
2026-02-06 16:10:13 | DEBUG    |   Valid batch 110/553: loss=0.2548, time=[min=263.9, avg=298.7, max=343.1]ms
2026-02-06 16:10:47 | DEBUG    |   Valid batch 220/553: loss=0.2535, time=[min=289.4, avg=304.6, max=334.3]ms
2026-02-06 16:11:22 | DEBUG    |   Valid batch 330/553: loss=0.2524, time=[min=302.8, avg=317.1, max=336.1]ms
2026-02-06 16:11:57 | DEBUG    |   Valid batch 440/553: loss=0.2566, time=[min=306.1, avg=318.0, max=349.2]ms
2026-02-06 16:12:32 | DEBUG    |   Valid batch 550/553: loss=0.2578, time=[min=272.3, avg=317.9, max=354.1]ms
2026-02-06 16:12:42 | DEBUG    |   Per-crop SSIM: center=0.6981, corners=0.7670, edges=0.7348
2026-02-06 16:12:42 | DEBUG    | Validation epoch 47 complete: avg_loss=0.2550, time=187.18s, avg_batch_time=311.0ms
2026-02-06 16:12:42 | DEBUG    | Saving epochs CSV
2026-02-06 16:12:42 | INFO     | [ssim_lr3e-3_94f982] Epoch 47/500 completed: train_loss=0.2359, valid_loss=0.2550, best=0.2536, time=431.20s (train=244.01s, valid=187.18s), run_avg=469.72s (n=47)
2026-02-06 16:12:42 | DEBUG    | Learning rate: 0.002950
2026-02-06 16:12:42 | INFO     |   Metrics: ssim=0.7450, ms_ssim=0.8471, mae=0.0404, gradient_mae=0.1438, psnr=19.8176, ncc=29100254.3575
2026-02-06 16:12:42 | DEBUG    | Saving latest checkpoint
2026-02-06 16:12:43 | DEBUG    | Stepping scheduler
2026-02-06 16:12:43 | INFO     | [ssim_lr3e-3_94f982] Epoch 48/500 starting
2026-02-06 16:12:43 | DEBUG    | Starting training epoch 48 with 2205 batches (batch_log_interval=441)
2026-02-06 16:13:36 | DEBUG    |   Train batch 441/2205: loss=0.2343, time=[min=94.2, avg=98.1, max=108.8]ms
2026-02-06 16:14:23 | DEBUG    |   Train batch 882/2205: loss=0.2361, time=[min=95.1, avg=99.3, max=111.7]ms
2026-02-06 16:15:10 | DEBUG    |   Train batch 1323/2205: loss=0.2354, time=[min=96.0, avg=99.8, max=113.6]ms
2026-02-06 16:15:56 | DEBUG    |   Train batch 1764/2205: loss=0.2384, time=[min=95.5, avg=99.5, max=112.7]ms
2026-02-06 16:16:44 | DEBUG    |   Train batch 2205/2205: loss=0.2359, time=[min=95.0, avg=99.4, max=112.1]ms
2026-02-06 16:16:54 | DEBUG    | Training epoch 48 complete: avg_loss=0.2360, time=250.42s, avg_batch_time=99.2ms
2026-02-06 16:16:54 | DEBUG    | Starting validation epoch 48 with 553 batches (batch_log_interval=110)
2026-02-06 16:17:34 | DEBUG    |   Valid batch 110/553: loss=0.2538, time=[min=273.8, avg=318.3, max=367.5]ms
2026-02-06 16:18:09 | DEBUG    |   Valid batch 220/553: loss=0.2524, time=[min=303.7, avg=316.7, max=328.3]ms
2026-02-06 16:18:44 | DEBUG    |   Valid batch 330/553: loss=0.2512, time=[min=303.4, avg=318.5, max=333.3]ms
2026-02-06 16:19:19 | DEBUG    |   Valid batch 440/553: loss=0.2556, time=[min=300.5, avg=319.5, max=333.4]ms
2026-02-06 16:19:54 | DEBUG    |   Valid batch 550/553: loss=0.2566, time=[min=304.6, avg=319.8, max=333.3]ms
2026-02-06 16:20:05 | DEBUG    |   Per-crop SSIM: center=0.6998, corners=0.7678, edges=0.7361
2026-02-06 16:20:05 | DEBUG    | Validation epoch 48 complete: avg_loss=0.2539, time=191.36s, avg_batch_time=318.3ms
2026-02-06 16:20:05 | DEBUG    | Saving epochs CSV
2026-02-06 16:20:05 | INFO     | [ssim_lr3e-3_94f982] Epoch 48/500 completed: train_loss=0.2360, valid_loss=0.2539, best=0.2536, time=441.77s (train=250.42s, valid=191.36s), run_avg=469.14s (n=48)
2026-02-06 16:20:05 | DEBUG    | Learning rate: 0.002947
2026-02-06 16:20:05 | INFO     |   Metrics: ssim=0.7461, ms_ssim=0.8486, mae=0.0387, gradient_mae=0.1424, psnr=19.9503, ncc=28574715.4319
2026-02-06 16:20:05 | DEBUG    | Saving latest checkpoint
2026-02-06 16:20:06 | DEBUG    | Stepping scheduler
2026-02-06 16:20:06 | INFO     | [ssim_lr3e-3_94f982] Epoch 49/500 starting
2026-02-06 16:20:06 | DEBUG    | Starting training epoch 49 with 2205 batches (batch_log_interval=441)
2026-02-06 16:20:58 | DEBUG    |   Train batch 441/2205: loss=0.2337, time=[min=84.3, avg=97.0, max=113.6]ms
2026-02-06 16:21:45 | DEBUG    |   Train batch 882/2205: loss=0.2356, time=[min=89.7, avg=99.2, max=111.3]ms
2026-02-06 16:22:31 | DEBUG    |   Train batch 1323/2205: loss=0.2356, time=[min=94.2, avg=99.1, max=112.9]ms
2026-02-06 16:23:18 | DEBUG    |   Train batch 1764/2205: loss=0.2379, time=[min=94.4, avg=98.6, max=111.4]ms
2026-02-06 16:24:04 | DEBUG    |   Train batch 2205/2205: loss=0.2366, time=[min=95.0, avg=98.9, max=114.3]ms
2026-02-06 16:24:14 | DEBUG    | Training epoch 49 complete: avg_loss=0.2359, time=248.51s, avg_batch_time=98.6ms
2026-02-06 16:24:14 | DEBUG    | Starting validation epoch 49 with 553 batches (batch_log_interval=110)
2026-02-06 16:24:54 | DEBUG    |   Valid batch 110/553: loss=0.2559, time=[min=273.0, avg=317.4, max=382.2]ms
2026-02-06 16:25:29 | DEBUG    |   Valid batch 220/553: loss=0.2546, time=[min=302.7, avg=316.2, max=329.5]ms
2026-02-06 16:26:04 | DEBUG    |   Valid batch 330/553: loss=0.2531, time=[min=304.8, avg=316.6, max=329.8]ms
2026-02-06 16:26:39 | DEBUG    |   Valid batch 440/553: loss=0.2576, time=[min=302.4, avg=318.1, max=359.5]ms
2026-02-06 16:27:14 | DEBUG    |   Valid batch 550/553: loss=0.2586, time=[min=305.1, avg=318.4, max=329.0]ms
2026-02-06 16:27:25 | DEBUG    |   Per-crop SSIM: center=0.6973, corners=0.7660, edges=0.7339
2026-02-06 16:27:25 | DEBUG    | Validation epoch 49 complete: avg_loss=0.2559, time=190.73s, avg_batch_time=317.0ms
2026-02-06 16:27:25 | DEBUG    | Saving epochs CSV
2026-02-06 16:27:25 | INFO     | [ssim_lr3e-3_94f982] Epoch 49/500 completed: train_loss=0.2359, valid_loss=0.2559, best=0.2536, time=439.24s (train=248.51s, valid=190.73s), run_avg=468.53s (n=49)
2026-02-06 16:27:25 | DEBUG    | Learning rate: 0.002945
2026-02-06 16:27:25 | INFO     |   Metrics: ssim=0.7441, ms_ssim=0.8455, mae=0.0405, gradient_mae=0.1450, psnr=19.7235, ncc=30326967.8310
2026-02-06 16:27:25 | DEBUG    | Saving latest checkpoint
2026-02-06 16:27:25 | DEBUG    | Stepping scheduler
2026-02-06 16:27:25 | INFO     | [ssim_lr3e-3_94f982] Epoch 50/500 starting
2026-02-06 16:27:25 | DEBUG    | Starting training epoch 50 with 2205 batches (batch_log_interval=441)
2026-02-06 16:28:18 | DEBUG    |   Train batch 441/2205: loss=0.2358, time=[min=94.2, avg=98.2, max=116.6]ms
2026-02-06 16:29:05 | DEBUG    |   Train batch 882/2205: loss=0.2353, time=[min=94.9, avg=98.9, max=112.0]ms
2026-02-06 16:29:51 | DEBUG    |   Train batch 1323/2205: loss=0.2348, time=[min=89.4, avg=98.0, max=110.2]ms
2026-02-06 16:31:50 | DEBUG    |   Train batch 1764/2205: loss=0.2362, time=[min=90.1, avg=158.1, max=245.4]ms
2026-02-06 16:34:21 | DEBUG    |   Train batch 2205/2205: loss=0.2368, time=[min=96.0, avg=171.0, max=246.9]ms
2026-02-06 16:34:31 | DEBUG    | Training epoch 50 complete: avg_loss=0.2358, time=425.19s, avg_batch_time=124.8ms
2026-02-06 16:34:31 | DEBUG    | Starting validation epoch 50 with 553 batches (batch_log_interval=110)
2026-02-06 16:35:46 | DEBUG    |   Valid batch 110/553: loss=0.2543, time=[min=326.3, avg=513.1, max=909.2]ms
2026-02-06 16:36:48 | DEBUG    |   Valid batch 220/553: loss=0.2529, time=[min=327.3, avg=559.3, max=875.6]ms
2026-02-06 16:37:54 | DEBUG    |   Valid batch 330/553: loss=0.2517, time=[min=345.3, avg=591.9, max=1016.1]ms
2026-02-06 16:38:56 | DEBUG    |   Valid batch 440/553: loss=0.2561, time=[min=329.0, avg=565.2, max=1008.2]ms
2026-02-06 16:39:54 | DEBUG    |   Valid batch 550/553: loss=0.2572, time=[min=268.0, avg=519.9, max=901.0]ms
2026-02-06 16:40:05 | DEBUG    |   Per-crop SSIM: center=0.6990, corners=0.7674, edges=0.7355
2026-02-06 16:40:05 | DEBUG    | Validation epoch 50 complete: avg_loss=0.2544, time=334.46s, avg_batch_time=548.3ms
2026-02-06 16:40:05 | DEBUG    | Saving epochs CSV
2026-02-06 16:40:05 | INFO     | [ssim_lr3e-3_94f982] Epoch 50/500 completed: train_loss=0.2358, valid_loss=0.2544, best=0.2536, time=759.66s (train=425.19s, valid=334.46s), run_avg=474.35s (n=50)
2026-02-06 16:40:05 | DEBUG    | Learning rate: 0.002942
2026-02-06 16:40:05 | INFO     |   Metrics: ssim=0.7456, ms_ssim=0.8476, mae=0.0400, gradient_mae=0.1434, psnr=19.8480, ncc=44659510.4462
2026-02-06 16:40:05 | DEBUG    | Saving latest checkpoint
2026-02-06 16:40:06 | DEBUG    | Stepping scheduler
2026-02-06 16:40:06 | INFO     | [ssim_lr3e-3_94f982] Epoch 51/500 starting
2026-02-06 16:40:06 | DEBUG    | Starting training epoch 51 with 2205 batches (batch_log_interval=441)
2026-02-06 16:41:02 | DEBUG    |   Train batch 441/2205: loss=0.2339, time=[min=87.9, avg=94.4, max=106.2]ms
2026-02-06 16:41:51 | DEBUG    |   Train batch 882/2205: loss=0.2362, time=[min=90.2, avg=95.0, max=109.3]ms
2026-02-06 16:42:39 | DEBUG    |   Train batch 1323/2205: loss=0.2347, time=[min=88.4, avg=94.4, max=106.3]ms
2026-02-06 16:43:26 | DEBUG    |   Train batch 1764/2205: loss=0.2363, time=[min=88.1, avg=91.4, max=101.0]ms
2026-02-06 16:44:14 | DEBUG    |   Train batch 2205/2205: loss=0.2364, time=[min=87.5, avg=91.6, max=103.2]ms
2026-02-06 16:44:24 | DEBUG    | Training epoch 51 complete: avg_loss=0.2355, time=258.02s, avg_batch_time=93.3ms
2026-02-06 16:44:24 | DEBUG    | Starting validation epoch 51 with 553 batches (batch_log_interval=110)
2026-02-06 16:45:02 | DEBUG    |   Valid batch 110/553: loss=0.2551, time=[min=253.4, avg=302.5, max=364.6]ms
2026-02-06 16:45:36 | DEBUG    |   Valid batch 220/553: loss=0.2536, time=[min=288.4, avg=306.1, max=325.4]ms
2026-02-06 16:46:10 | DEBUG    |   Valid batch 330/553: loss=0.2525, time=[min=288.0, avg=312.4, max=356.2]ms
2026-02-06 16:46:44 | DEBUG    |   Valid batch 440/553: loss=0.2567, time=[min=293.2, avg=309.3, max=336.6]ms
2026-02-06 16:47:18 | DEBUG    |   Valid batch 550/553: loss=0.2579, time=[min=289.3, avg=308.1, max=325.8]ms
2026-02-06 16:47:29 | DEBUG    |   Per-crop SSIM: center=0.6981, corners=0.7668, edges=0.7347
2026-02-06 16:47:29 | DEBUG    | Validation epoch 51 complete: avg_loss=0.2551, time=185.42s, avg_batch_time=307.4ms
2026-02-06 16:47:29 | DEBUG    | Saving epochs CSV
2026-02-06 16:47:29 | INFO     | [ssim_lr3e-3_94f982] Epoch 51/500 completed: train_loss=0.2355, valid_loss=0.2551, best=0.2536, time=443.44s (train=258.02s, valid=185.42s), run_avg=473.74s (n=51)
2026-02-06 16:47:29 | DEBUG    | Learning rate: 0.002939
2026-02-06 16:47:29 | INFO     |   Metrics: ssim=0.7449, ms_ssim=0.8465, mae=0.0407, gradient_mae=0.1434, psnr=19.8579, ncc=25122105.1645
2026-02-06 16:47:29 | DEBUG    | Saving latest checkpoint
2026-02-06 16:47:30 | DEBUG    | Stepping scheduler
2026-02-06 16:47:30 | INFO     | [ssim_lr3e-3_94f982] Epoch 52/500 starting
2026-02-06 16:47:30 | DEBUG    | Starting training epoch 52 with 2205 batches (batch_log_interval=441)
2026-02-06 16:48:25 | DEBUG    |   Train batch 441/2205: loss=0.2343, time=[min=87.5, avg=96.1, max=111.2]ms
2026-02-06 16:49:14 | DEBUG    |   Train batch 882/2205: loss=0.2343, time=[min=88.2, avg=95.1, max=106.8]ms
2026-02-06 16:50:02 | DEBUG    |   Train batch 1323/2205: loss=0.2353, time=[min=87.9, avg=94.2, max=111.0]ms
2026-02-06 16:50:51 | DEBUG    |   Train batch 1764/2205: loss=0.2373, time=[min=88.1, avg=95.2, max=111.0]ms
2026-02-06 16:51:40 | DEBUG    |   Train batch 2205/2205: loss=0.2362, time=[min=88.6, avg=93.9, max=113.2]ms
2026-02-06 16:51:50 | DEBUG    | Training epoch 52 complete: avg_loss=0.2355, time=259.78s, avg_batch_time=94.9ms
2026-02-06 16:51:50 | DEBUG    | Starting validation epoch 52 with 553 batches (batch_log_interval=110)
2026-02-06 16:52:28 | DEBUG    |   Valid batch 110/553: loss=0.2545, time=[min=250.8, avg=299.7, max=344.5]ms
2026-02-06 16:53:01 | DEBUG    |   Valid batch 220/553: loss=0.2532, time=[min=287.5, avg=302.1, max=337.1]ms
2026-02-06 16:53:35 | DEBUG    |   Valid batch 330/553: loss=0.2519, time=[min=253.2, avg=306.8, max=423.4]ms
2026-02-06 16:54:08 | DEBUG    |   Valid batch 440/553: loss=0.2562, time=[min=287.8, avg=304.3, max=334.0]ms
2026-02-06 16:54:41 | DEBUG    |   Valid batch 550/553: loss=0.2574, time=[min=284.0, avg=298.4, max=313.4]ms
2026-02-06 16:54:52 | DEBUG    |   Per-crop SSIM: center=0.6987, corners=0.7672, edges=0.7353
2026-02-06 16:54:52 | DEBUG    | Validation epoch 52 complete: avg_loss=0.2546, time=182.48s, avg_batch_time=302.0ms
2026-02-06 16:54:52 | DEBUG    | Saving epochs CSV
2026-02-06 16:54:52 | INFO     | [ssim_lr3e-3_94f982] Epoch 52/500 completed: train_loss=0.2355, valid_loss=0.2546, best=0.2536, time=442.26s (train=259.78s, valid=182.48s), run_avg=473.14s (n=52)
2026-02-06 16:54:52 | DEBUG    | Learning rate: 0.002937
2026-02-06 16:54:52 | INFO     |   Metrics: ssim=0.7454, ms_ssim=0.8472, mae=0.0415, gradient_mae=0.1433, psnr=19.8265, ncc=28270226.3040
2026-02-06 16:54:52 | DEBUG    | Saving latest checkpoint
2026-02-06 16:54:53 | DEBUG    | Stepping scheduler
2026-02-06 16:54:53 | INFO     | [ssim_lr3e-3_94f982] Epoch 53/500 starting
2026-02-06 16:54:53 | DEBUG    | Starting training epoch 53 with 2205 batches (batch_log_interval=441)
2026-02-06 16:55:47 | DEBUG    |   Train batch 441/2205: loss=0.2349, time=[min=87.8, avg=92.8, max=105.8]ms
2026-02-06 16:56:35 | DEBUG    |   Train batch 882/2205: loss=0.2360, time=[min=87.7, avg=92.8, max=104.4]ms
2026-02-06 16:57:24 | DEBUG    |   Train batch 1323/2205: loss=0.2360, time=[min=88.2, avg=93.2, max=111.0]ms
2026-02-06 16:58:13 | DEBUG    |   Train batch 1764/2205: loss=0.2343, time=[min=88.0, avg=91.8, max=103.8]ms
2026-02-06 16:59:02 | DEBUG    |   Train batch 2205/2205: loss=0.2359, time=[min=88.2, avg=92.5, max=106.2]ms
2026-02-06 16:59:12 | DEBUG    | Training epoch 53 complete: avg_loss=0.2354, time=259.65s, avg_batch_time=92.6ms
2026-02-06 16:59:12 | DEBUG    | Starting validation epoch 53 with 553 batches (batch_log_interval=110)
2026-02-06 16:59:51 | DEBUG    |   Valid batch 110/553: loss=0.2544, time=[min=250.8, avg=305.2, max=358.9]ms
2026-02-06 17:00:24 | DEBUG    |   Valid batch 220/553: loss=0.2530, time=[min=288.4, avg=300.5, max=321.3]ms
2026-02-06 17:00:57 | DEBUG    |   Valid batch 330/553: loss=0.2518, time=[min=283.5, avg=300.5, max=341.0]ms
2026-02-06 17:01:31 | DEBUG    |   Valid batch 440/553: loss=0.2562, time=[min=289.0, avg=302.3, max=316.3]ms
2026-02-06 17:02:04 | DEBUG    |   Valid batch 550/553: loss=0.2572, time=[min=288.7, avg=303.4, max=321.2]ms
2026-02-06 17:02:15 | DEBUG    |   Per-crop SSIM: center=0.6988, corners=0.7674, edges=0.7354
2026-02-06 17:02:15 | DEBUG    | Validation epoch 53 complete: avg_loss=0.2545, time=182.70s, avg_batch_time=302.1ms
2026-02-06 17:02:15 | DEBUG    | Saving epochs CSV
2026-02-06 17:02:15 | INFO     | [ssim_lr3e-3_94f982] Epoch 53/500 completed: train_loss=0.2354, valid_loss=0.2545, best=0.2536, time=442.35s (train=259.65s, valid=182.70s), run_avg=472.56s (n=53)
2026-02-06 17:02:15 | DEBUG    | Learning rate: 0.002934
2026-02-06 17:02:15 | INFO     |   Metrics: ssim=0.7455, ms_ssim=0.8473, mae=0.0395, gradient_mae=0.1423, psnr=19.8992, ncc=33804402.2441
2026-02-06 17:02:15 | DEBUG    | Saving latest checkpoint
2026-02-06 17:02:16 | DEBUG    | Stepping scheduler
2026-02-06 17:02:16 | INFO     | [ssim_lr3e-3_94f982] Epoch 54/500 starting
2026-02-06 17:02:16 | DEBUG    | Starting training epoch 54 with 2205 batches (batch_log_interval=441)
2026-02-06 17:03:09 | DEBUG    |   Train batch 441/2205: loss=0.2343, time=[min=87.9, avg=92.3, max=103.0]ms
2026-02-06 17:04:02 | DEBUG    |   Train batch 882/2205: loss=0.2348, time=[min=88.1, avg=93.9, max=129.3]ms
2026-02-06 17:04:53 | DEBUG    |   Train batch 1323/2205: loss=0.2352, time=[min=89.0, avg=95.0, max=110.5]ms
2026-02-06 17:05:45 | DEBUG    |   Train batch 1764/2205: loss=0.2367, time=[min=90.4, avg=95.5, max=107.0]ms
2026-02-06 17:06:37 | DEBUG    |   Train batch 2205/2205: loss=0.2353, time=[min=89.9, avg=96.4, max=194.4]ms
2026-02-06 17:06:47 | DEBUG    | Training epoch 54 complete: avg_loss=0.2353, time=271.76s, avg_batch_time=94.6ms
2026-02-06 17:06:47 | DEBUG    | Starting validation epoch 54 with 553 batches (batch_log_interval=110)
2026-02-06 17:07:26 | DEBUG    |   Valid batch 110/553: loss=0.2567, time=[min=278.7, avg=301.1, max=354.9]ms
2026-02-06 17:08:00 | DEBUG    |   Valid batch 220/553: loss=0.2556, time=[min=287.9, avg=307.9, max=331.7]ms
2026-02-06 17:08:35 | DEBUG    |   Valid batch 330/553: loss=0.2543, time=[min=288.1, avg=311.9, max=341.3]ms
2026-02-06 17:09:09 | DEBUG    |   Valid batch 440/553: loss=0.2589, time=[min=294.5, avg=311.7, max=330.0]ms
2026-02-06 17:09:42 | DEBUG    |   Valid batch 550/553: loss=0.2600, time=[min=285.5, avg=301.3, max=319.5]ms
2026-02-06 17:09:53 | DEBUG    |   Per-crop SSIM: center=0.6964, corners=0.7647, edges=0.7328
2026-02-06 17:09:53 | DEBUG    | Validation epoch 54 complete: avg_loss=0.2571, time=185.52s, avg_batch_time=306.4ms
2026-02-06 17:09:53 | DEBUG    | Saving epochs CSV
2026-02-06 17:09:53 | INFO     | [ssim_lr3e-3_94f982] Epoch 54/500 completed: train_loss=0.2353, valid_loss=0.2571, best=0.2536, time=457.28s (train=271.76s, valid=185.52s), run_avg=472.28s (n=54)
2026-02-06 17:09:53 | DEBUG    | Learning rate: 0.002931
2026-02-06 17:09:53 | INFO     |   Metrics: ssim=0.7429, ms_ssim=0.8450, mae=0.0408, gradient_mae=0.1447, psnr=19.8017, ncc=24408731.7839
2026-02-06 17:09:53 | DEBUG    | Saving latest checkpoint
2026-02-06 17:09:54 | DEBUG    | Stepping scheduler
2026-02-06 17:09:54 | INFO     | [ssim_lr3e-3_94f982] Epoch 55/500 starting
2026-02-06 17:09:54 | DEBUG    | Starting training epoch 55 with 2205 batches (batch_log_interval=441)
2026-02-06 17:10:49 | DEBUG    |   Train batch 441/2205: loss=0.2356, time=[min=88.7, avg=95.1, max=106.6]ms
2026-02-06 17:11:39 | DEBUG    |   Train batch 882/2205: loss=0.2341, time=[min=88.1, avg=92.8, max=104.2]ms
2026-02-06 17:12:29 | DEBUG    |   Train batch 1323/2205: loss=0.2355, time=[min=88.4, avg=92.5, max=104.9]ms
2026-02-06 17:13:19 | DEBUG    |   Train batch 1764/2205: loss=0.2354, time=[min=87.9, avg=94.6, max=110.4]ms
2026-02-06 17:14:09 | DEBUG    |   Train batch 2205/2205: loss=0.2360, time=[min=83.9, avg=92.9, max=104.2]ms
2026-02-06 17:14:19 | DEBUG    | Training epoch 55 complete: avg_loss=0.2353, time=265.35s, avg_batch_time=93.6ms
2026-02-06 17:14:19 | DEBUG    | Starting validation epoch 55 with 553 batches (batch_log_interval=110)
2026-02-06 17:14:59 | DEBUG    |   Valid batch 110/553: loss=0.2542, time=[min=254.3, avg=318.9, max=382.6]ms
2026-02-06 17:15:39 | DEBUG    |   Valid batch 220/553: loss=0.2529, time=[min=315.0, avg=357.3, max=892.6]ms
2026-02-06 17:16:16 | DEBUG    |   Valid batch 330/553: loss=0.2518, time=[min=292.3, avg=340.4, max=405.9]ms
2026-02-06 17:16:52 | DEBUG    |   Valid batch 440/553: loss=0.2562, time=[min=289.0, avg=327.4, max=405.7]ms
2026-02-06 17:17:26 | DEBUG    |   Valid batch 550/553: loss=0.2572, time=[min=287.0, avg=303.0, max=321.3]ms
2026-02-06 17:17:36 | DEBUG    |   Per-crop SSIM: center=0.6989, corners=0.7674, edges=0.7355
2026-02-06 17:17:36 | DEBUG    | Validation epoch 55 complete: avg_loss=0.2544, time=197.40s, avg_batch_time=328.9ms
2026-02-06 17:17:36 | DEBUG    | Saving epochs CSV
2026-02-06 17:17:36 | INFO     | [ssim_lr3e-3_94f982] Epoch 55/500 completed: train_loss=0.2353, valid_loss=0.2544, best=0.2536, time=462.74s (train=265.35s, valid=197.40s), run_avg=472.10s (n=55)
2026-02-06 17:17:36 | DEBUG    | Learning rate: 0.002928
2026-02-06 17:17:36 | INFO     |   Metrics: ssim=0.7456, ms_ssim=0.8475, mae=0.0404, gradient_mae=0.1437, psnr=19.8395, ncc=41622247.7189
2026-02-06 17:17:36 | DEBUG    | Saving latest checkpoint
2026-02-06 17:17:37 | DEBUG    | Stepping scheduler
2026-02-06 17:17:37 | INFO     | [ssim_lr3e-3_94f982] Epoch 56/500 starting
2026-02-06 17:17:37 | DEBUG    | Starting training epoch 56 with 2205 batches (batch_log_interval=441)
2026-02-06 17:18:33 | DEBUG    |   Train batch 441/2205: loss=0.2338, time=[min=88.1, avg=92.6, max=105.8]ms
2026-02-06 17:19:24 | DEBUG    |   Train batch 882/2205: loss=0.2362, time=[min=88.0, avg=94.2, max=107.4]ms
2026-02-06 17:20:14 | DEBUG    |   Train batch 1323/2205: loss=0.2350, time=[min=88.9, avg=94.5, max=108.6]ms
2026-02-06 17:21:02 | DEBUG    |   Train batch 1764/2205: loss=0.2365, time=[min=87.8, avg=91.3, max=103.0]ms
2026-02-06 17:21:51 | DEBUG    |   Train batch 2205/2205: loss=0.2353, time=[min=83.9, avg=92.3, max=107.5]ms
2026-02-06 17:22:01 | DEBUG    | Training epoch 56 complete: avg_loss=0.2353, time=264.43s, avg_batch_time=93.0ms
2026-02-06 17:22:01 | DEBUG    | Starting validation epoch 56 with 553 batches (batch_log_interval=110)
2026-02-06 17:22:41 | DEBUG    |   Valid batch 110/553: loss=0.2554, time=[min=279.3, avg=312.8, max=374.6]ms
2026-02-06 17:23:14 | DEBUG    |   Valid batch 220/553: loss=0.2541, time=[min=289.3, avg=302.4, max=325.6]ms
2026-02-06 17:23:47 | DEBUG    |   Valid batch 330/553: loss=0.2530, time=[min=254.4, avg=299.7, max=353.1]ms
2026-02-06 17:24:20 | DEBUG    |   Valid batch 440/553: loss=0.2572, time=[min=286.0, avg=299.3, max=308.9]ms
2026-02-06 17:24:54 | DEBUG    |   Valid batch 550/553: loss=0.2585, time=[min=294.7, avg=308.4, max=327.6]ms
2026-02-06 17:25:05 | DEBUG    |   Per-crop SSIM: center=0.6976, corners=0.7663, edges=0.7343
2026-02-06 17:25:05 | DEBUG    | Validation epoch 56 complete: avg_loss=0.2556, time=183.82s, avg_batch_time=304.3ms
2026-02-06 17:25:05 | DEBUG    | Saving epochs CSV
2026-02-06 17:25:05 | INFO     | [ssim_lr3e-3_94f982] Epoch 56/500 completed: train_loss=0.2353, valid_loss=0.2556, best=0.2536, time=448.24s (train=264.43s, valid=183.82s), run_avg=471.68s (n=56)
2026-02-06 17:25:05 | DEBUG    | Learning rate: 0.002925
2026-02-06 17:25:05 | INFO     |   Metrics: ssim=0.7444, ms_ssim=0.8469, mae=0.0397, gradient_mae=0.1441, psnr=19.8267, ncc=11997851.6553
2026-02-06 17:25:05 | DEBUG    | Saving latest checkpoint
2026-02-06 17:25:06 | DEBUG    | Stepping scheduler
2026-02-06 17:25:06 | INFO     | [ssim_lr3e-3_94f982] Epoch 57/500 starting
2026-02-06 17:25:06 | DEBUG    | Starting training epoch 57 with 2205 batches (batch_log_interval=441)
2026-02-06 17:26:00 | DEBUG    |   Train batch 441/2205: loss=0.2343, time=[min=87.8, avg=94.0, max=109.3]ms
2026-02-06 17:26:49 | DEBUG    |   Train batch 882/2205: loss=0.2347, time=[min=88.2, avg=93.4, max=108.0]ms
2026-02-06 17:27:39 | DEBUG    |   Train batch 1323/2205: loss=0.2340, time=[min=87.9, avg=93.5, max=105.5]ms
2026-02-06 17:28:27 | DEBUG    |   Train batch 1764/2205: loss=0.2365, time=[min=89.3, avg=94.5, max=114.8]ms
2026-02-06 17:29:17 | DEBUG    |   Train batch 2205/2205: loss=0.2365, time=[min=88.7, avg=94.6, max=109.7]ms
2026-02-06 17:29:27 | DEBUG    | Training epoch 57 complete: avg_loss=0.2352, time=261.33s, avg_batch_time=94.0ms
2026-02-06 17:29:27 | DEBUG    | Starting validation epoch 57 with 553 batches (batch_log_interval=110)
2026-02-06 17:30:06 | DEBUG    |   Valid batch 110/553: loss=0.2553, time=[min=258.7, avg=308.1, max=355.6]ms
2026-02-06 17:30:40 | DEBUG    |   Valid batch 220/553: loss=0.2541, time=[min=289.6, avg=308.1, max=338.7]ms
2026-02-06 17:31:14 | DEBUG    |   Valid batch 330/553: loss=0.2527, time=[min=290.7, avg=306.7, max=333.6]ms
2026-02-06 17:31:50 | DEBUG    |   Valid batch 440/553: loss=0.2570, time=[min=289.8, avg=324.5, max=365.1]ms
2026-02-06 17:32:27 | DEBUG    |   Valid batch 550/553: loss=0.2584, time=[min=316.5, avg=336.1, max=365.3]ms
2026-02-06 17:32:37 | DEBUG    |   Per-crop SSIM: center=0.6976, corners=0.7665, edges=0.7343
2026-02-06 17:32:37 | DEBUG    | Validation epoch 57 complete: avg_loss=0.2555, time=190.38s, avg_batch_time=316.4ms
2026-02-06 17:32:37 | DEBUG    | Saving epochs CSV
2026-02-06 17:32:37 | INFO     | [ssim_lr3e-3_94f982] Epoch 57/500 completed: train_loss=0.2352, valid_loss=0.2555, best=0.2536, time=451.71s (train=261.33s, valid=190.38s), run_avg=471.33s (n=57)
2026-02-06 17:32:37 | DEBUG    | Learning rate: 0.002922
2026-02-06 17:32:37 | INFO     |   Metrics: ssim=0.7445, ms_ssim=0.8458, mae=0.0416, gradient_mae=0.1432, psnr=19.7082, ncc=35701936.3399
2026-02-06 17:32:37 | DEBUG    | Saving latest checkpoint
2026-02-06 17:32:38 | DEBUG    | Stepping scheduler
2026-02-06 17:32:38 | INFO     | [ssim_lr3e-3_94f982] Epoch 58/500 starting
2026-02-06 17:32:38 | DEBUG    | Starting training epoch 58 with 2205 batches (batch_log_interval=441)
2026-02-06 17:33:34 | DEBUG    |   Train batch 441/2205: loss=0.2343, time=[min=87.7, avg=94.6, max=112.3]ms
2026-02-06 17:34:26 | DEBUG    |   Train batch 882/2205: loss=0.2340, time=[min=89.1, avg=96.0, max=116.1]ms
2026-02-06 17:35:19 | DEBUG    |   Train batch 1323/2205: loss=0.2360, time=[min=88.4, avg=97.6, max=111.2]ms
2026-02-06 17:36:17 | DEBUG    |   Train batch 1764/2205: loss=0.2357, time=[min=96.2, avg=104.0, max=119.0]ms
2026-02-06 17:37:14 | DEBUG    |   Train batch 2205/2205: loss=0.2359, time=[min=87.4, avg=100.5, max=122.9]ms
2026-02-06 17:37:24 | DEBUG    | Training epoch 58 complete: avg_loss=0.2352, time=286.26s, avg_batch_time=98.5ms
2026-02-06 17:37:24 | DEBUG    | Starting validation epoch 58 with 553 batches (batch_log_interval=110)
2026-02-06 17:38:03 | DEBUG    |   Valid batch 110/553: loss=0.2544, time=[min=253.0, avg=301.8, max=357.4]ms
2026-02-06 17:38:36 | DEBUG    |   Valid batch 220/553: loss=0.2534, time=[min=288.5, avg=300.5, max=325.3]ms
2026-02-06 17:39:10 | DEBUG    |   Valid batch 330/553: loss=0.2520, time=[min=286.8, avg=304.5, max=342.8]ms
2026-02-06 17:39:43 | DEBUG    |   Valid batch 440/553: loss=0.2563, time=[min=290.3, avg=303.4, max=331.8]ms
2026-02-06 17:40:17 | DEBUG    |   Valid batch 550/553: loss=0.2573, time=[min=288.7, avg=303.6, max=347.9]ms
2026-02-06 17:40:27 | DEBUG    |   Per-crop SSIM: center=0.6987, corners=0.7672, edges=0.7352
2026-02-06 17:40:27 | DEBUG    | Validation epoch 58 complete: avg_loss=0.2546, time=183.29s, avg_batch_time=302.4ms
2026-02-06 17:40:27 | DEBUG    | Saving epochs CSV
2026-02-06 17:40:28 | INFO     | [ssim_lr3e-3_94f982] Epoch 58/500 completed: train_loss=0.2352, valid_loss=0.2546, best=0.2536, time=469.56s (train=286.26s, valid=183.29s), run_avg=471.30s (n=58)
2026-02-06 17:40:28 | DEBUG    | Learning rate: 0.002919
2026-02-06 17:40:28 | INFO     |   Metrics: ssim=0.7454, ms_ssim=0.8465, mae=0.0408, gradient_mae=0.1429, psnr=19.7338, ncc=33526966.6814
2026-02-06 17:40:28 | DEBUG    | Saving latest checkpoint
2026-02-06 17:40:28 | DEBUG    | Stepping scheduler
2026-02-06 17:40:28 | INFO     | [ssim_lr3e-3_94f982] Epoch 59/500 starting
2026-02-06 17:40:28 | DEBUG    | Starting training epoch 59 with 2205 batches (batch_log_interval=441)
2026-02-06 17:41:23 | DEBUG    |   Train batch 441/2205: loss=0.2340, time=[min=88.0, avg=91.3, max=107.7]ms
2026-02-06 17:42:14 | DEBUG    |   Train batch 882/2205: loss=0.2376, time=[min=87.5, avg=92.0, max=108.2]ms
2026-02-06 17:43:04 | DEBUG    |   Train batch 1323/2205: loss=0.2344, time=[min=88.4, avg=91.8, max=105.3]ms
2026-02-06 17:44:01 | DEBUG    |   Train batch 1764/2205: loss=0.2360, time=[min=87.7, avg=92.5, max=183.9]ms
2026-02-06 17:44:53 | DEBUG    |   Train batch 2205/2205: loss=0.2341, time=[min=88.4, avg=91.9, max=107.9]ms
2026-02-06 17:45:03 | DEBUG    | Training epoch 59 complete: avg_loss=0.2352, time=274.56s, avg_batch_time=91.9ms
2026-02-06 17:45:03 | DEBUG    | Starting validation epoch 59 with 553 batches (batch_log_interval=110)
2026-02-06 17:45:41 | DEBUG    |   Valid batch 110/553: loss=0.2537, time=[min=288.6, avg=300.9, max=352.6]ms
2026-02-06 17:46:14 | DEBUG    |   Valid batch 220/553: loss=0.2523, time=[min=290.7, avg=299.5, max=315.4]ms
2026-02-06 17:46:47 | DEBUG    |   Valid batch 330/553: loss=0.2511, time=[min=287.9, avg=298.6, max=320.6]ms
2026-02-06 17:47:20 | DEBUG    |   Valid batch 440/553: loss=0.2555, time=[min=288.4, avg=299.1, max=313.3]ms
2026-02-06 17:47:53 | DEBUG    |   Valid batch 550/553: loss=0.2565, time=[min=280.8, avg=297.4, max=312.5]ms
2026-02-06 17:48:03 | DEBUG    |   Per-crop SSIM: center=0.6996, corners=0.7680, edges=0.7361
2026-02-06 17:48:03 | DEBUG    | Validation epoch 59 complete: avg_loss=0.2538, time=180.78s, avg_batch_time=298.8ms
2026-02-06 17:48:03 | DEBUG    | Saving epochs CSV
2026-02-06 17:48:03 | INFO     | [ssim_lr3e-3_94f982] Epoch 59/500 completed: train_loss=0.2352, valid_loss=0.2538, best=0.2536, time=455.34s (train=274.56s, valid=180.78s), run_avg=471.02s (n=59)
2026-02-06 17:48:03 | DEBUG    | Learning rate: 0.002916
2026-02-06 17:48:03 | INFO     |   Metrics: ssim=0.7462, ms_ssim=0.8482, mae=0.0421, gradient_mae=0.1431, psnr=19.7336, ncc=15131181.8448
2026-02-06 17:48:03 | DEBUG    | Saving latest checkpoint
2026-02-06 17:48:04 | INFO     | Early stopping triggered after 59 epochs!
