2026-02-02 03:32:31 | INFO     | ================================================================================
2026-02-02 03:32:31 | INFO     | TRAINING SESSION STARTED
2026-02-02 03:32:31 | INFO     | ================================================================================
2026-02-02 03:32:31 | DEBUG    | Faulthandler enabled, writing to experiments/train_nn1_cropped/l1_6edbe0/crash_trace.txt
2026-02-02 03:32:31 | INFO     | Starting training: epochs 1-500, experiment=l1_6edbe0
2026-02-02 03:32:31 | INFO     | Epoch 1/500 starting
2026-02-02 03:32:31 | DEBUG    | Starting training epoch 1 with 735 batches (batch_log_interval=147)
2026-02-02 03:33:04 | DEBUG    |   Train batch 147/735: loss=0.1937, time=[min=213.7, avg=219.2, max=418.3]ms
2026-02-02 03:33:36 | DEBUG    |   Train batch 294/735: loss=0.0755, time=[min=214.2, avg=216.9, max=234.8]ms
2026-02-02 03:34:08 | DEBUG    |   Train batch 441/735: loss=0.0643, time=[min=214.3, avg=217.4, max=235.6]ms
2026-02-02 03:34:40 | DEBUG    |   Train batch 588/735: loss=0.0600, time=[min=215.1, avg=217.1, max=240.0]ms
2026-02-02 03:35:12 | DEBUG    |   Train batch 735/735: loss=0.0562, time=[min=214.5, avg=216.9, max=232.8]ms
2026-02-02 03:35:12 | DEBUG    | Training epoch 1 complete: avg_loss=0.0900, time=161.01s, avg_batch_time=217.5ms
2026-02-02 03:35:12 | DEBUG    | Starting validation epoch 1 with 184 batches (batch_log_interval=36)
2026-02-02 03:35:41 | DEBUG    |   Valid batch 36/184: loss=0.0561, time=[min=680.7, avg=752.5, max=1084.8]ms
2026-02-02 03:36:07 | DEBUG    |   Valid batch 72/184: loss=0.0561, time=[min=675.7, avg=717.2, max=777.3]ms
2026-02-02 03:36:32 | DEBUG    |   Valid batch 108/184: loss=0.0553, time=[min=679.2, avg=713.7, max=774.3]ms
2026-02-02 03:36:59 | DEBUG    |   Valid batch 144/184: loss=0.0557, time=[min=678.1, avg=728.4, max=776.3]ms
2026-02-02 03:37:23 | DEBUG    |   Valid batch 180/184: loss=0.0566, time=[min=563.9, avg=687.5, max=724.2]ms
2026-02-02 03:37:26 | DEBUG    |   Per-crop SSIM: center=0.5673, corners=0.6366, edges=0.6034
2026-02-02 03:37:26 | DEBUG    | Validation epoch 1 complete: avg_loss=0.0560, time=133.83s, avg_batch_time=716.6ms
2026-02-02 03:37:26 | DEBUG    | Saving epochs CSV
2026-02-02 03:37:26 | INFO     | Epoch 1/500 completed: train_loss=0.0900, valid_loss=0.0560, best=inf, time=294.84s (train=161.01s, valid=133.83s), run_avg=294.84s (n=1)
2026-02-02 03:37:26 | DEBUG    | Learning rate: 0.000160
2026-02-02 03:37:26 | INFO     |   Metrics: ssim=0.6142, ms_ssim=0.7653, mae=0.0560, gradient_mae=0.1975, psnr=18.1048, ncc=6824292.3427
2026-02-02 03:37:26 | INFO     | New best validation loss: 0.0560 (prev: inf)
2026-02-02 03:37:26 | DEBUG    | Saving best model checkpoint to experiments/train_nn1_cropped/l1_6edbe0/epochs/0
2026-02-02 03:37:26 | DEBUG    | Saving latest checkpoint
2026-02-02 03:37:26 | DEBUG    | Stepping scheduler
2026-02-02 03:37:26 | INFO     | Epoch 2/500 starting
2026-02-02 03:37:26 | DEBUG    | Starting training epoch 2 with 735 batches (batch_log_interval=147)
2026-02-02 03:38:00 | DEBUG    |   Train batch 147/735: loss=0.0548, time=[min=214.4, avg=221.4, max=240.1]ms
2026-02-02 03:38:32 | DEBUG    |   Train batch 294/735: loss=0.0527, time=[min=214.8, avg=220.3, max=241.5]ms
2026-02-02 03:39:04 | DEBUG    |   Train batch 441/735: loss=0.0507, time=[min=214.7, avg=219.8, max=245.2]ms
2026-02-02 03:39:37 | DEBUG    |   Train batch 588/735: loss=0.0484, time=[min=214.7, avg=220.4, max=244.1]ms
2026-02-02 03:40:09 | DEBUG    |   Train batch 735/735: loss=0.0479, time=[min=214.3, avg=220.1, max=242.0]ms
2026-02-02 03:40:09 | DEBUG    | Training epoch 2 complete: avg_loss=0.0509, time=162.96s, avg_batch_time=220.4ms
2026-02-02 03:40:09 | DEBUG    | Starting validation epoch 2 with 184 batches (batch_log_interval=36)
2026-02-02 03:40:38 | DEBUG    |   Valid batch 36/184: loss=0.0490, time=[min=682.8, avg=744.6, max=1048.6]ms
2026-02-02 03:41:04 | DEBUG    |   Valid batch 72/184: loss=0.0488, time=[min=677.1, avg=711.6, max=770.7]ms
2026-02-02 03:41:30 | DEBUG    |   Valid batch 108/184: loss=0.0481, time=[min=680.3, avg=735.8, max=795.5]ms
2026-02-02 03:41:56 | DEBUG    |   Valid batch 144/184: loss=0.0485, time=[min=678.1, avg=705.6, max=750.1]ms
2026-02-02 03:42:21 | DEBUG    |   Valid batch 180/184: loss=0.0494, time=[min=567.0, avg=719.8, max=913.2]ms
2026-02-02 03:42:24 | DEBUG    |   Per-crop SSIM: center=0.6259, corners=0.6947, edges=0.6620
2026-02-02 03:42:24 | DEBUG    | Validation epoch 2 complete: avg_loss=0.0488, time=134.43s, avg_batch_time=720.2ms
2026-02-02 03:42:24 | DEBUG    | Saving epochs CSV
2026-02-02 03:42:24 | INFO     | Epoch 2/500 completed: train_loss=0.0509, valid_loss=0.0488, best=0.0560, time=297.39s (train=162.96s, valid=134.43s), run_avg=296.12s (n=2)
2026-02-02 03:42:24 | DEBUG    | Learning rate: 0.000320
2026-02-02 03:42:24 | INFO     |   Metrics: ssim=0.6725, ms_ssim=0.7912, mae=0.0488, gradient_mae=0.1790, psnr=18.6082, ncc=15775637.6275
2026-02-02 03:42:24 | INFO     | New best validation loss: 0.0488 (prev: 0.0560)
2026-02-02 03:42:24 | DEBUG    | Saving best model checkpoint to experiments/train_nn1_cropped/l1_6edbe0/epochs/1
2026-02-02 03:42:24 | DEBUG    | Saving latest checkpoint
2026-02-02 03:42:25 | DEBUG    | Stepping scheduler
2026-02-02 03:42:25 | INFO     | Epoch 3/500 starting
2026-02-02 03:42:25 | DEBUG    | Starting training epoch 3 with 735 batches (batch_log_interval=147)
2026-02-02 03:42:58 | DEBUG    |   Train batch 147/735: loss=0.0482, time=[min=214.1, avg=223.0, max=260.0]ms
2026-02-02 03:43:31 | DEBUG    |   Train batch 294/735: loss=0.0471, time=[min=214.3, avg=221.0, max=248.4]ms
2026-02-02 03:44:03 | DEBUG    |   Train batch 441/735: loss=0.0462, time=[min=214.9, avg=221.8, max=253.3]ms
2026-02-02 03:44:36 | DEBUG    |   Train batch 588/735: loss=0.0449, time=[min=215.2, avg=222.3, max=252.8]ms
2026-02-02 03:45:08 | DEBUG    |   Train batch 735/735: loss=0.0450, time=[min=215.0, avg=219.0, max=235.0]ms
2026-02-02 03:45:08 | DEBUG    | Training epoch 3 complete: avg_loss=0.0463, time=163.69s, avg_batch_time=221.4ms
2026-02-02 03:45:08 | DEBUG    | Starting validation epoch 3 with 184 batches (batch_log_interval=36)
2026-02-02 03:45:36 | DEBUG    |   Valid batch 36/184: loss=0.0472, time=[min=681.2, avg=712.1, max=935.8]ms
2026-02-02 03:46:03 | DEBUG    |   Valid batch 72/184: loss=0.0469, time=[min=678.2, avg=733.5, max=773.4]ms
2026-02-02 03:46:28 | DEBUG    |   Valid batch 108/184: loss=0.0463, time=[min=677.3, avg=700.2, max=728.1]ms
2026-02-02 03:46:55 | DEBUG    |   Valid batch 144/184: loss=0.0466, time=[min=678.2, avg=735.2, max=789.7]ms
2026-02-02 03:47:19 | DEBUG    |   Valid batch 180/184: loss=0.0476, time=[min=567.4, avg=688.3, max=720.6]ms
2026-02-02 03:47:22 | DEBUG    |   Per-crop SSIM: center=0.6434, corners=0.7084, edges=0.6777
2026-02-02 03:47:22 | DEBUG    | Validation epoch 3 complete: avg_loss=0.0469, time=133.21s, avg_batch_time=711.1ms
2026-02-02 03:47:22 | DEBUG    | Saving epochs CSV
2026-02-02 03:47:22 | INFO     | Epoch 3/500 completed: train_loss=0.0463, valid_loss=0.0469, best=0.0488, time=296.90s (train=163.69s, valid=133.21s), run_avg=296.38s (n=3)
2026-02-02 03:47:22 | DEBUG    | Learning rate: 0.000480
2026-02-02 03:47:22 | INFO     |   Metrics: ssim=0.6875, ms_ssim=0.8038, mae=0.0469, gradient_mae=0.1712, psnr=18.9135, ncc=21824382.3365
2026-02-02 03:47:22 | INFO     | New best validation loss: 0.0469 (prev: 0.0488)
2026-02-02 03:47:22 | DEBUG    | Saving best model checkpoint to experiments/train_nn1_cropped/l1_6edbe0/epochs/2
2026-02-02 03:47:22 | DEBUG    | Saving latest checkpoint
2026-02-02 03:47:23 | DEBUG    | Stepping scheduler
2026-02-02 03:47:23 | INFO     | Epoch 4/500 starting
2026-02-02 03:47:23 | DEBUG    | Starting training epoch 4 with 735 batches (batch_log_interval=147)
2026-02-02 03:47:56 | DEBUG    |   Train batch 147/735: loss=0.0454, time=[min=214.8, avg=221.9, max=262.2]ms
2026-02-02 03:48:29 | DEBUG    |   Train batch 294/735: loss=0.0457, time=[min=215.0, avg=221.4, max=246.9]ms
2026-02-02 03:49:01 | DEBUG    |   Train batch 441/735: loss=0.0449, time=[min=215.1, avg=221.5, max=240.6]ms
2026-02-02 03:49:34 | DEBUG    |   Train batch 588/735: loss=0.0438, time=[min=214.9, avg=219.1, max=238.0]ms
2026-02-02 03:50:06 | DEBUG    |   Train batch 735/735: loss=0.0435, time=[min=214.6, avg=220.6, max=245.6]ms
2026-02-02 03:50:06 | DEBUG    | Training epoch 4 complete: avg_loss=0.0447, time=163.24s, avg_batch_time=220.9ms
2026-02-02 03:50:06 | DEBUG    | Starting validation epoch 4 with 184 batches (batch_log_interval=36)
2026-02-02 03:50:34 | DEBUG    |   Valid batch 36/184: loss=0.0439, time=[min=681.6, avg=718.7, max=937.9]ms
2026-02-02 03:51:01 | DEBUG    |   Valid batch 72/184: loss=0.0437, time=[min=587.2, avg=731.0, max=783.1]ms
2026-02-02 03:51:26 | DEBUG    |   Valid batch 108/184: loss=0.0431, time=[min=688.0, avg=705.6, max=720.2]ms
2026-02-02 03:51:52 | DEBUG    |   Valid batch 144/184: loss=0.0434, time=[min=684.0, avg=734.8, max=777.8]ms
2026-02-02 03:52:17 | DEBUG    |   Valid batch 180/184: loss=0.0443, time=[min=583.7, avg=692.8, max=721.1]ms
2026-02-02 03:52:20 | DEBUG    |   Per-crop SSIM: center=0.6545, corners=0.7244, edges=0.6912
2026-02-02 03:52:20 | DEBUG    | Validation epoch 4 complete: avg_loss=0.0437, time=133.61s, avg_batch_time=713.7ms
2026-02-02 03:52:20 | DEBUG    | Saving epochs CSV
2026-02-02 03:52:20 | INFO     | Epoch 4/500 completed: train_loss=0.0447, valid_loss=0.0437, best=0.0469, time=296.85s (train=163.24s, valid=133.61s), run_avg=296.50s (n=4)
2026-02-02 03:52:20 | DEBUG    | Learning rate: 0.000640
2026-02-02 03:52:20 | INFO     |   Metrics: ssim=0.7019, ms_ssim=0.8104, mae=0.0437, gradient_mae=0.1667, psnr=19.0665, ncc=21335579.6585
2026-02-02 03:52:20 | INFO     | New best validation loss: 0.0437 (prev: 0.0469)
2026-02-02 03:52:20 | DEBUG    | Saving best model checkpoint to experiments/train_nn1_cropped/l1_6edbe0/epochs/3
2026-02-02 03:52:20 | DEBUG    | Saving latest checkpoint
2026-02-02 03:52:21 | DEBUG    | Stepping scheduler
2026-02-02 03:52:21 | INFO     | Epoch 5/500 starting
2026-02-02 03:52:21 | DEBUG    | Starting training epoch 5 with 735 batches (batch_log_interval=147)
2026-02-02 03:52:54 | DEBUG    |   Train batch 147/735: loss=0.0431, time=[min=214.6, avg=222.3, max=264.5]ms
2026-02-02 03:53:27 | DEBUG    |   Train batch 294/735: loss=0.0438, time=[min=215.0, avg=223.4, max=256.6]ms
2026-02-02 03:54:00 | DEBUG    |   Train batch 441/735: loss=0.0438, time=[min=214.9, avg=220.4, max=243.6]ms
2026-02-02 03:54:32 | DEBUG    |   Train batch 588/735: loss=0.0425, time=[min=214.9, avg=219.9, max=244.9]ms
2026-02-02 03:55:05 | DEBUG    |   Train batch 735/735: loss=0.0419, time=[min=214.7, avg=221.6, max=245.3]ms
2026-02-02 03:55:05 | DEBUG    | Training epoch 5 complete: avg_loss=0.0430, time=163.69s, avg_batch_time=221.5ms
2026-02-02 03:55:05 | DEBUG    | Starting validation epoch 5 with 184 batches (batch_log_interval=36)
2026-02-02 03:55:34 | DEBUG    |   Valid batch 36/184: loss=0.0444, time=[min=680.5, avg=752.4, max=1182.3]ms
2026-02-02 03:55:59 | DEBUG    |   Valid batch 72/184: loss=0.0442, time=[min=670.4, avg=713.1, max=765.0]ms
2026-02-02 03:56:25 | DEBUG    |   Valid batch 108/184: loss=0.0436, time=[min=677.5, avg=720.6, max=770.0]ms
2026-02-02 03:56:51 | DEBUG    |   Valid batch 144/184: loss=0.0439, time=[min=592.4, avg=720.6, max=917.0]ms
2026-02-02 03:57:16 | DEBUG    |   Valid batch 180/184: loss=0.0448, time=[min=566.9, avg=697.5, max=821.8]ms
2026-02-02 03:57:19 | DEBUG    |   Per-crop SSIM: center=0.6610, corners=0.7315, edges=0.6981
2026-02-02 03:57:19 | DEBUG    | Validation epoch 5 complete: avg_loss=0.0442, time=134.02s, avg_batch_time=717.6ms
2026-02-02 03:57:19 | DEBUG    | Saving epochs CSV
2026-02-02 03:57:19 | INFO     | Epoch 5/500 completed: train_loss=0.0430, valid_loss=0.0442, best=0.0437, time=297.71s (train=163.69s, valid=134.02s), run_avg=296.74s (n=5)
2026-02-02 03:57:19 | DEBUG    | Learning rate: 0.000800
2026-02-02 03:57:19 | INFO     |   Metrics: ssim=0.7088, ms_ssim=0.8165, mae=0.0442, gradient_mae=0.1646, psnr=19.1309, ncc=35964837.1992
2026-02-02 03:57:19 | DEBUG    | Saving latest checkpoint
2026-02-02 03:57:19 | DEBUG    | Stepping scheduler
2026-02-02 03:57:19 | INFO     | Epoch 6/500 starting
2026-02-02 03:57:19 | DEBUG    | Starting training epoch 6 with 735 batches (batch_log_interval=147)
2026-02-02 03:57:53 | DEBUG    |   Train batch 147/735: loss=0.0415, time=[min=214.6, avg=222.9, max=246.6]ms
2026-02-02 03:58:26 | DEBUG    |   Train batch 294/735: loss=0.0412, time=[min=214.6, avg=222.2, max=245.8]ms
2026-02-02 03:58:58 | DEBUG    |   Train batch 441/735: loss=0.0408, time=[min=211.1, avg=220.3, max=246.2]ms
2026-02-02 03:59:31 | DEBUG    |   Train batch 588/735: loss=0.0409, time=[min=214.8, avg=221.5, max=245.8]ms
2026-02-02 04:00:03 | DEBUG    |   Train batch 735/735: loss=0.0415, time=[min=214.2, avg=220.7, max=247.3]ms
2026-02-02 04:00:03 | DEBUG    | Training epoch 6 complete: avg_loss=0.0412, time=163.70s, avg_batch_time=221.5ms
2026-02-02 04:00:03 | DEBUG    | Starting validation epoch 6 with 184 batches (batch_log_interval=36)
2026-02-02 04:00:32 | DEBUG    |   Valid batch 36/184: loss=0.0424, time=[min=588.9, avg=743.9, max=1076.5]ms
2026-02-02 04:00:58 | DEBUG    |   Valid batch 72/184: loss=0.0423, time=[min=585.1, avg=724.6, max=793.4]ms
2026-02-02 04:01:23 | DEBUG    |   Valid batch 108/184: loss=0.0417, time=[min=582.8, avg=709.1, max=813.6]ms
2026-02-02 04:01:50 | DEBUG    |   Valid batch 144/184: loss=0.0420, time=[min=678.9, avg=732.2, max=776.7]ms
2026-02-02 04:02:14 | DEBUG    |   Valid batch 180/184: loss=0.0429, time=[min=566.0, avg=687.5, max=720.2]ms
2026-02-02 04:02:17 | DEBUG    |   Per-crop SSIM: center=0.6671, corners=0.7368, edges=0.7039
2026-02-02 04:02:17 | DEBUG    | Validation epoch 6 complete: avg_loss=0.0423, time=133.60s, avg_batch_time=716.2ms
2026-02-02 04:02:17 | DEBUG    | Saving epochs CSV
2026-02-02 04:02:17 | INFO     | Epoch 6/500 completed: train_loss=0.0412, valid_loss=0.0423, best=0.0437, time=297.30s (train=163.70s, valid=133.60s), run_avg=296.83s (n=6)
2026-02-02 04:02:17 | DEBUG    | Learning rate: 0.000800
2026-02-02 04:02:17 | INFO     |   Metrics: ssim=0.7144, ms_ssim=0.8213, mae=0.0423, gradient_mae=0.1617, psnr=19.1941, ncc=40691906.4118
2026-02-02 04:02:17 | INFO     | New best validation loss: 0.0423 (prev: 0.0437)
2026-02-02 04:02:17 | DEBUG    | Saving best model checkpoint to experiments/train_nn1_cropped/l1_6edbe0/epochs/5
2026-02-02 04:02:17 | DEBUG    | Saving latest checkpoint
2026-02-02 04:02:18 | DEBUG    | Stepping scheduler
2026-02-02 04:02:18 | INFO     | Epoch 7/500 starting
2026-02-02 04:02:18 | DEBUG    | Starting training epoch 7 with 735 batches (batch_log_interval=147)
2026-02-02 04:02:51 | DEBUG    |   Train batch 147/735: loss=0.0402, time=[min=213.9, avg=221.9, max=269.4]ms
2026-02-02 04:03:24 | DEBUG    |   Train batch 294/735: loss=0.0403, time=[min=214.7, avg=221.8, max=242.5]ms
2026-02-02 04:03:56 | DEBUG    |   Train batch 441/735: loss=0.0413, time=[min=214.9, avg=220.1, max=242.4]ms
2026-02-02 04:04:28 | DEBUG    |   Train batch 588/735: loss=0.0410, time=[min=215.0, avg=220.9, max=252.0]ms
2026-02-02 04:05:01 | DEBUG    |   Train batch 735/735: loss=0.0402, time=[min=214.4, avg=221.6, max=255.9]ms
2026-02-02 04:05:01 | DEBUG    | Training epoch 7 complete: avg_loss=0.0406, time=163.47s, avg_batch_time=221.3ms
2026-02-02 04:05:01 | DEBUG    | Starting validation epoch 7 with 184 batches (batch_log_interval=36)
2026-02-02 04:05:29 | DEBUG    |   Valid batch 36/184: loss=0.0433, time=[min=684.7, avg=719.2, max=971.4]ms
2026-02-02 04:05:56 | DEBUG    |   Valid batch 72/184: loss=0.0431, time=[min=689.3, avg=734.7, max=775.9]ms
2026-02-02 04:06:21 | DEBUG    |   Valid batch 108/184: loss=0.0425, time=[min=684.4, avg=704.7, max=722.0]ms
2026-02-02 04:06:47 | DEBUG    |   Valid batch 144/184: loss=0.0428, time=[min=679.7, avg=728.6, max=771.8]ms
2026-02-02 04:07:12 | DEBUG    |   Valid batch 180/184: loss=0.0437, time=[min=581.2, avg=696.8, max=784.5]ms
2026-02-02 04:07:15 | DEBUG    |   Per-crop SSIM: center=0.6680, corners=0.7376, edges=0.7047
2026-02-02 04:07:15 | DEBUG    | Validation epoch 7 complete: avg_loss=0.0431, time=133.69s, avg_batch_time=714.0ms
2026-02-02 04:07:15 | DEBUG    | Saving epochs CSV
2026-02-02 04:07:15 | INFO     | Epoch 7/500 completed: train_loss=0.0406, valid_loss=0.0431, best=0.0423, time=297.16s (train=163.47s, valid=133.69s), run_avg=296.88s (n=7)
2026-02-02 04:07:15 | DEBUG    | Learning rate: 0.000800
2026-02-02 04:07:15 | INFO     |   Metrics: ssim=0.7153, ms_ssim=0.8219, mae=0.0431, gradient_mae=0.1623, psnr=19.1474, ncc=45783287.4027
2026-02-02 04:07:15 | DEBUG    | Saving latest checkpoint
2026-02-02 04:07:16 | DEBUG    | Stepping scheduler
2026-02-02 04:07:16 | INFO     | Epoch 8/500 starting
2026-02-02 04:07:16 | DEBUG    | Starting training epoch 8 with 735 batches (batch_log_interval=147)
2026-02-02 04:07:49 | DEBUG    |   Train batch 147/735: loss=0.0395, time=[min=214.5, avg=223.4, max=255.8]ms
2026-02-02 04:08:22 | DEBUG    |   Train batch 294/735: loss=0.0397, time=[min=214.6, avg=221.2, max=246.0]ms
2026-02-02 04:08:54 | DEBUG    |   Train batch 441/735: loss=0.0397, time=[min=214.8, avg=218.4, max=238.6]ms
2026-02-02 04:09:26 | DEBUG    |   Train batch 588/735: loss=0.0400, time=[min=215.2, avg=221.6, max=245.3]ms
2026-02-02 04:09:59 | DEBUG    |   Train batch 735/735: loss=0.0394, time=[min=214.2, avg=220.8, max=246.3]ms
2026-02-02 04:09:59 | DEBUG    | Training epoch 8 complete: avg_loss=0.0396, time=163.39s, avg_batch_time=221.1ms
2026-02-02 04:09:59 | DEBUG    | Starting validation epoch 8 with 184 batches (batch_log_interval=36)
2026-02-02 04:10:28 | DEBUG    |   Valid batch 36/184: loss=nan, time=[min=678.7, avg=751.4, max=1107.9]ms
2026-02-02 04:10:54 | DEBUG    |   Valid batch 72/184: loss=nan, time=[min=584.0, avg=712.8, max=831.2]ms
2026-02-02 04:11:20 | DEBUG    |   Valid batch 108/184: loss=nan, time=[min=583.9, avg=715.7, max=817.6]ms
2026-02-02 04:11:46 | DEBUG    |   Valid batch 144/184: loss=nan, time=[min=677.8, avg=725.2, max=773.7]ms
2026-02-02 04:12:11 | DEBUG    |   Valid batch 180/184: loss=nan, time=[min=566.6, avg=694.4, max=773.1]ms
2026-02-02 04:12:13 | DEBUG    |   Per-crop SSIM: center=0.6324, corners=nan, edges=nan
2026-02-02 04:12:13 | DEBUG    | Validation epoch 8 complete: avg_loss=nan, time=134.01s, avg_batch_time=716.7ms
2026-02-02 04:12:13 | DEBUG    | Saving epochs CSV
2026-02-02 04:12:13 | INFO     | Epoch 8/500 completed: train_loss=0.0396, valid_loss=nan, best=0.0423, time=297.40s (train=163.39s, valid=134.01s), run_avg=296.94s (n=8)
2026-02-02 04:12:13 | DEBUG    | Learning rate: 0.000800
2026-02-02 04:12:13 | INFO     |   Metrics: 
2026-02-02 04:12:13 | DEBUG    | Saving latest checkpoint
2026-02-02 04:12:14 | DEBUG    | Stepping scheduler
2026-02-02 04:12:14 | INFO     | Epoch 9/500 starting
2026-02-02 04:12:14 | DEBUG    | Starting training epoch 9 with 735 batches (batch_log_interval=147)
2026-02-02 04:12:47 | DEBUG    |   Train batch 147/735: loss=0.0403, time=[min=210.8, avg=221.1, max=247.8]ms
2026-02-02 04:13:19 | DEBUG    |   Train batch 294/735: loss=0.0399, time=[min=214.6, avg=220.9, max=246.1]ms
2026-02-02 04:13:52 | DEBUG    |   Train batch 441/735: loss=0.0391, time=[min=214.6, avg=219.2, max=250.6]ms
2026-02-02 04:14:24 | DEBUG    |   Train batch 588/735: loss=0.0386, time=[min=215.1, avg=221.1, max=251.1]ms
2026-02-02 04:14:56 | DEBUG    |   Train batch 735/735: loss=0.0385, time=[min=214.5, avg=220.5, max=255.5]ms
2026-02-02 04:14:56 | DEBUG    | Training epoch 9 complete: avg_loss=0.0393, time=162.96s, avg_batch_time=220.6ms
2026-02-02 04:14:56 | DEBUG    | Starting validation epoch 9 with 184 batches (batch_log_interval=36)
2026-02-02 04:15:25 | DEBUG    |   Valid batch 36/184: loss=0.0407, time=[min=682.9, avg=718.8, max=956.8]ms
2026-02-02 04:15:51 | DEBUG    |   Valid batch 72/184: loss=0.0405, time=[min=680.8, avg=738.6, max=776.5]ms
2026-02-02 04:16:17 | DEBUG    |   Valid batch 108/184: loss=0.0400, time=[min=691.9, avg=710.7, max=760.0]ms
2026-02-02 04:16:43 | DEBUG    |   Valid batch 144/184: loss=0.0403, time=[min=584.2, avg=729.7, max=798.1]ms
2026-02-02 04:17:08 | DEBUG    |   Valid batch 180/184: loss=0.0412, time=[min=581.8, avg=692.0, max=787.8]ms
2026-02-02 04:17:10 | DEBUG    |   Per-crop SSIM: center=0.6741, corners=0.7437, edges=0.7110
2026-02-02 04:17:10 | DEBUG    | Validation epoch 9 complete: avg_loss=0.0406, time=133.96s, avg_batch_time=715.1ms
2026-02-02 04:17:10 | DEBUG    | Saving epochs CSV
2026-02-02 04:17:10 | INFO     | Epoch 9/500 completed: train_loss=0.0393, valid_loss=0.0406, best=0.0423, time=296.92s (train=162.96s, valid=133.96s), run_avg=296.94s (n=9)
2026-02-02 04:17:10 | DEBUG    | Learning rate: 0.000800
2026-02-02 04:17:10 | INFO     |   Metrics: ssim=0.7214, ms_ssim=0.8276, mae=0.0406, gradient_mae=0.1581, psnr=19.4216, ncc=51171332.6353
2026-02-02 04:17:10 | INFO     | New best validation loss: 0.0406 (prev: 0.0423)
2026-02-02 04:17:10 | DEBUG    | Saving best model checkpoint to experiments/train_nn1_cropped/l1_6edbe0/epochs/8
2026-02-02 04:17:11 | DEBUG    | Saving latest checkpoint
2026-02-02 04:17:12 | DEBUG    | Stepping scheduler
2026-02-02 04:17:12 | INFO     | Epoch 10/500 starting
2026-02-02 04:17:12 | DEBUG    | Starting training epoch 10 with 735 batches (batch_log_interval=147)
2026-02-02 04:17:45 | DEBUG    |   Train batch 147/735: loss=0.0382, time=[min=214.3, avg=221.5, max=253.5]ms
2026-02-02 04:18:18 | DEBUG    |   Train batch 294/735: loss=0.0384, time=[min=214.5, avg=221.8, max=251.7]ms
2026-02-02 04:18:50 | DEBUG    |   Train batch 441/735: loss=0.0383, time=[min=214.3, avg=221.1, max=247.1]ms
2026-02-02 04:19:22 | DEBUG    |   Train batch 588/735: loss=0.0385, time=[min=214.9, avg=219.6, max=245.1]ms
2026-02-02 04:19:55 | DEBUG    |   Train batch 735/735: loss=0.0403, time=[min=214.0, avg=221.4, max=247.0]ms
2026-02-02 04:19:55 | DEBUG    | Training epoch 10 complete: avg_loss=0.0388, time=163.31s, avg_batch_time=221.1ms
2026-02-02 04:19:55 | DEBUG    | Starting validation epoch 10 with 184 batches (batch_log_interval=36)
2026-02-02 04:20:23 | DEBUG    |   Valid batch 36/184: loss=0.0413, time=[min=680.1, avg=728.4, max=1043.5]ms
2026-02-02 04:20:49 | DEBUG    |   Valid batch 72/184: loss=0.0412, time=[min=588.3, avg=730.3, max=801.0]ms
2026-02-02 04:21:14 | DEBUG    |   Valid batch 108/184: loss=0.0405, time=[min=680.3, avg=702.6, max=720.4]ms
2026-02-02 04:21:41 | DEBUG    |   Valid batch 144/184: loss=0.0408, time=[min=583.8, avg=724.8, max=780.6]ms
2026-02-02 04:22:05 | DEBUG    |   Valid batch 180/184: loss=0.0417, time=[min=583.0, avg=689.7, max=753.1]ms
2026-02-02 04:22:08 | DEBUG    |   Per-crop SSIM: center=0.6725, corners=0.7437, edges=0.7102
2026-02-02 04:22:08 | DEBUG    | Validation epoch 10 complete: avg_loss=0.0411, time=132.75s, avg_batch_time=712.4ms
2026-02-02 04:22:08 | DEBUG    | Saving epochs CSV
2026-02-02 04:22:08 | INFO     | Epoch 10/500 completed: train_loss=0.0388, valid_loss=0.0411, best=0.0406, time=296.06s (train=163.31s, valid=132.75s), run_avg=296.85s (n=10)
2026-02-02 04:22:08 | DEBUG    | Learning rate: 0.000800
2026-02-02 04:22:08 | INFO     |   Metrics: ssim=0.7209, ms_ssim=0.8264, mae=0.0411, gradient_mae=0.1576, psnr=19.3408, ncc=64645011.1868
2026-02-02 04:22:08 | DEBUG    | Saving latest checkpoint
2026-02-02 04:22:09 | DEBUG    | Stepping scheduler
2026-02-02 04:22:09 | INFO     | Epoch 11/500 starting
2026-02-02 04:22:09 | DEBUG    | Starting training epoch 11 with 735 batches (batch_log_interval=147)
2026-02-02 04:22:42 | DEBUG    |   Train batch 147/735: loss=0.0389, time=[min=214.3, avg=219.9, max=264.0]ms
2026-02-02 04:23:14 | DEBUG    |   Train batch 294/735: loss=0.0397, time=[min=214.5, avg=221.3, max=245.9]ms
2026-02-02 04:23:47 | DEBUG    |   Train batch 441/735: loss=0.0402, time=[min=214.9, avg=220.6, max=243.7]ms
2026-02-02 04:24:19 | DEBUG    |   Train batch 588/735: loss=0.0402, time=[min=214.6, avg=219.8, max=247.6]ms
2026-02-02 04:24:51 | DEBUG    |   Train batch 735/735: loss=0.0392, time=[min=213.3, avg=220.4, max=246.2]ms
2026-02-02 04:24:51 | DEBUG    | Training epoch 11 complete: avg_loss=0.0396, time=162.84s, avg_batch_time=220.4ms
2026-02-02 04:24:51 | DEBUG    | Starting validation epoch 11 with 184 batches (batch_log_interval=36)
2026-02-02 04:25:20 | DEBUG    |   Valid batch 36/184: loss=0.0430, time=[min=678.1, avg=742.4, max=922.0]ms
2026-02-02 04:25:45 | DEBUG    |   Valid batch 72/184: loss=0.0426, time=[min=584.0, avg=698.2, max=847.3]ms
2026-02-02 04:26:12 | DEBUG    |   Valid batch 108/184: loss=0.0421, time=[min=582.5, avg=727.3, max=910.5]ms
2026-02-02 04:26:37 | DEBUG    |   Valid batch 144/184: loss=0.0424, time=[min=583.9, avg=710.6, max=829.4]ms
2026-02-02 04:27:03 | DEBUG    |   Valid batch 180/184: loss=0.0433, time=[min=568.1, avg=712.0, max=781.7]ms
2026-02-02 04:27:05 | DEBUG    |   Per-crop SSIM: center=0.6731, corners=0.7422, edges=0.7103
2026-02-02 04:27:05 | DEBUG    | Validation epoch 11 complete: avg_loss=0.0427, time=133.73s, avg_batch_time=714.9ms
2026-02-02 04:27:05 | DEBUG    | Saving epochs CSV
2026-02-02 04:27:05 | INFO     | Epoch 11/500 completed: train_loss=0.0396, valid_loss=0.0427, best=0.0406, time=296.57s (train=162.84s, valid=133.73s), run_avg=296.83s (n=11)
2026-02-02 04:27:05 | DEBUG    | Learning rate: 0.000800
2026-02-02 04:27:05 | INFO     |   Metrics: ssim=0.7203, ms_ssim=0.8258, mae=0.0427, gradient_mae=0.1576, psnr=19.4229, ncc=79461998.0934
2026-02-02 04:27:05 | DEBUG    | Saving latest checkpoint
2026-02-02 04:27:06 | DEBUG    | Stepping scheduler
2026-02-02 04:27:06 | INFO     | Epoch 12/500 starting
2026-02-02 04:27:06 | DEBUG    | Starting training epoch 12 with 735 batches (batch_log_interval=147)
2026-02-02 04:27:39 | DEBUG    |   Train batch 147/735: loss=0.0379, time=[min=214.3, avg=222.2, max=244.9]ms
2026-02-02 04:28:11 | DEBUG    |   Train batch 294/735: loss=0.0388, time=[min=214.0, avg=219.7, max=243.6]ms
2026-02-02 04:28:44 | DEBUG    |   Train batch 441/735: loss=0.0396, time=[min=214.6, avg=219.9, max=259.2]ms
2026-02-02 04:29:17 | DEBUG    |   Train batch 588/735: loss=0.0394, time=[min=214.8, avg=222.5, max=258.6]ms
2026-02-02 04:29:49 | DEBUG    |   Train batch 735/735: loss=0.0391, time=[min=214.5, avg=219.5, max=237.7]ms
2026-02-02 04:29:49 | DEBUG    | Training epoch 12 complete: avg_loss=0.0390, time=163.09s, avg_batch_time=220.8ms
2026-02-02 04:29:49 | DEBUG    | Starting validation epoch 12 with 184 batches (batch_log_interval=36)
2026-02-02 04:30:17 | DEBUG    |   Valid batch 36/184: loss=0.0408, time=[min=584.8, avg=719.4, max=1038.1]ms
2026-02-02 04:30:43 | DEBUG    |   Valid batch 72/184: loss=0.0406, time=[min=685.9, avg=731.9, max=777.1]ms
2026-02-02 04:31:08 | DEBUG    |   Valid batch 108/184: loss=0.0401, time=[min=585.3, avg=702.8, max=788.6]ms
2026-02-02 04:31:34 | DEBUG    |   Valid batch 144/184: loss=0.0403, time=[min=583.5, avg=725.3, max=835.3]ms
2026-02-02 04:32:00 | DEBUG    |   Valid batch 180/184: loss=0.0412, time=[min=582.0, avg=696.2, max=855.5]ms
2026-02-02 04:32:02 | DEBUG    |   Per-crop SSIM: center=0.6727, corners=0.7434, edges=0.7103
2026-02-02 04:32:02 | DEBUG    | Validation epoch 12 complete: avg_loss=0.0407, time=133.09s, avg_batch_time=712.3ms
2026-02-02 04:32:02 | DEBUG    | Saving epochs CSV
2026-02-02 04:32:02 | INFO     | Epoch 12/500 completed: train_loss=0.0390, valid_loss=0.0407, best=0.0406, time=296.19s (train=163.09s, valid=133.09s), run_avg=296.77s (n=12)
2026-02-02 04:32:02 | DEBUG    | Learning rate: 0.000800
2026-02-02 04:32:02 | INFO     |   Metrics: ssim=0.7208, ms_ssim=0.8247, mae=0.0407, gradient_mae=0.1578, psnr=19.3872, ncc=79953092.3968
2026-02-02 04:32:02 | DEBUG    | Saving latest checkpoint
2026-02-02 04:32:03 | DEBUG    | Stepping scheduler
2026-02-02 04:32:03 | INFO     | Epoch 13/500 starting
2026-02-02 04:32:03 | DEBUG    | Starting training epoch 13 with 735 batches (batch_log_interval=147)
2026-02-02 04:32:36 | DEBUG    |   Train batch 147/735: loss=0.0384, time=[min=214.4, avg=220.2, max=251.2]ms
2026-02-02 04:33:09 | DEBUG    |   Train batch 294/735: loss=0.0385, time=[min=214.3, avg=222.8, max=247.3]ms
2026-02-02 04:33:41 | DEBUG    |   Train batch 441/735: loss=0.0404, time=[min=214.4, avg=221.1, max=241.9]ms
2026-02-02 04:34:13 | DEBUG    |   Train batch 588/735: loss=0.0386, time=[min=213.9, avg=218.6, max=244.1]ms
2026-02-02 04:34:46 | DEBUG    |   Train batch 735/735: loss=0.0402, time=[min=214.2, avg=221.2, max=245.4]ms
2026-02-02 04:34:46 | DEBUG    | Training epoch 13 complete: avg_loss=0.0392, time=163.11s, avg_batch_time=220.8ms
2026-02-02 04:34:46 | DEBUG    | Starting validation epoch 13 with 184 batches (batch_log_interval=36)
2026-02-02 04:35:14 | DEBUG    |   Valid batch 36/184: loss=0.0416, time=[min=585.7, avg=723.7, max=1089.2]ms
2026-02-02 04:35:40 | DEBUG    |   Valid batch 72/184: loss=0.0413, time=[min=684.7, avg=730.5, max=776.6]ms
2026-02-02 04:36:05 | DEBUG    |   Valid batch 108/184: loss=0.0408, time=[min=584.4, avg=702.3, max=816.1]ms
2026-02-02 04:36:32 | DEBUG    |   Valid batch 144/184: loss=0.0410, time=[min=679.4, avg=733.1, max=775.7]ms
2026-02-02 04:36:57 | DEBUG    |   Valid batch 180/184: loss=0.0420, time=[min=585.5, avg=699.3, max=770.1]ms
2026-02-02 04:36:59 | DEBUG    |   Per-crop SSIM: center=0.6712, corners=0.7424, edges=0.7089
2026-02-02 04:36:59 | DEBUG    | Validation epoch 13 complete: avg_loss=0.0414, time=133.48s, avg_batch_time=714.9ms
2026-02-02 04:36:59 | DEBUG    | Saving epochs CSV
2026-02-02 04:36:59 | INFO     | Epoch 13/500 completed: train_loss=0.0392, valid_loss=0.0414, best=0.0406, time=296.60s (train=163.11s, valid=133.48s), run_avg=296.76s (n=13)
2026-02-02 04:36:59 | DEBUG    | Learning rate: 0.000800
2026-02-02 04:36:59 | INFO     |   Metrics: ssim=0.7196, ms_ssim=0.8231, mae=0.0414, gradient_mae=0.1590, psnr=19.2118, ncc=61980381.0207
2026-02-02 04:36:59 | DEBUG    | Saving latest checkpoint
2026-02-02 04:37:00 | DEBUG    | Stepping scheduler
2026-02-02 04:37:00 | INFO     | Epoch 14/500 starting
2026-02-02 04:37:00 | DEBUG    | Starting training epoch 14 with 735 batches (batch_log_interval=147)
2026-02-02 04:37:33 | DEBUG    |   Train batch 147/735: loss=0.0388, time=[min=214.6, avg=220.3, max=246.9]ms
2026-02-02 04:38:06 | DEBUG    |   Train batch 294/735: loss=0.0383, time=[min=214.6, avg=221.5, max=250.9]ms
2026-02-02 04:38:38 | DEBUG    |   Train batch 441/735: loss=0.0381, time=[min=214.5, avg=221.0, max=266.5]ms
2026-02-02 04:39:11 | DEBUG    |   Train batch 588/735: loss=0.0381, time=[min=214.6, avg=219.4, max=246.7]ms
2026-02-02 04:39:43 | DEBUG    |   Train batch 735/735: loss=0.0391, time=[min=214.4, avg=220.6, max=244.2]ms
2026-02-02 04:39:43 | DEBUG    | Training epoch 14 complete: avg_loss=0.0385, time=162.94s, avg_batch_time=220.5ms
2026-02-02 04:39:43 | DEBUG    | Starting validation epoch 14 with 184 batches (batch_log_interval=36)
2026-02-02 04:40:11 | DEBUG    |   Valid batch 36/184: loss=0.0410, time=[min=584.3, avg=724.9, max=1155.6]ms
2026-02-02 04:40:37 | DEBUG    |   Valid batch 72/184: loss=0.0407, time=[min=692.2, avg=734.5, max=773.8]ms
2026-02-02 04:41:03 | DEBUG    |   Valid batch 108/184: loss=0.0402, time=[min=679.2, avg=702.1, max=728.7]ms
2026-02-02 04:41:29 | DEBUG    |   Valid batch 144/184: loss=0.0405, time=[min=585.1, avg=729.5, max=820.9]ms
2026-02-02 04:41:54 | DEBUG    |   Valid batch 180/184: loss=0.0413, time=[min=568.3, avg=687.9, max=844.0]ms
2026-02-02 04:41:56 | DEBUG    |   Per-crop SSIM: center=0.6761, corners=0.7468, edges=0.7137
2026-02-02 04:41:56 | DEBUG    | Validation epoch 14 complete: avg_loss=0.0408, time=132.83s, avg_batch_time=713.0ms
2026-02-02 04:41:56 | DEBUG    | Saving epochs CSV
2026-02-02 04:41:56 | INFO     | Epoch 14/500 completed: train_loss=0.0385, valid_loss=0.0408, best=0.0406, time=295.77s (train=162.94s, valid=132.83s), run_avg=296.69s (n=14)
2026-02-02 04:41:56 | DEBUG    | Learning rate: 0.000799
2026-02-02 04:41:56 | INFO     |   Metrics: ssim=0.7242, ms_ssim=0.8286, mae=0.0408, gradient_mae=0.1568, psnr=19.4542, ncc=90522303.2771
2026-02-02 04:41:56 | DEBUG    | Saving latest checkpoint
2026-02-02 04:41:57 | DEBUG    | Stepping scheduler
2026-02-02 04:41:57 | INFO     | Epoch 15/500 starting
2026-02-02 04:41:57 | DEBUG    | Starting training epoch 15 with 735 batches (batch_log_interval=147)
2026-02-02 04:42:30 | DEBUG    |   Train batch 147/735: loss=0.0378, time=[min=214.3, avg=221.8, max=248.7]ms
2026-02-02 04:43:03 | DEBUG    |   Train batch 294/735: loss=0.0382, time=[min=214.8, avg=223.2, max=250.0]ms
2026-02-02 04:43:36 | DEBUG    |   Train batch 441/735: loss=0.0385, time=[min=214.8, avg=221.1, max=244.3]ms
2026-02-02 04:44:08 | DEBUG    |   Train batch 588/735: loss=0.0389, time=[min=214.8, avg=220.0, max=244.0]ms
2026-02-02 04:44:40 | DEBUG    |   Train batch 735/735: loss=0.0389, time=[min=214.3, avg=221.5, max=251.8]ms
2026-02-02 04:44:40 | DEBUG    | Training epoch 15 complete: avg_loss=0.0384, time=163.78s, avg_batch_time=221.5ms
2026-02-02 04:44:40 | DEBUG    | Starting validation epoch 15 with 184 batches (batch_log_interval=36)
2026-02-02 04:45:08 | DEBUG    |   Valid batch 36/184: loss=0.0401, time=[min=683.1, avg=719.9, max=1068.4]ms
2026-02-02 04:45:35 | DEBUG    |   Valid batch 72/184: loss=0.0399, time=[min=682.3, avg=733.4, max=778.9]ms
2026-02-02 04:46:00 | DEBUG    |   Valid batch 108/184: loss=0.0394, time=[min=673.4, avg=701.7, max=719.2]ms
2026-02-02 04:46:26 | DEBUG    |   Valid batch 144/184: loss=0.0397, time=[min=676.7, avg=728.1, max=771.8]ms
2026-02-02 04:46:51 | DEBUG    |   Valid batch 180/184: loss=0.0405, time=[min=568.5, avg=690.6, max=717.8]ms
2026-02-02 04:46:53 | DEBUG    |   Per-crop SSIM: center=0.6736, corners=0.7454, edges=0.7118
2026-02-02 04:46:53 | DEBUG    | Validation epoch 15 complete: avg_loss=0.0400, time=132.74s, avg_batch_time=712.0ms
2026-02-02 04:46:53 | DEBUG    | Saving epochs CSV
2026-02-02 04:46:53 | INFO     | Epoch 15/500 completed: train_loss=0.0384, valid_loss=0.0400, best=0.0406, time=296.53s (train=163.78s, valid=132.74s), run_avg=296.68s (n=15)
2026-02-02 04:46:53 | DEBUG    | Learning rate: 0.000799
2026-02-02 04:46:53 | INFO     |   Metrics: ssim=0.7225, ms_ssim=0.8243, mae=0.0400, gradient_mae=0.1575, psnr=19.4168, ncc=103955267.5645
2026-02-02 04:46:53 | INFO     | New best validation loss: 0.0400 (prev: 0.0406)
2026-02-02 04:46:53 | DEBUG    | Saving best model checkpoint to experiments/train_nn1_cropped/l1_6edbe0/epochs/14
2026-02-02 04:46:54 | DEBUG    | Saving latest checkpoint
2026-02-02 04:46:54 | DEBUG    | Stepping scheduler
2026-02-02 04:46:54 | INFO     | Epoch 16/500 starting
2026-02-02 04:46:54 | DEBUG    | Starting training epoch 16 with 735 batches (batch_log_interval=147)
2026-02-02 04:47:28 | DEBUG    |   Train batch 147/735: loss=0.0389, time=[min=214.3, avg=220.2, max=246.2]ms
2026-02-02 04:48:00 | DEBUG    |   Train batch 294/735: loss=0.0392, time=[min=214.8, avg=221.7, max=261.2]ms
2026-02-02 04:48:33 | DEBUG    |   Train batch 441/735: loss=0.0384, time=[min=214.9, avg=220.4, max=246.0]ms
2026-02-02 04:49:05 | DEBUG    |   Train batch 588/735: loss=0.0384, time=[min=214.7, avg=217.8, max=236.7]ms
2026-02-02 04:49:37 | DEBUG    |   Train batch 735/735: loss=0.0385, time=[min=214.2, avg=219.4, max=247.1]ms
2026-02-02 04:49:37 | DEBUG    | Training epoch 16 complete: avg_loss=0.0387, time=162.48s, avg_batch_time=219.9ms
2026-02-02 04:49:37 | DEBUG    | Starting validation epoch 16 with 184 batches (batch_log_interval=36)
2026-02-02 04:50:05 | DEBUG    |   Valid batch 36/184: loss=0.0428, time=[min=681.0, avg=722.3, max=1070.8]ms
2026-02-02 04:50:31 | DEBUG    |   Valid batch 72/184: loss=0.0425, time=[min=678.4, avg=730.3, max=781.5]ms
2026-02-02 04:50:56 | DEBUG    |   Valid batch 108/184: loss=0.0420, time=[min=678.1, avg=701.0, max=725.1]ms
2026-02-02 04:51:23 | DEBUG    |   Valid batch 144/184: loss=0.0422, time=[min=583.6, avg=726.3, max=807.4]ms
2026-02-02 04:51:48 | DEBUG    |   Valid batch 180/184: loss=0.0431, time=[min=570.5, avg=692.2, max=849.9]ms
2026-02-02 04:51:50 | DEBUG    |   Per-crop SSIM: center=0.6759, corners=0.7464, edges=0.7133
2026-02-02 04:51:50 | DEBUG    | Validation epoch 16 complete: avg_loss=0.0425, time=132.93s, avg_batch_time=711.6ms
2026-02-02 04:51:50 | DEBUG    | Saving epochs CSV
2026-02-02 04:51:50 | INFO     | Epoch 16/500 completed: train_loss=0.0387, valid_loss=0.0425, best=0.0400, time=295.41s (train=162.48s, valid=132.93s), run_avg=296.60s (n=16)
2026-02-02 04:51:50 | DEBUG    | Learning rate: 0.000799
2026-02-02 04:51:50 | INFO     |   Metrics: ssim=0.7239, ms_ssim=0.8276, mae=0.0425, gradient_mae=0.1567, psnr=19.5299, ncc=108998542.2351
2026-02-02 04:51:50 | DEBUG    | Saving latest checkpoint
2026-02-02 04:51:51 | DEBUG    | Stepping scheduler
2026-02-02 04:51:51 | INFO     | Epoch 17/500 starting
2026-02-02 04:51:51 | DEBUG    | Starting training epoch 17 with 735 batches (batch_log_interval=147)
2026-02-02 04:52:24 | DEBUG    |   Train batch 147/735: loss=0.0376, time=[min=214.2, avg=222.5, max=263.1]ms
2026-02-02 04:52:57 | DEBUG    |   Train batch 294/735: loss=0.0378, time=[min=214.2, avg=223.3, max=261.8]ms
2026-02-02 04:53:30 | DEBUG    |   Train batch 441/735: loss=0.0378, time=[min=214.7, avg=221.9, max=250.4]ms
2026-02-02 04:54:02 | DEBUG    |   Train batch 588/735: loss=0.0371, time=[min=214.7, avg=219.5, max=241.5]ms
2026-02-02 04:54:34 | DEBUG    |   Train batch 735/735: loss=0.0377, time=[min=214.4, avg=220.9, max=244.1]ms
2026-02-02 04:54:34 | DEBUG    | Training epoch 17 complete: avg_loss=0.0376, time=163.74s, avg_batch_time=221.6ms
2026-02-02 04:54:34 | DEBUG    | Starting validation epoch 17 with 184 batches (batch_log_interval=36)
2026-02-02 04:55:02 | DEBUG    |   Valid batch 36/184: loss=0.0417, time=[min=682.9, avg=729.6, max=1012.9]ms
2026-02-02 04:55:29 | DEBUG    |   Valid batch 72/184: loss=0.0413, time=[min=691.2, avg=731.4, max=777.5]ms
2026-02-02 04:55:54 | DEBUG    |   Valid batch 108/184: loss=0.0410, time=[min=673.0, avg=701.9, max=722.8]ms
2026-02-02 04:56:20 | DEBUG    |   Valid batch 144/184: loss=0.0411, time=[min=682.3, avg=728.5, max=775.9]ms
2026-02-02 04:56:45 | DEBUG    |   Valid batch 180/184: loss=0.0420, time=[min=585.1, avg=698.9, max=772.0]ms
2026-02-02 04:56:48 | DEBUG    |   Per-crop SSIM: center=0.6758, corners=0.7466, edges=0.7133
2026-02-02 04:56:48 | DEBUG    | Validation epoch 17 complete: avg_loss=0.0415, time=133.34s, avg_batch_time=715.3ms
2026-02-02 04:56:48 | DEBUG    | Saving epochs CSV
2026-02-02 04:56:48 | INFO     | Epoch 17/500 completed: train_loss=0.0376, valid_loss=0.0415, best=0.0400, time=297.08s (train=163.74s, valid=133.34s), run_avg=296.63s (n=17)
2026-02-02 04:56:48 | DEBUG    | Learning rate: 0.000799
2026-02-02 04:56:48 | INFO     |   Metrics: ssim=0.7239, ms_ssim=0.8276, mae=0.0415, gradient_mae=0.1572, psnr=19.3106, ncc=75208193.3702
2026-02-02 04:56:48 | DEBUG    | Saving latest checkpoint
2026-02-02 04:56:49 | DEBUG    | Stepping scheduler
2026-02-02 04:56:49 | INFO     | Epoch 18/500 starting
2026-02-02 04:56:49 | DEBUG    | Starting training epoch 18 with 735 batches (batch_log_interval=147)
2026-02-02 04:57:22 | DEBUG    |   Train batch 147/735: loss=0.0377, time=[min=214.4, avg=219.1, max=255.1]ms
2026-02-02 04:57:54 | DEBUG    |   Train batch 294/735: loss=0.0380, time=[min=214.6, avg=221.2, max=244.7]ms
2026-02-02 04:58:27 | DEBUG    |   Train batch 441/735: loss=0.0376, time=[min=214.3, avg=221.3, max=247.3]ms
2026-02-02 04:58:59 | DEBUG    |   Train batch 588/735: loss=0.0376, time=[min=214.9, avg=217.6, max=237.1]ms
2026-02-02 04:59:31 | DEBUG    |   Train batch 735/735: loss=0.0381, time=[min=214.3, avg=220.3, max=239.3]ms
2026-02-02 04:59:31 | DEBUG    | Training epoch 18 complete: avg_loss=0.0378, time=162.55s, avg_batch_time=219.9ms
2026-02-02 04:59:31 | DEBUG    | Starting validation epoch 18 with 184 batches (batch_log_interval=36)
2026-02-02 04:59:59 | DEBUG    |   Valid batch 36/184: loss=0.0397, time=[min=584.4, avg=715.3, max=958.8]ms
2026-02-02 05:00:25 | DEBUG    |   Valid batch 72/184: loss=0.0395, time=[min=682.3, avg=731.4, max=770.2]ms
2026-02-02 05:00:51 | DEBUG    |   Valid batch 108/184: loss=0.0390, time=[min=677.4, avg=698.6, max=719.3]ms
2026-02-02 05:01:17 | DEBUG    |   Valid batch 144/184: loss=0.0392, time=[min=678.8, avg=732.8, max=785.0]ms
2026-02-02 05:01:42 | DEBUG    |   Valid batch 180/184: loss=0.0402, time=[min=567.9, avg=691.8, max=724.5]ms
2026-02-02 05:01:44 | DEBUG    |   Per-crop SSIM: center=0.6771, corners=0.7475, edges=0.7146
2026-02-02 05:01:44 | DEBUG    | Validation epoch 18 complete: avg_loss=0.0395, time=133.22s, avg_batch_time=711.2ms
2026-02-02 05:01:44 | DEBUG    | Saving epochs CSV
2026-02-02 05:01:44 | INFO     | Epoch 18/500 completed: train_loss=0.0378, valid_loss=0.0395, best=0.0400, time=295.77s (train=162.55s, valid=133.22s), run_avg=296.58s (n=18)
2026-02-02 05:01:44 | DEBUG    | Learning rate: 0.000799
2026-02-02 05:01:44 | INFO     |   Metrics: ssim=0.7251, ms_ssim=0.8290, mae=0.0395, gradient_mae=0.1561, psnr=19.5230, ncc=125401829.4869
2026-02-02 05:01:44 | INFO     | New best validation loss: 0.0395 (prev: 0.0400)
2026-02-02 05:01:44 | DEBUG    | Saving best model checkpoint to experiments/train_nn1_cropped/l1_6edbe0/epochs/17
2026-02-02 05:01:45 | DEBUG    | Saving latest checkpoint
2026-02-02 05:01:46 | DEBUG    | Stepping scheduler
2026-02-02 05:01:46 | INFO     | Epoch 19/500 starting
2026-02-02 05:01:46 | DEBUG    | Starting training epoch 19 with 735 batches (batch_log_interval=147)
2026-02-02 05:02:19 | DEBUG    |   Train batch 147/735: loss=0.0381, time=[min=214.3, avg=221.4, max=249.9]ms
2026-02-02 05:02:51 | DEBUG    |   Train batch 294/735: loss=0.0387, time=[min=214.4, avg=220.7, max=242.2]ms
2026-02-02 05:03:24 | DEBUG    |   Train batch 441/735: loss=0.0379, time=[min=214.5, avg=221.4, max=245.2]ms
2026-02-02 05:03:56 | DEBUG    |   Train batch 588/735: loss=0.0376, time=[min=214.2, avg=219.4, max=243.0]ms
2026-02-02 05:04:29 | DEBUG    |   Train batch 735/735: loss=0.0378, time=[min=214.2, avg=221.9, max=258.3]ms
2026-02-02 05:04:29 | DEBUG    | Training epoch 19 complete: avg_loss=0.0380, time=163.28s, avg_batch_time=220.9ms
2026-02-02 05:04:29 | DEBUG    | Starting validation epoch 19 with 184 batches (batch_log_interval=36)
2026-02-02 05:04:57 | DEBUG    |   Valid batch 36/184: loss=0.0393, time=[min=677.0, avg=725.8, max=1068.3]ms
2026-02-02 05:05:23 | DEBUG    |   Valid batch 72/184: loss=0.0390, time=[min=606.7, avg=730.0, max=876.8]ms
2026-02-02 05:05:48 | DEBUG    |   Valid batch 108/184: loss=0.0385, time=[min=683.1, avg=701.9, max=721.2]ms
2026-02-02 05:06:14 | DEBUG    |   Valid batch 144/184: loss=0.0388, time=[min=671.7, avg=728.3, max=777.1]ms
2026-02-02 05:06:40 | DEBUG    |   Valid batch 180/184: loss=0.0397, time=[min=581.3, avg=698.9, max=795.6]ms
2026-02-02 05:06:42 | DEBUG    |   Per-crop SSIM: center=0.6787, corners=0.7493, edges=0.7162
2026-02-02 05:06:42 | DEBUG    | Validation epoch 19 complete: avg_loss=0.0391, time=133.03s, avg_batch_time=714.2ms
2026-02-02 05:06:42 | DEBUG    | Saving epochs CSV
2026-02-02 05:06:42 | INFO     | Epoch 19/500 completed: train_loss=0.0380, valid_loss=0.0391, best=0.0395, time=296.30s (train=163.28s, valid=133.03s), run_avg=296.57s (n=19)
2026-02-02 05:06:42 | DEBUG    | Learning rate: 0.000799
2026-02-02 05:06:42 | INFO     |   Metrics: ssim=0.7267, ms_ssim=0.8296, mae=0.0391, gradient_mae=0.1554, psnr=19.5622, ncc=124362626.5620
2026-02-02 05:06:42 | INFO     | New best validation loss: 0.0391 (prev: 0.0395)
2026-02-02 05:06:42 | DEBUG    | Saving best model checkpoint to experiments/train_nn1_cropped/l1_6edbe0/epochs/18
2026-02-02 05:06:42 | DEBUG    | Saving latest checkpoint
2026-02-02 05:06:43 | DEBUG    | Stepping scheduler
2026-02-02 05:06:43 | INFO     | Epoch 20/500 starting
2026-02-02 05:06:43 | DEBUG    | Starting training epoch 20 with 735 batches (batch_log_interval=147)
2026-02-02 05:07:16 | DEBUG    |   Train batch 147/735: loss=0.0366, time=[min=213.9, avg=219.3, max=246.1]ms
2026-02-02 05:07:49 | DEBUG    |   Train batch 294/735: loss=0.0374, time=[min=214.5, avg=220.7, max=246.9]ms
2026-02-02 05:08:21 | DEBUG    |   Train batch 441/735: loss=0.0378, time=[min=214.7, avg=220.9, max=249.7]ms
2026-02-02 05:08:54 | DEBUG    |   Train batch 588/735: loss=0.0370, time=[min=214.7, avg=219.5, max=244.7]ms
2026-02-02 05:09:26 | DEBUG    |   Train batch 735/735: loss=0.0373, time=[min=214.3, avg=220.2, max=245.9]ms
2026-02-02 05:09:26 | DEBUG    | Training epoch 20 complete: avg_loss=0.0372, time=162.63s, avg_batch_time=220.1ms
2026-02-02 05:09:26 | DEBUG    | Starting validation epoch 20 with 184 batches (batch_log_interval=36)
2026-02-02 05:09:55 | DEBUG    |   Valid batch 36/184: loss=0.0395, time=[min=689.9, avg=744.2, max=1051.3]ms
2026-02-02 05:10:20 | DEBUG    |   Valid batch 72/184: loss=0.0392, time=[min=677.9, avg=704.4, max=719.3]ms
2026-02-02 05:10:46 | DEBUG    |   Valid batch 108/184: loss=0.0387, time=[min=681.4, avg=727.1, max=776.5]ms
2026-02-02 05:11:12 | DEBUG    |   Valid batch 144/184: loss=0.0390, time=[min=587.4, avg=711.7, max=840.7]ms
2026-02-02 05:11:38 | DEBUG    |   Valid batch 180/184: loss=0.0398, time=[min=568.9, avg=711.7, max=770.8]ms
2026-02-02 05:11:40 | DEBUG    |   Per-crop SSIM: center=0.6797, corners=0.7506, edges=0.7174
2026-02-02 05:11:40 | DEBUG    | Validation epoch 20 complete: avg_loss=0.0393, time=134.12s, avg_batch_time=716.6ms
2026-02-02 05:11:40 | DEBUG    | Saving epochs CSV
2026-02-02 05:11:40 | INFO     | Epoch 20/500 completed: train_loss=0.0372, valid_loss=0.0393, best=0.0391, time=296.75s (train=162.63s, valid=134.12s), run_avg=296.57s (n=20)
2026-02-02 05:11:40 | DEBUG    | Learning rate: 0.000798
2026-02-02 05:11:40 | INFO     |   Metrics: ssim=0.7279, ms_ssim=0.8322, mae=0.0393, gradient_mae=0.1544, psnr=19.6800, ncc=121282719.5998
2026-02-02 05:11:40 | DEBUG    | Saving latest checkpoint
2026-02-02 05:11:41 | DEBUG    | Stepping scheduler
2026-02-02 05:11:41 | INFO     | Epoch 21/500 starting
2026-02-02 05:11:41 | DEBUG    | Starting training epoch 21 with 735 batches (batch_log_interval=147)
2026-02-02 05:12:14 | DEBUG    |   Train batch 147/735: loss=0.0370, time=[min=214.1, avg=223.0, max=266.6]ms
2026-02-02 05:12:47 | DEBUG    |   Train batch 294/735: loss=0.0371, time=[min=214.4, avg=220.8, max=250.1]ms
2026-02-02 05:13:19 | DEBUG    |   Train batch 441/735: loss=0.0375, time=[min=214.5, avg=220.3, max=243.8]ms
2026-02-02 05:13:51 | DEBUG    |   Train batch 588/735: loss=0.0389, time=[min=214.7, avg=220.1, max=240.5]ms
2026-02-02 05:14:24 | DEBUG    |   Train batch 735/735: loss=0.0383, time=[min=215.0, avg=219.3, max=241.6]ms
2026-02-02 05:14:24 | DEBUG    | Training epoch 21 complete: avg_loss=0.0378, time=163.07s, avg_batch_time=220.7ms
2026-02-02 05:14:24 | DEBUG    | Starting validation epoch 21 with 184 batches (batch_log_interval=36)
2026-02-02 05:14:52 | DEBUG    |   Valid batch 36/184: loss=0.0393, time=[min=585.8, avg=741.0, max=1079.5]ms
2026-02-02 05:15:18 | DEBUG    |   Valid batch 72/184: loss=0.0390, time=[min=589.0, avg=728.3, max=856.7]ms
2026-02-02 05:15:44 | DEBUG    |   Valid batch 108/184: loss=0.0385, time=[min=678.3, avg=706.4, max=769.5]ms
2026-02-02 05:16:10 | DEBUG    |   Valid batch 144/184: loss=0.0388, time=[min=684.2, avg=728.3, max=777.1]ms
2026-02-02 05:16:35 | DEBUG    |   Valid batch 180/184: loss=0.0397, time=[min=570.4, avg=691.7, max=854.5]ms
2026-02-02 05:16:37 | DEBUG    |   Per-crop SSIM: center=0.6780, corners=0.7491, edges=0.7158
2026-02-02 05:16:37 | DEBUG    | Validation epoch 21 complete: avg_loss=0.0391, time=133.65s, avg_batch_time=716.0ms
2026-02-02 05:16:37 | DEBUG    | Saving epochs CSV
2026-02-02 05:16:37 | INFO     | Epoch 21/500 completed: train_loss=0.0378, valid_loss=0.0391, best=0.0391, time=296.72s (train=163.07s, valid=133.65s), run_avg=296.58s (n=21)
2026-02-02 05:16:37 | DEBUG    | Learning rate: 0.000798
2026-02-02 05:16:37 | INFO     |   Metrics: ssim=0.7264, ms_ssim=0.8279, mae=0.0391, gradient_mae=0.1553, psnr=19.5614, ncc=123112526.9524
2026-02-02 05:16:37 | DEBUG    | Saving latest checkpoint
2026-02-02 05:16:38 | DEBUG    | Stepping scheduler
2026-02-02 05:16:38 | INFO     | Epoch 22/500 starting
2026-02-02 05:16:38 | DEBUG    | Starting training epoch 22 with 735 batches (batch_log_interval=147)
2026-02-02 05:17:11 | DEBUG    |   Train batch 147/735: loss=0.0375, time=[min=214.8, avg=221.2, max=254.9]ms
2026-02-02 05:17:44 | DEBUG    |   Train batch 294/735: loss=0.0376, time=[min=214.7, avg=220.6, max=254.4]ms
2026-02-02 05:18:16 | DEBUG    |   Train batch 441/735: loss=0.0372, time=[min=214.5, avg=218.8, max=238.7]ms
2026-02-02 05:18:48 | DEBUG    |   Train batch 588/735: loss=0.0370, time=[min=211.0, avg=219.9, max=244.8]ms
2026-02-02 05:19:21 | DEBUG    |   Train batch 735/735: loss=0.0372, time=[min=214.0, avg=220.4, max=243.0]ms
2026-02-02 05:19:21 | DEBUG    | Training epoch 22 complete: avg_loss=0.0373, time=162.77s, avg_batch_time=220.2ms
2026-02-02 05:19:21 | DEBUG    | Starting validation epoch 22 with 184 batches (batch_log_interval=36)
2026-02-02 05:19:49 | DEBUG    |   Valid batch 36/184: loss=0.0395, time=[min=584.4, avg=718.1, max=1042.5]ms
2026-02-02 05:20:15 | DEBUG    |   Valid batch 72/184: loss=0.0392, time=[min=607.5, avg=727.2, max=895.2]ms
2026-02-02 05:20:40 | DEBUG    |   Valid batch 108/184: loss=0.0388, time=[min=583.4, avg=699.7, max=823.9]ms
2026-02-02 05:21:06 | DEBUG    |   Valid batch 144/184: loss=0.0390, time=[min=586.5, avg=729.5, max=912.3]ms
2026-02-02 05:21:31 | DEBUG    |   Valid batch 180/184: loss=0.0399, time=[min=582.1, avg=697.5, max=761.9]ms
2026-02-02 05:21:34 | DEBUG    |   Per-crop SSIM: center=0.6797, corners=0.7503, edges=0.7173
2026-02-02 05:21:34 | DEBUG    | Validation epoch 22 complete: avg_loss=0.0393, time=132.99s, avg_batch_time=711.7ms
2026-02-02 05:21:34 | DEBUG    | Saving epochs CSV
2026-02-02 05:21:34 | INFO     | Epoch 22/500 completed: train_loss=0.0373, valid_loss=0.0393, best=0.0391, time=295.77s (train=162.77s, valid=132.99s), run_avg=296.54s (n=22)
2026-02-02 05:21:34 | DEBUG    | Learning rate: 0.000798
2026-02-02 05:21:34 | INFO     |   Metrics: ssim=0.7278, ms_ssim=0.8316, mae=0.0393, gradient_mae=0.1547, psnr=19.5144, ncc=162694231.8963
2026-02-02 05:21:34 | DEBUG    | Saving latest checkpoint
2026-02-02 05:21:35 | DEBUG    | Stepping scheduler
2026-02-02 05:21:35 | INFO     | Epoch 23/500 starting
2026-02-02 05:21:35 | DEBUG    | Starting training epoch 23 with 735 batches (batch_log_interval=147)
2026-02-02 05:22:08 | DEBUG    |   Train batch 147/735: loss=0.0369, time=[min=214.2, avg=220.2, max=245.8]ms
2026-02-02 05:22:40 | DEBUG    |   Train batch 294/735: loss=0.0380, time=[min=214.1, avg=222.4, max=244.6]ms
2026-02-02 05:23:13 | DEBUG    |   Train batch 441/735: loss=0.0368, time=[min=214.5, avg=221.3, max=247.3]ms
2026-02-02 05:23:45 | DEBUG    |   Train batch 588/735: loss=0.0365, time=[min=214.3, avg=218.8, max=234.8]ms
2026-02-02 05:24:18 | DEBUG    |   Train batch 735/735: loss=0.0371, time=[min=214.1, avg=220.1, max=245.5]ms
2026-02-02 05:24:18 | DEBUG    | Training epoch 23 complete: avg_loss=0.0370, time=163.02s, avg_batch_time=220.5ms
2026-02-02 05:24:18 | DEBUG    | Starting validation epoch 23 with 184 batches (batch_log_interval=36)
2026-02-02 05:24:46 | DEBUG    |   Valid batch 36/184: loss=0.0403, time=[min=677.6, avg=707.1, max=887.2]ms
2026-02-02 05:25:12 | DEBUG    |   Valid batch 72/184: loss=0.0400, time=[min=584.9, avg=727.6, max=818.2]ms
2026-02-02 05:25:37 | DEBUG    |   Valid batch 108/184: loss=0.0396, time=[min=677.9, avg=702.9, max=718.4]ms
2026-02-02 05:26:03 | DEBUG    |   Valid batch 144/184: loss=0.0398, time=[min=686.4, avg=730.5, max=772.2]ms
2026-02-02 05:26:29 | DEBUG    |   Valid batch 180/184: loss=0.0407, time=[min=580.4, avg=696.3, max=765.3]ms
2026-02-02 05:26:31 | DEBUG    |   Per-crop SSIM: center=0.6788, corners=0.7489, edges=0.7160
2026-02-02 05:26:31 | DEBUG    | Validation epoch 23 complete: avg_loss=0.0401, time=133.29s, avg_batch_time=710.1ms
2026-02-02 05:26:31 | DEBUG    | Saving epochs CSV
2026-02-02 05:26:31 | INFO     | Epoch 23/500 completed: train_loss=0.0370, valid_loss=0.0401, best=0.0391, time=296.31s (train=163.02s, valid=133.29s), run_avg=296.53s (n=23)
2026-02-02 05:26:31 | DEBUG    | Learning rate: 0.000798
2026-02-02 05:26:31 | INFO     |   Metrics: ssim=0.7265, ms_ssim=0.8289, mae=0.0401, gradient_mae=0.1565, psnr=18.8738, ncc=154102526.6196
2026-02-02 05:26:31 | DEBUG    | Saving latest checkpoint
2026-02-02 05:26:32 | DEBUG    | Stepping scheduler
2026-02-02 05:26:32 | INFO     | Epoch 24/500 starting
2026-02-02 05:26:32 | DEBUG    | Starting training epoch 24 with 735 batches (batch_log_interval=147)
2026-02-02 05:27:05 | DEBUG    |   Train batch 147/735: loss=0.0367, time=[min=214.2, avg=219.6, max=245.5]ms
2026-02-02 05:27:37 | DEBUG    |   Train batch 294/735: loss=0.0384, time=[min=214.8, avg=220.5, max=240.4]ms
2026-02-02 05:28:10 | DEBUG    |   Train batch 441/735: loss=0.0377, time=[min=214.7, avg=221.0, max=246.6]ms
2026-02-02 05:28:42 | DEBUG    |   Train batch 588/735: loss=0.0374, time=[min=214.6, avg=218.4, max=237.2]ms
2026-02-02 05:29:14 | DEBUG    |   Train batch 735/735: loss=0.0365, time=[min=214.4, avg=220.7, max=247.0]ms
2026-02-02 05:29:14 | DEBUG    | Training epoch 24 complete: avg_loss=0.0373, time=162.57s, avg_batch_time=220.0ms
2026-02-02 05:29:14 | DEBUG    | Starting validation epoch 24 with 184 batches (batch_log_interval=36)
2026-02-02 05:29:44 | DEBUG    |   Valid batch 36/184: loss=0.0394, time=[min=683.1, avg=738.1, max=1025.9]ms
2026-02-02 05:30:10 | DEBUG    |   Valid batch 72/184: loss=0.0390, time=[min=586.7, avg=723.3, max=833.6]ms
2026-02-02 05:30:35 | DEBUG    |   Valid batch 108/184: loss=0.0386, time=[min=680.1, avg=714.1, max=773.4]ms
2026-02-02 05:31:02 | DEBUG    |   Valid batch 144/184: loss=0.0388, time=[min=676.3, avg=733.2, max=781.1]ms
2026-02-02 05:31:27 | DEBUG    |   Valid batch 180/184: loss=0.0397, time=[min=569.3, avg=691.0, max=721.7]ms
2026-02-02 05:31:29 | DEBUG    |   Per-crop SSIM: center=0.6814, corners=0.7519, edges=0.7190
2026-02-02 05:31:29 | DEBUG    | Validation epoch 24 complete: avg_loss=0.0391, time=134.62s, avg_batch_time=716.7ms
2026-02-02 05:31:29 | DEBUG    | Saving epochs CSV
2026-02-02 05:31:29 | INFO     | Epoch 24/500 completed: train_loss=0.0373, valid_loss=0.0391, best=0.0391, time=297.19s (train=162.57s, valid=134.62s), run_avg=296.56s (n=24)
2026-02-02 05:31:29 | DEBUG    | Learning rate: 0.000797
2026-02-02 05:31:29 | INFO     |   Metrics: ssim=0.7295, ms_ssim=0.8333, mae=0.0391, gradient_mae=0.1540, psnr=19.6826, ncc=166508651.1844
2026-02-02 05:31:29 | DEBUG    | Saving latest checkpoint
2026-02-02 05:31:30 | DEBUG    | Stepping scheduler
2026-02-02 05:31:30 | INFO     | Epoch 25/500 starting
2026-02-02 05:31:30 | DEBUG    | Starting training epoch 25 with 735 batches (batch_log_interval=147)
2026-02-02 05:32:03 | DEBUG    |   Train batch 147/735: loss=0.0363, time=[min=214.3, avg=222.2, max=251.1]ms
2026-02-02 05:32:36 | DEBUG    |   Train batch 294/735: loss=0.0365, time=[min=214.5, avg=221.9, max=246.5]ms
2026-02-02 05:33:08 | DEBUG    |   Train batch 441/735: loss=0.0370, time=[min=212.9, avg=220.3, max=242.7]ms
2026-02-02 05:33:41 | DEBUG    |   Train batch 588/735: loss=0.0364, time=[min=214.5, avg=221.9, max=246.9]ms
2026-02-02 05:34:13 | DEBUG    |   Train batch 735/735: loss=0.0365, time=[min=214.1, avg=221.1, max=245.6]ms
2026-02-02 05:34:13 | DEBUG    | Training epoch 25 complete: avg_loss=0.0365, time=163.64s, avg_batch_time=221.5ms
2026-02-02 05:34:13 | DEBUG    | Starting validation epoch 25 with 184 batches (batch_log_interval=36)
2026-02-02 05:34:41 | DEBUG    |   Valid batch 36/184: loss=0.0388, time=[min=682.5, avg=717.4, max=992.0]ms
2026-02-02 05:35:08 | DEBUG    |   Valid batch 72/184: loss=0.0385, time=[min=676.4, avg=732.2, max=775.5]ms
2026-02-02 05:35:33 | DEBUG    |   Valid batch 108/184: loss=0.0381, time=[min=679.3, avg=703.7, max=718.5]ms
2026-02-02 05:35:59 | DEBUG    |   Valid batch 144/184: loss=0.0383, time=[min=690.4, avg=735.2, max=774.9]ms
2026-02-02 05:36:24 | DEBUG    |   Valid batch 180/184: loss=0.0392, time=[min=582.9, avg=695.6, max=737.6]ms
2026-02-02 05:36:27 | DEBUG    |   Per-crop SSIM: center=0.6826, corners=0.7531, edges=0.7201
2026-02-02 05:36:27 | DEBUG    | Validation epoch 25 complete: avg_loss=0.0386, time=133.66s, avg_batch_time=714.0ms
2026-02-02 05:36:27 | DEBUG    | Saving epochs CSV
2026-02-02 05:36:27 | INFO     | Epoch 25/500 completed: train_loss=0.0365, valid_loss=0.0386, best=0.0391, time=297.30s (train=163.64s, valid=133.66s), run_avg=296.59s (n=25)
2026-02-02 05:36:27 | DEBUG    | Learning rate: 0.000797
2026-02-02 05:36:27 | INFO     |   Metrics: ssim=0.7306, ms_ssim=0.8346, mae=0.0386, gradient_mae=0.1529, psnr=19.6886, ncc=182356177.1843
2026-02-02 05:36:27 | INFO     | New best validation loss: 0.0386 (prev: 0.0391)
2026-02-02 05:36:27 | DEBUG    | Saving best model checkpoint to experiments/train_nn1_cropped/l1_6edbe0/epochs/24
2026-02-02 05:36:27 | DEBUG    | Saving latest checkpoint
2026-02-02 05:36:28 | DEBUG    | Stepping scheduler
2026-02-02 05:36:28 | INFO     | Epoch 26/500 starting
2026-02-02 05:36:28 | DEBUG    | Starting training epoch 26 with 735 batches (batch_log_interval=147)
2026-02-02 05:37:01 | DEBUG    |   Train batch 147/735: loss=0.0363, time=[min=214.3, avg=221.1, max=251.4]ms
2026-02-02 05:37:34 | DEBUG    |   Train batch 294/735: loss=0.0365, time=[min=214.5, avg=221.8, max=249.9]ms
2026-02-02 05:38:06 | DEBUG    |   Train batch 441/735: loss=0.0363, time=[min=214.5, avg=220.3, max=247.8]ms
2026-02-02 05:38:39 | DEBUG    |   Train batch 588/735: loss=0.0364, time=[min=214.7, avg=218.6, max=239.1]ms
2026-02-02 05:39:11 | DEBUG    |   Train batch 735/735: loss=0.0364, time=[min=214.1, avg=220.2, max=252.8]ms
2026-02-02 05:39:11 | DEBUG    | Training epoch 26 complete: avg_loss=0.0364, time=162.88s, avg_batch_time=220.4ms
2026-02-02 05:39:11 | DEBUG    | Starting validation epoch 26 with 184 batches (batch_log_interval=36)
2026-02-02 05:39:39 | DEBUG    |   Valid batch 36/184: loss=0.0387, time=[min=681.4, avg=722.3, max=1062.8]ms
2026-02-02 05:40:05 | DEBUG    |   Valid batch 72/184: loss=0.0384, time=[min=680.3, avg=733.4, max=778.0]ms
2026-02-02 05:40:31 | DEBUG    |   Valid batch 108/184: loss=0.0379, time=[min=586.1, avg=700.3, max=792.3]ms
2026-02-02 05:40:57 | DEBUG    |   Valid batch 144/184: loss=0.0382, time=[min=584.1, avg=731.5, max=833.3]ms
2026-02-02 05:41:22 | DEBUG    |   Valid batch 180/184: loss=0.0391, time=[min=582.8, avg=697.1, max=917.1]ms
2026-02-02 05:41:24 | DEBUG    |   Per-crop SSIM: center=0.6811, corners=0.7523, edges=0.7190
2026-02-02 05:41:24 | DEBUG    | Validation epoch 26 complete: avg_loss=0.0385, time=133.34s, avg_batch_time=714.1ms
2026-02-02 05:41:24 | DEBUG    | Saving epochs CSV
2026-02-02 05:41:24 | INFO     | Epoch 26/500 completed: train_loss=0.0364, valid_loss=0.0385, best=0.0386, time=296.23s (train=162.88s, valid=133.34s), run_avg=296.58s (n=26)
2026-02-02 05:41:24 | DEBUG    | Learning rate: 0.000797
2026-02-02 05:41:24 | INFO     |   Metrics: ssim=0.7296, ms_ssim=0.8334, mae=0.0385, gradient_mae=0.1540, psnr=19.6440, ncc=175932911.1590
2026-02-02 05:41:24 | INFO     | New best validation loss: 0.0385 (prev: 0.0386)
2026-02-02 05:41:24 | DEBUG    | Saving best model checkpoint to experiments/train_nn1_cropped/l1_6edbe0/epochs/25
2026-02-02 05:41:25 | DEBUG    | Saving latest checkpoint
2026-02-02 05:41:26 | DEBUG    | Stepping scheduler
2026-02-02 05:41:26 | INFO     | Epoch 27/500 starting
2026-02-02 05:41:26 | DEBUG    | Starting training epoch 27 with 735 batches (batch_log_interval=147)
2026-02-02 05:41:59 | DEBUG    |   Train batch 147/735: loss=0.0367, time=[min=214.1, avg=221.7, max=253.0]ms
2026-02-02 05:42:32 | DEBUG    |   Train batch 294/735: loss=0.0367, time=[min=214.4, avg=222.7, max=259.5]ms
2026-02-02 05:43:05 | DEBUG    |   Train batch 441/735: loss=0.0363, time=[min=214.2, avg=221.3, max=247.7]ms
2026-02-02 05:43:37 | DEBUG    |   Train batch 588/735: loss=0.0379, time=[min=214.0, avg=219.4, max=245.0]ms
2026-02-02 05:44:09 | DEBUG    |   Train batch 735/735: loss=0.0381, time=[min=214.1, avg=221.1, max=247.5]ms
2026-02-02 05:44:09 | DEBUG    | Training epoch 27 complete: avg_loss=0.0371, time=163.61s, avg_batch_time=221.3ms
2026-02-02 05:44:09 | DEBUG    | Starting validation epoch 27 with 184 batches (batch_log_interval=36)
2026-02-02 05:44:37 | DEBUG    |   Valid batch 36/184: loss=0.0398, time=[min=678.3, avg=723.1, max=1069.9]ms
2026-02-02 05:45:04 | DEBUG    |   Valid batch 72/184: loss=0.0394, time=[min=678.3, avg=731.2, max=772.6]ms
2026-02-02 05:45:29 | DEBUG    |   Valid batch 108/184: loss=0.0390, time=[min=679.4, avg=706.7, max=723.7]ms
2026-02-02 05:45:55 | DEBUG    |   Valid batch 144/184: loss=0.0392, time=[min=687.2, avg=733.9, max=776.7]ms
2026-02-02 05:46:20 | DEBUG    |   Valid batch 180/184: loss=0.0401, time=[min=568.5, avg=691.7, max=720.8]ms
2026-02-02 05:46:23 | DEBUG    |   Per-crop SSIM: center=0.6785, corners=0.7503, edges=0.7167
2026-02-02 05:46:23 | DEBUG    | Validation epoch 27 complete: avg_loss=0.0396, time=133.36s, avg_batch_time=714.5ms
2026-02-02 05:46:23 | DEBUG    | Saving epochs CSV
2026-02-02 05:46:23 | INFO     | Epoch 27/500 completed: train_loss=0.0371, valid_loss=0.0396, best=0.0385, time=296.97s (train=163.61s, valid=133.36s), run_avg=296.59s (n=27)
2026-02-02 05:46:23 | DEBUG    | Learning rate: 0.000796
2026-02-02 05:46:23 | INFO     |   Metrics: ssim=0.7274, ms_ssim=0.8306, mae=0.0396, gradient_mae=0.1546, psnr=19.6070, ncc=140196918.8372
2026-02-02 05:46:23 | DEBUG    | Saving latest checkpoint
2026-02-02 05:46:23 | DEBUG    | Stepping scheduler
2026-02-02 05:46:23 | INFO     | Epoch 28/500 starting
2026-02-02 05:46:23 | DEBUG    | Starting training epoch 28 with 735 batches (batch_log_interval=147)
2026-02-02 05:46:57 | DEBUG    |   Train batch 147/735: loss=0.0368, time=[min=214.3, avg=219.7, max=249.0]ms
2026-02-02 05:47:29 | DEBUG    |   Train batch 294/735: loss=0.0365, time=[min=213.7, avg=219.8, max=242.4]ms
2026-02-02 05:48:01 | DEBUG    |   Train batch 441/735: loss=0.0371, time=[min=214.6, avg=220.0, max=250.4]ms
2026-02-02 05:48:33 | DEBUG    |   Train batch 588/735: loss=0.0366, time=[min=214.5, avg=218.5, max=243.8]ms
2026-02-02 05:49:06 | DEBUG    |   Train batch 735/735: loss=0.0366, time=[min=214.2, avg=220.2, max=243.8]ms
2026-02-02 05:49:06 | DEBUG    | Training epoch 28 complete: avg_loss=0.0367, time=162.39s, avg_batch_time=219.6ms
2026-02-02 05:49:06 | DEBUG    | Starting validation epoch 28 with 184 batches (batch_log_interval=36)
2026-02-02 05:49:34 | DEBUG    |   Valid batch 36/184: loss=0.0393, time=[min=679.6, avg=721.0, max=1038.3]ms
2026-02-02 05:50:00 | DEBUG    |   Valid batch 72/184: loss=0.0390, time=[min=592.1, avg=728.2, max=893.2]ms
2026-02-02 05:50:25 | DEBUG    |   Valid batch 108/184: loss=0.0385, time=[min=584.3, avg=704.2, max=842.3]ms
2026-02-02 05:50:52 | DEBUG    |   Valid batch 144/184: loss=0.0388, time=[min=584.4, avg=729.9, max=823.9]ms
2026-02-02 05:51:17 | DEBUG    |   Valid batch 180/184: loss=0.0396, time=[min=583.7, avg=695.8, max=900.5]ms
2026-02-02 05:51:19 | DEBUG    |   Per-crop SSIM: center=0.6820, corners=0.7526, edges=0.7195
2026-02-02 05:51:19 | DEBUG    | Validation epoch 28 complete: avg_loss=0.0391, time=133.07s, avg_batch_time=713.1ms
2026-02-02 05:51:19 | DEBUG    | Saving epochs CSV
2026-02-02 05:51:19 | INFO     | Epoch 28/500 completed: train_loss=0.0367, valid_loss=0.0391, best=0.0385, time=295.46s (train=162.39s, valid=133.07s), run_avg=296.55s (n=28)
2026-02-02 05:51:19 | DEBUG    | Learning rate: 0.000796
2026-02-02 05:51:19 | INFO     |   Metrics: ssim=0.7301, ms_ssim=0.8339, mae=0.0391, gradient_mae=0.1533, psnr=19.6263, ncc=171232814.5509
2026-02-02 05:51:19 | DEBUG    | Saving latest checkpoint
2026-02-02 05:51:20 | DEBUG    | Stepping scheduler
2026-02-02 05:51:20 | INFO     | Epoch 29/500 starting
2026-02-02 05:51:20 | DEBUG    | Starting training epoch 29 with 735 batches (batch_log_interval=147)
2026-02-02 05:51:53 | DEBUG    |   Train batch 147/735: loss=0.0366, time=[min=213.9, avg=223.4, max=268.7]ms
2026-02-02 05:52:26 | DEBUG    |   Train batch 294/735: loss=0.0362, time=[min=214.5, avg=220.7, max=242.7]ms
2026-02-02 05:52:58 | DEBUG    |   Train batch 441/735: loss=0.0362, time=[min=214.2, avg=219.0, max=253.6]ms
2026-02-02 05:53:31 | DEBUG    |   Train batch 588/735: loss=0.0362, time=[min=214.5, avg=221.8, max=251.1]ms
2026-02-02 05:54:03 | DEBUG    |   Train batch 735/735: loss=0.0363, time=[min=214.1, avg=220.7, max=245.7]ms
2026-02-02 05:54:03 | DEBUG    | Training epoch 29 complete: avg_loss=0.0363, time=163.39s, avg_batch_time=221.1ms
2026-02-02 05:54:03 | DEBUG    | Starting validation epoch 29 with 184 batches (batch_log_interval=36)
2026-02-02 05:54:31 | DEBUG    |   Valid batch 36/184: loss=0.0385, time=[min=680.4, avg=718.4, max=961.4]ms
2026-02-02 05:54:58 | DEBUG    |   Valid batch 72/184: loss=0.0383, time=[min=586.2, avg=733.8, max=780.3]ms
2026-02-02 05:55:23 | DEBUG    |   Valid batch 108/184: loss=0.0378, time=[min=677.4, avg=706.3, max=727.6]ms
2026-02-02 05:55:50 | DEBUG    |   Valid batch 144/184: loss=0.0380, time=[min=603.6, avg=732.2, max=918.5]ms
2026-02-02 05:56:15 | DEBUG    |   Valid batch 180/184: loss=0.0389, time=[min=582.4, avg=692.8, max=741.7]ms
2026-02-02 05:56:17 | DEBUG    |   Per-crop SSIM: center=0.6827, corners=0.7537, edges=0.7205
2026-02-02 05:56:17 | DEBUG    | Validation epoch 29 complete: avg_loss=0.0383, time=133.68s, avg_batch_time=713.9ms
2026-02-02 05:56:17 | DEBUG    | Saving epochs CSV
2026-02-02 05:56:17 | INFO     | Epoch 29/500 completed: train_loss=0.0363, valid_loss=0.0383, best=0.0385, time=297.08s (train=163.39s, valid=133.68s), run_avg=296.57s (n=29)
2026-02-02 05:56:17 | DEBUG    | Learning rate: 0.000796
2026-02-02 05:56:17 | INFO     |   Metrics: ssim=0.7311, ms_ssim=0.8352, mae=0.0383, gradient_mae=0.1530, psnr=19.7260, ncc=195085158.2540
2026-02-02 05:56:17 | INFO     | New best validation loss: 0.0383 (prev: 0.0385)
2026-02-02 05:56:17 | DEBUG    | Saving best model checkpoint to experiments/train_nn1_cropped/l1_6edbe0/epochs/28
2026-02-02 05:56:17 | DEBUG    | Saving latest checkpoint
2026-02-02 05:56:18 | DEBUG    | Stepping scheduler
2026-02-02 05:56:18 | INFO     | Epoch 30/500 starting
2026-02-02 05:56:18 | DEBUG    | Starting training epoch 30 with 735 batches (batch_log_interval=147)
2026-02-02 05:56:51 | DEBUG    |   Train batch 147/735: loss=0.0357, time=[min=214.3, avg=219.7, max=245.7]ms
2026-02-02 05:57:24 | DEBUG    |   Train batch 294/735: loss=0.0360, time=[min=214.5, avg=221.5, max=249.0]ms
2026-02-02 05:57:56 | DEBUG    |   Train batch 441/735: loss=0.0363, time=[min=214.6, avg=220.7, max=246.5]ms
2026-02-02 05:58:29 | DEBUG    |   Train batch 588/735: loss=0.0362, time=[min=214.8, avg=218.5, max=251.0]ms
2026-02-02 05:59:01 | DEBUG    |   Train batch 735/735: loss=0.0358, time=[min=210.0, avg=220.5, max=246.6]ms
2026-02-02 05:59:01 | DEBUG    | Training epoch 30 complete: avg_loss=0.0360, time=162.80s, avg_batch_time=220.2ms
2026-02-02 05:59:01 | DEBUG    | Starting validation epoch 30 with 184 batches (batch_log_interval=36)
2026-02-02 05:59:30 | DEBUG    |   Valid batch 36/184: loss=0.0400, time=[min=669.7, avg=741.9, max=1205.6]ms
2026-02-02 05:59:56 | DEBUG    |   Valid batch 72/184: loss=0.0396, time=[min=680.7, avg=717.6, max=773.4]ms
2026-02-02 06:00:21 | DEBUG    |   Valid batch 108/184: loss=0.0392, time=[min=585.4, avg=710.9, max=858.7]ms
2026-02-02 06:00:47 | DEBUG    |   Valid batch 144/184: loss=0.0394, time=[min=583.2, avg=723.1, max=919.5]ms
2026-02-02 06:01:12 | DEBUG    |   Valid batch 180/184: loss=0.0403, time=[min=566.4, avg=694.3, max=847.2]ms
2026-02-02 06:01:15 | DEBUG    |   Per-crop SSIM: center=0.6845, corners=0.7552, edges=0.7221
2026-02-02 06:01:15 | DEBUG    | Validation epoch 30 complete: avg_loss=0.0397, time=133.65s, avg_batch_time=714.4ms
2026-02-02 06:01:15 | DEBUG    | Saving epochs CSV
2026-02-02 06:01:15 | INFO     | Epoch 30/500 completed: train_loss=0.0360, valid_loss=0.0397, best=0.0383, time=296.45s (train=162.80s, valid=133.65s), run_avg=296.57s (n=30)
2026-02-02 06:01:15 | DEBUG    | Learning rate: 0.000795
2026-02-02 06:01:15 | INFO     |   Metrics: ssim=0.7326, ms_ssim=0.8372, mae=0.0397, gradient_mae=0.1522, psnr=19.6286, ncc=201365121.8146
2026-02-02 06:01:15 | DEBUG    | Saving latest checkpoint
2026-02-02 06:01:15 | DEBUG    | Stepping scheduler
2026-02-02 06:01:15 | INFO     | Epoch 31/500 starting
2026-02-02 06:01:15 | DEBUG    | Starting training epoch 31 with 735 batches (batch_log_interval=147)
2026-02-02 06:01:49 | DEBUG    |   Train batch 147/735: loss=0.0358, time=[min=214.3, avg=221.7, max=246.5]ms
2026-02-02 06:02:21 | DEBUG    |   Train batch 294/735: loss=0.0359, time=[min=214.4, avg=221.6, max=249.3]ms
2026-02-02 06:02:53 | DEBUG    |   Train batch 441/735: loss=0.0365, time=[min=214.4, avg=219.3, max=236.0]ms
2026-02-02 06:03:26 | DEBUG    |   Train batch 588/735: loss=0.0358, time=[min=214.7, avg=223.2, max=260.7]ms
2026-02-02 06:03:59 | DEBUG    |   Train batch 735/735: loss=0.0362, time=[min=214.2, avg=220.8, max=243.9]ms
2026-02-02 06:03:59 | DEBUG    | Training epoch 31 complete: avg_loss=0.0360, time=163.56s, avg_batch_time=221.3ms
2026-02-02 06:03:59 | DEBUG    | Starting validation epoch 31 with 184 batches (batch_log_interval=36)
2026-02-02 06:04:28 | DEBUG    |   Valid batch 36/184: loss=0.0403, time=[min=679.6, avg=745.1, max=1063.9]ms
2026-02-02 06:04:54 | DEBUG    |   Valid batch 72/184: loss=0.0400, time=[min=684.1, avg=729.1, max=775.0]ms
2026-02-02 06:05:20 | DEBUG    |   Valid batch 108/184: loss=0.0395, time=[min=667.8, avg=720.5, max=773.0]ms
2026-02-02 06:05:46 | DEBUG    |   Valid batch 144/184: loss=0.0397, time=[min=676.7, avg=724.9, max=768.1]ms
2026-02-02 06:06:11 | DEBUG    |   Valid batch 180/184: loss=0.0406, time=[min=567.7, avg=695.1, max=752.8]ms
2026-02-02 06:06:14 | DEBUG    |   Per-crop SSIM: center=0.6831, corners=0.7538, edges=0.7208
2026-02-02 06:06:14 | DEBUG    | Validation epoch 31 complete: avg_loss=0.0401, time=134.73s, avg_batch_time=719.6ms
2026-02-02 06:06:14 | DEBUG    | Saving epochs CSV
2026-02-02 06:06:14 | INFO     | Epoch 31/500 completed: train_loss=0.0360, valid_loss=0.0401, best=0.0383, time=298.29s (train=163.56s, valid=134.73s), run_avg=296.62s (n=31)
2026-02-02 06:06:14 | DEBUG    | Learning rate: 0.000795
2026-02-02 06:06:14 | INFO     |   Metrics: ssim=0.7312, ms_ssim=0.8357, mae=0.0401, gradient_mae=0.1525, psnr=19.6668, ncc=199817646.4492
2026-02-02 06:06:14 | DEBUG    | Saving latest checkpoint
2026-02-02 06:06:14 | DEBUG    | Stepping scheduler
2026-02-02 06:06:14 | INFO     | Epoch 32/500 starting
2026-02-02 06:06:14 | DEBUG    | Starting training epoch 32 with 735 batches (batch_log_interval=147)
2026-02-02 06:06:47 | DEBUG    |   Train batch 147/735: loss=0.0362, time=[min=214.2, avg=221.4, max=246.0]ms
2026-02-02 06:07:20 | DEBUG    |   Train batch 294/735: loss=0.0364, time=[min=214.5, avg=220.3, max=245.9]ms
2026-02-02 06:07:52 | DEBUG    |   Train batch 441/735: loss=0.0359, time=[min=214.6, avg=218.0, max=241.5]ms
2026-02-02 06:08:24 | DEBUG    |   Train batch 588/735: loss=0.0358, time=[min=214.7, avg=220.7, max=241.4]ms
2026-02-02 06:08:57 | DEBUG    |   Train batch 735/735: loss=0.0361, time=[min=214.6, avg=220.1, max=243.3]ms
2026-02-02 06:08:57 | DEBUG    | Training epoch 32 complete: avg_loss=0.0361, time=162.62s, avg_batch_time=220.1ms
2026-02-02 06:08:57 | DEBUG    | Starting validation epoch 32 with 184 batches (batch_log_interval=36)
2026-02-02 06:09:25 | DEBUG    |   Valid batch 36/184: loss=0.0396, time=[min=584.8, avg=720.0, max=1052.5]ms
2026-02-02 06:09:51 | DEBUG    |   Valid batch 72/184: loss=0.0392, time=[min=583.8, avg=736.3, max=877.4]ms
2026-02-02 06:10:16 | DEBUG    |   Valid batch 108/184: loss=0.0388, time=[min=677.2, avg=701.6, max=721.5]ms
2026-02-02 06:10:43 | DEBUG    |   Valid batch 144/184: loss=0.0390, time=[min=678.3, avg=727.5, max=769.6]ms
2026-02-02 06:11:07 | DEBUG    |   Valid batch 180/184: loss=0.0399, time=[min=568.3, avg=692.2, max=792.8]ms
2026-02-02 06:11:10 | DEBUG    |   Per-crop SSIM: center=0.6822, corners=0.7535, edges=0.7202
2026-02-02 06:11:10 | DEBUG    | Validation epoch 32 complete: avg_loss=0.0393, time=133.02s, avg_batch_time=712.7ms
2026-02-02 06:11:10 | DEBUG    | Saving epochs CSV
2026-02-02 06:11:10 | INFO     | Epoch 32/500 completed: train_loss=0.0361, valid_loss=0.0393, best=0.0383, time=295.64s (train=162.62s, valid=133.02s), run_avg=296.59s (n=32)
2026-02-02 06:11:10 | DEBUG    | Learning rate: 0.000795
2026-02-02 06:11:10 | INFO     |   Metrics: ssim=0.7308, ms_ssim=0.8357, mae=0.0393, gradient_mae=0.1524, psnr=19.6874, ncc=187433506.5570
2026-02-02 06:11:10 | DEBUG    | Saving latest checkpoint
2026-02-02 06:11:11 | DEBUG    | Stepping scheduler
2026-02-02 06:11:11 | INFO     | Epoch 33/500 starting
2026-02-02 06:11:11 | DEBUG    | Starting training epoch 33 with 735 batches (batch_log_interval=147)
2026-02-02 06:11:44 | DEBUG    |   Train batch 147/735: loss=0.0362, time=[min=214.1, avg=222.1, max=266.8]ms
2026-02-02 06:12:17 | DEBUG    |   Train batch 294/735: loss=0.0362, time=[min=214.2, avg=222.9, max=254.6]ms
2026-02-02 06:12:49 | DEBUG    |   Train batch 441/735: loss=0.0360, time=[min=214.5, avg=221.0, max=247.7]ms
2026-02-02 06:13:22 | DEBUG    |   Train batch 588/735: loss=0.0362, time=[min=209.9, avg=220.6, max=250.9]ms
2026-02-02 06:13:55 | DEBUG    |   Train batch 735/735: loss=0.0360, time=[min=214.2, avg=221.8, max=247.7]ms
2026-02-02 06:13:55 | DEBUG    | Training epoch 33 complete: avg_loss=0.0361, time=163.90s, avg_batch_time=221.7ms
2026-02-02 06:13:55 | DEBUG    | Starting validation epoch 33 with 184 batches (batch_log_interval=36)
2026-02-02 06:14:24 | DEBUG    |   Valid batch 36/184: loss=0.0393, time=[min=585.9, avg=745.6, max=1069.0]ms
2026-02-02 06:14:49 | DEBUG    |   Valid batch 72/184: loss=0.0389, time=[min=581.1, avg=710.1, max=813.8]ms
2026-02-02 06:15:15 | DEBUG    |   Valid batch 108/184: loss=0.0384, time=[min=585.7, avg=717.3, max=809.7]ms
2026-02-02 06:15:41 | DEBUG    |   Valid batch 144/184: loss=0.0387, time=[min=583.8, avg=721.7, max=803.4]ms
2026-02-02 06:16:06 | DEBUG    |   Valid batch 180/184: loss=0.0395, time=[min=569.4, avg=692.2, max=769.2]ms
2026-02-02 06:16:08 | DEBUG    |   Per-crop SSIM: center=0.6833, corners=0.7541, edges=0.7209
2026-02-02 06:16:08 | DEBUG    | Validation epoch 33 complete: avg_loss=0.0390, time=133.96s, avg_batch_time=714.2ms
2026-02-02 06:16:08 | DEBUG    | Saving epochs CSV
2026-02-02 06:16:08 | INFO     | Epoch 33/500 completed: train_loss=0.0361, valid_loss=0.0390, best=0.0383, time=297.86s (train=163.90s, valid=133.96s), run_avg=296.63s (n=33)
2026-02-02 06:16:08 | DEBUG    | Learning rate: 0.000794
2026-02-02 06:16:08 | INFO     |   Metrics: ssim=0.7315, ms_ssim=0.8351, mae=0.0390, gradient_mae=0.1529, psnr=19.5588, ncc=213643815.1426
2026-02-02 06:16:08 | DEBUG    | Saving latest checkpoint
2026-02-02 06:16:09 | DEBUG    | Stepping scheduler
2026-02-02 06:16:09 | INFO     | Epoch 34/500 starting
2026-02-02 06:16:09 | DEBUG    | Starting training epoch 34 with 735 batches (batch_log_interval=147)
2026-02-02 06:16:42 | DEBUG    |   Train batch 147/735: loss=0.0361, time=[min=214.2, avg=220.5, max=245.1]ms
2026-02-02 06:17:14 | DEBUG    |   Train batch 294/735: loss=0.0360, time=[min=214.3, avg=219.6, max=244.0]ms
2026-02-02 06:17:47 | DEBUG    |   Train batch 441/735: loss=0.0365, time=[min=214.2, avg=218.4, max=237.4]ms
2026-02-02 06:18:19 | DEBUG    |   Train batch 588/735: loss=0.0358, time=[min=214.4, avg=219.6, max=244.2]ms
2026-02-02 06:18:51 | DEBUG    |   Train batch 735/735: loss=0.0364, time=[min=213.8, avg=219.6, max=244.3]ms
2026-02-02 06:18:51 | DEBUG    | Training epoch 34 complete: avg_loss=0.0362, time=162.24s, avg_batch_time=219.5ms
2026-02-02 06:18:51 | DEBUG    | Starting validation epoch 34 with 184 batches (batch_log_interval=36)
2026-02-02 06:19:20 | DEBUG    |   Valid batch 36/184: loss=0.0396, time=[min=585.3, avg=741.5, max=1085.1]ms
2026-02-02 06:19:46 | DEBUG    |   Valid batch 72/184: loss=0.0392, time=[min=583.8, avg=720.2, max=852.8]ms
2026-02-02 06:20:12 | DEBUG    |   Valid batch 108/184: loss=0.0388, time=[min=582.9, avg=711.9, max=817.6]ms
2026-02-02 06:20:38 | DEBUG    |   Valid batch 144/184: loss=0.0390, time=[min=678.3, avg=725.0, max=772.7]ms
2026-02-02 06:21:03 | DEBUG    |   Valid batch 180/184: loss=0.0399, time=[min=566.0, avg=693.1, max=847.1]ms
2026-02-02 06:21:05 | DEBUG    |   Per-crop SSIM: center=0.6832, corners=0.7539, edges=0.7208
2026-02-02 06:21:05 | DEBUG    | Validation epoch 34 complete: avg_loss=0.0393, time=134.04s, avg_batch_time=715.2ms
2026-02-02 06:21:05 | DEBUG    | Saving epochs CSV
2026-02-02 06:21:05 | INFO     | Epoch 34/500 completed: train_loss=0.0362, valid_loss=0.0393, best=0.0383, time=296.28s (train=162.24s, valid=134.04s), run_avg=296.62s (n=34)
2026-02-02 06:21:05 | DEBUG    | Learning rate: 0.000794
2026-02-02 06:21:05 | INFO     |   Metrics: ssim=0.7314, ms_ssim=0.8332, mae=0.0393, gradient_mae=0.1527, psnr=19.5252, ncc=244633807.1477
2026-02-02 06:21:05 | DEBUG    | Saving latest checkpoint
2026-02-02 06:21:06 | DEBUG    | Stepping scheduler
2026-02-02 06:21:06 | INFO     | Epoch 35/500 starting
2026-02-02 06:21:06 | DEBUG    | Starting training epoch 35 with 735 batches (batch_log_interval=147)
2026-02-02 06:21:40 | DEBUG    |   Train batch 147/735: loss=0.0369, time=[min=214.2, avg=224.3, max=248.2]ms
2026-02-02 06:22:13 | DEBUG    |   Train batch 294/735: loss=0.0362, time=[min=214.7, avg=223.5, max=247.1]ms
2026-02-02 06:22:45 | DEBUG    |   Train batch 441/735: loss=0.0358, time=[min=214.5, avg=220.8, max=253.6]ms
2026-02-02 06:23:18 | DEBUG    |   Train batch 588/735: loss=0.0355, time=[min=214.4, avg=223.7, max=263.2]ms
2026-02-02 06:23:51 | DEBUG    |   Train batch 735/735: loss=0.0354, time=[min=214.1, avg=221.7, max=252.4]ms
2026-02-02 06:23:51 | DEBUG    | Training epoch 35 complete: avg_loss=0.0359, time=164.68s, avg_batch_time=222.8ms
2026-02-02 06:23:51 | DEBUG    | Starting validation epoch 35 with 184 batches (batch_log_interval=36)
2026-02-02 06:24:21 | DEBUG    |   Valid batch 36/184: loss=0.0382, time=[min=717.6, avg=778.2, max=1035.5]ms
2026-02-02 06:24:47 | DEBUG    |   Valid batch 72/184: loss=0.0379, time=[min=680.3, avg=710.2, max=805.0]ms
2026-02-02 06:25:13 | DEBUG    |   Valid batch 108/184: loss=0.0375, time=[min=684.5, avg=731.0, max=781.3]ms
2026-02-02 06:25:38 | DEBUG    |   Valid batch 144/184: loss=0.0377, time=[min=678.6, avg=704.0, max=742.2]ms
2026-02-02 06:26:04 | DEBUG    |   Valid batch 180/184: loss=0.0386, time=[min=568.2, avg=719.4, max=774.3]ms
2026-02-02 06:26:07 | DEBUG    |   Per-crop SSIM: center=0.6845, corners=0.7554, edges=0.7223
2026-02-02 06:26:07 | DEBUG    | Validation epoch 35 complete: avg_loss=0.0380, time=136.13s, avg_batch_time=725.1ms
2026-02-02 06:26:07 | DEBUG    | Saving epochs CSV
2026-02-02 06:26:07 | INFO     | Epoch 35/500 completed: train_loss=0.0359, valid_loss=0.0380, best=0.0383, time=300.81s (train=164.68s, valid=136.13s), run_avg=296.74s (n=35)
2026-02-02 06:26:07 | DEBUG    | Learning rate: 0.000793
2026-02-02 06:26:07 | INFO     |   Metrics: ssim=0.7328, ms_ssim=0.8361, mae=0.0380, gradient_mae=0.1523, psnr=19.6677, ncc=231198397.9217
2026-02-02 06:26:07 | INFO     | New best validation loss: 0.0380 (prev: 0.0383)
2026-02-02 06:26:07 | DEBUG    | Saving best model checkpoint to experiments/train_nn1_cropped/l1_6edbe0/epochs/34
2026-02-02 06:26:07 | DEBUG    | Saving latest checkpoint
2026-02-02 06:26:08 | DEBUG    | Stepping scheduler
2026-02-02 06:26:08 | INFO     | Epoch 36/500 starting
2026-02-02 06:26:08 | DEBUG    | Starting training epoch 36 with 735 batches (batch_log_interval=147)
2026-02-02 06:26:41 | DEBUG    |   Train batch 147/735: loss=0.0358, time=[min=214.3, avg=220.9, max=245.4]ms
2026-02-02 06:27:13 | DEBUG    |   Train batch 294/735: loss=0.0373, time=[min=214.4, avg=218.8, max=249.3]ms
2026-02-02 06:27:46 | DEBUG    |   Train batch 441/735: loss=0.0369, time=[min=211.5, avg=221.2, max=243.3]ms
2026-02-02 06:28:18 | DEBUG    |   Train batch 588/735: loss=0.0364, time=[min=214.7, avg=221.0, max=247.0]ms
2026-02-02 06:28:50 | DEBUG    |   Train batch 735/735: loss=0.0361, time=[min=214.4, avg=218.4, max=236.5]ms
2026-02-02 06:28:50 | DEBUG    | Training epoch 36 complete: avg_loss=0.0365, time=162.58s, avg_batch_time=220.1ms
2026-02-02 06:28:50 | DEBUG    | Starting validation epoch 36 with 184 batches (batch_log_interval=36)
2026-02-02 06:29:20 | DEBUG    |   Valid batch 36/184: loss=0.0389, time=[min=679.9, avg=765.1, max=1063.7]ms
2026-02-02 06:29:46 | DEBUG    |   Valid batch 72/184: loss=0.0385, time=[min=682.1, avg=704.1, max=727.3]ms
2026-02-02 06:30:12 | DEBUG    |   Valid batch 108/184: loss=0.0381, time=[min=681.2, avg=734.3, max=769.4]ms
2026-02-02 06:30:38 | DEBUG    |   Valid batch 144/184: loss=0.0383, time=[min=584.1, avg=712.8, max=819.5]ms
2026-02-02 06:31:03 | DEBUG    |   Valid batch 180/184: loss=0.0392, time=[min=568.1, avg=707.1, max=775.4]ms
2026-02-02 06:31:06 | DEBUG    |   Per-crop SSIM: center=0.6840, corners=0.7543, edges=0.7214
2026-02-02 06:31:06 | DEBUG    | Validation epoch 36 complete: avg_loss=0.0386, time=135.35s, avg_batch_time=721.4ms
2026-02-02 06:31:06 | DEBUG    | Saving epochs CSV
2026-02-02 06:31:06 | INFO     | Epoch 36/500 completed: train_loss=0.0365, valid_loss=0.0386, best=0.0380, time=297.93s (train=162.58s, valid=135.35s), run_avg=296.77s (n=36)
2026-02-02 06:31:06 | DEBUG    | Learning rate: 0.000793
2026-02-02 06:31:06 | INFO     |   Metrics: ssim=0.7318, ms_ssim=0.8360, mae=0.0386, gradient_mae=0.1528, psnr=19.6402, ncc=238424078.9855
2026-02-02 06:31:06 | DEBUG    | Saving latest checkpoint
2026-02-02 06:31:06 | DEBUG    | Stepping scheduler
2026-02-02 06:31:06 | INFO     | Epoch 37/500 starting
2026-02-02 06:31:06 | DEBUG    | Starting training epoch 37 with 735 batches (batch_log_interval=147)
2026-02-02 06:31:40 | DEBUG    |   Train batch 147/735: loss=0.0360, time=[min=214.5, avg=222.2, max=248.0]ms
2026-02-02 06:32:12 | DEBUG    |   Train batch 294/735: loss=0.0361, time=[min=214.5, avg=221.2, max=249.8]ms
2026-02-02 06:32:45 | DEBUG    |   Train batch 441/735: loss=0.0359, time=[min=214.4, avg=221.9, max=246.5]ms
2026-02-02 06:33:18 | DEBUG    |   Train batch 588/735: loss=0.0361, time=[min=214.9, avg=222.7, max=249.1]ms
2026-02-02 06:33:50 | DEBUG    |   Train batch 735/735: loss=0.0362, time=[min=214.9, avg=219.3, max=248.3]ms
2026-02-02 06:33:50 | DEBUG    | Training epoch 37 complete: avg_loss=0.0361, time=163.61s, avg_batch_time=221.4ms
2026-02-02 06:33:50 | DEBUG    | Starting validation epoch 37 with 184 batches (batch_log_interval=36)
2026-02-02 06:34:19 | DEBUG    |   Valid batch 36/184: loss=0.0386, time=[min=681.4, avg=748.3, max=1101.6]ms
2026-02-02 06:34:44 | DEBUG    |   Valid batch 72/184: loss=0.0383, time=[min=677.6, avg=710.8, max=763.2]ms
2026-02-02 06:35:10 | DEBUG    |   Valid batch 108/184: loss=0.0379, time=[min=583.3, avg=716.4, max=796.4]ms
2026-02-02 06:35:36 | DEBUG    |   Valid batch 144/184: loss=0.0380, time=[min=585.2, avg=717.3, max=810.7]ms
2026-02-02 06:36:01 | DEBUG    |   Valid batch 180/184: loss=0.0390, time=[min=565.2, avg=703.2, max=770.2]ms
2026-02-02 06:36:04 | DEBUG    |   Per-crop SSIM: center=0.6847, corners=0.7551, edges=0.7222
2026-02-02 06:36:04 | DEBUG    | Validation epoch 37 complete: avg_loss=0.0384, time=133.69s, avg_batch_time=716.0ms
2026-02-02 06:36:04 | DEBUG    | Saving epochs CSV
2026-02-02 06:36:04 | INFO     | Epoch 37/500 completed: train_loss=0.0361, valid_loss=0.0384, best=0.0380, time=297.30s (train=163.61s, valid=133.69s), run_avg=296.79s (n=37)
2026-02-02 06:36:04 | DEBUG    | Learning rate: 0.000792
2026-02-02 06:36:04 | INFO     |   Metrics: ssim=0.7326, ms_ssim=0.8378, mae=0.0384, gradient_mae=0.1522, psnr=19.7600, ncc=214291068.6425
2026-02-02 06:36:04 | DEBUG    | Saving latest checkpoint
2026-02-02 06:36:04 | DEBUG    | Stepping scheduler
2026-02-02 06:36:04 | INFO     | Epoch 38/500 starting
2026-02-02 06:36:04 | DEBUG    | Starting training epoch 38 with 735 batches (batch_log_interval=147)
2026-02-02 06:36:37 | DEBUG    |   Train batch 147/735: loss=0.0353, time=[min=214.3, avg=221.8, max=242.3]ms
2026-02-02 06:37:10 | DEBUG    |   Train batch 294/735: loss=0.0359, time=[min=214.3, avg=220.3, max=245.2]ms
2026-02-02 06:37:42 | DEBUG    |   Train batch 441/735: loss=0.0360, time=[min=214.7, avg=219.5, max=238.5]ms
2026-02-02 06:38:15 | DEBUG    |   Train batch 588/735: loss=0.0358, time=[min=214.8, avg=220.8, max=247.5]ms
2026-02-02 06:38:47 | DEBUG    |   Train batch 735/735: loss=0.0358, time=[min=214.4, avg=219.9, max=244.5]ms
2026-02-02 06:38:47 | DEBUG    | Training epoch 38 complete: avg_loss=0.0357, time=162.86s, avg_batch_time=220.4ms
2026-02-02 06:38:47 | DEBUG    | Starting validation epoch 38 with 184 batches (batch_log_interval=36)
2026-02-02 06:39:15 | DEBUG    |   Valid batch 36/184: loss=0.0400, time=[min=586.1, avg=711.6, max=934.8]ms
2026-02-02 06:39:41 | DEBUG    |   Valid batch 72/184: loss=0.0397, time=[min=584.1, avg=726.2, max=835.4]ms
2026-02-02 06:40:06 | DEBUG    |   Valid batch 108/184: loss=0.0393, time=[min=584.1, avg=703.4, max=813.9]ms
2026-02-02 06:40:33 | DEBUG    |   Valid batch 144/184: loss=0.0395, time=[min=678.9, avg=733.3, max=773.7]ms
2026-02-02 06:40:58 | DEBUG    |   Valid batch 180/184: loss=0.0404, time=[min=568.1, avg=684.9, max=715.9]ms
2026-02-02 06:41:00 | DEBUG    |   Per-crop SSIM: center=0.6754, corners=0.7463, edges=0.7130
2026-02-02 06:41:00 | DEBUG    | Validation epoch 38 complete: avg_loss=0.0398, time=132.90s, avg_batch_time=709.2ms
2026-02-02 06:41:00 | DEBUG    | Saving epochs CSV
2026-02-02 06:41:00 | INFO     | Epoch 38/500 completed: train_loss=0.0357, valid_loss=0.0398, best=0.0380, time=295.76s (train=162.86s, valid=132.90s), run_avg=296.76s (n=38)
2026-02-02 06:41:00 | DEBUG    | Learning rate: 0.000792
2026-02-02 06:41:00 | INFO     |   Metrics: ssim=0.7236, ms_ssim=0.8264, mae=0.0398, gradient_mae=0.1565, psnr=19.4410, ncc=153398098.9348
2026-02-02 06:41:00 | DEBUG    | Saving latest checkpoint
2026-02-02 06:41:01 | DEBUG    | Stepping scheduler
2026-02-02 06:41:01 | INFO     | Epoch 39/500 starting
2026-02-02 06:41:01 | DEBUG    | Starting training epoch 39 with 735 batches (batch_log_interval=147)
2026-02-02 06:41:34 | DEBUG    |   Train batch 147/735: loss=0.0365, time=[min=209.6, avg=221.8, max=264.4]ms
2026-02-02 06:42:07 | DEBUG    |   Train batch 294/735: loss=0.0359, time=[min=214.8, avg=223.6, max=257.1]ms
2026-02-02 06:42:39 | DEBUG    |   Train batch 441/735: loss=0.0356, time=[min=214.8, avg=221.0, max=249.7]ms
2026-02-02 06:43:12 | DEBUG    |   Train batch 588/735: loss=0.0354, time=[min=214.9, avg=219.8, max=244.4]ms
2026-02-02 06:43:44 | DEBUG    |   Train batch 735/735: loss=0.0354, time=[min=214.2, avg=220.4, max=243.7]ms
2026-02-02 06:43:44 | DEBUG    | Training epoch 39 complete: avg_loss=0.0358, time=163.55s, avg_batch_time=221.3ms
2026-02-02 06:43:44 | DEBUG    | Starting validation epoch 39 with 184 batches (batch_log_interval=36)
2026-02-02 06:44:12 | DEBUG    |   Valid batch 36/184: loss=0.0384, time=[min=679.6, avg=728.0, max=1077.6]ms
2026-02-02 06:44:38 | DEBUG    |   Valid batch 72/184: loss=0.0380, time=[min=584.0, avg=731.7, max=850.5]ms
2026-02-02 06:45:04 | DEBUG    |   Valid batch 108/184: loss=0.0376, time=[min=678.5, avg=701.3, max=717.1]ms
2026-02-02 06:45:30 | DEBUG    |   Valid batch 144/184: loss=0.0378, time=[min=681.5, avg=729.9, max=788.2]ms
2026-02-02 06:45:55 | DEBUG    |   Valid batch 180/184: loss=0.0386, time=[min=582.1, avg=694.1, max=745.7]ms
2026-02-02 06:45:57 | DEBUG    |   Per-crop SSIM: center=0.6850, corners=0.7553, edges=0.7224
2026-02-02 06:45:57 | DEBUG    | Validation epoch 39 complete: avg_loss=0.0381, time=133.09s, avg_batch_time=714.2ms
2026-02-02 06:45:57 | DEBUG    | Saving epochs CSV
2026-02-02 06:45:57 | INFO     | Epoch 39/500 completed: train_loss=0.0358, valid_loss=0.0381, best=0.0380, time=296.63s (train=163.55s, valid=133.09s), run_avg=296.76s (n=39)
2026-02-02 06:45:57 | DEBUG    | Learning rate: 0.000791
2026-02-02 06:45:57 | INFO     |   Metrics: ssim=0.7329, ms_ssim=0.8368, mae=0.0381, gradient_mae=0.1515, psnr=19.7779, ncc=247320605.0160
2026-02-02 06:45:57 | DEBUG    | Saving latest checkpoint
2026-02-02 06:45:58 | DEBUG    | Stepping scheduler
2026-02-02 06:45:58 | INFO     | Epoch 40/500 starting
2026-02-02 06:45:58 | DEBUG    | Starting training epoch 40 with 735 batches (batch_log_interval=147)
2026-02-02 06:46:31 | DEBUG    |   Train batch 147/735: loss=0.0357, time=[min=214.1, avg=218.5, max=241.6]ms
2026-02-02 06:47:04 | DEBUG    |   Train batch 294/735: loss=0.0357, time=[min=214.3, avg=220.4, max=243.0]ms
2026-02-02 06:47:36 | DEBUG    |   Train batch 441/735: loss=0.0354, time=[min=214.4, avg=219.6, max=242.1]ms
2026-02-02 06:48:08 | DEBUG    |   Train batch 588/735: loss=0.0357, time=[min=214.0, avg=218.4, max=242.5]ms
2026-02-02 06:48:40 | DEBUG    |   Train batch 735/735: loss=0.0353, time=[min=213.9, avg=220.2, max=257.9]ms
2026-02-02 06:48:40 | DEBUG    | Training epoch 40 complete: avg_loss=0.0356, time=162.22s, avg_batch_time=219.4ms
2026-02-02 06:48:40 | DEBUG    | Starting validation epoch 40 with 184 batches (batch_log_interval=36)
2026-02-02 06:49:08 | DEBUG    |   Valid batch 36/184: loss=0.0387, time=[min=589.8, avg=716.0, max=934.0]ms
2026-02-02 06:49:35 | DEBUG    |   Valid batch 72/184: loss=0.0383, time=[min=584.3, avg=731.9, max=903.5]ms
2026-02-02 06:50:00 | DEBUG    |   Valid batch 108/184: loss=0.0380, time=[min=584.7, avg=698.2, max=834.8]ms
2026-02-02 06:50:26 | DEBUG    |   Valid batch 144/184: loss=0.0380, time=[min=583.9, avg=731.6, max=913.4]ms
2026-02-02 06:50:51 | DEBUG    |   Valid batch 180/184: loss=0.0389, time=[min=580.2, avg=694.0, max=886.0]ms
2026-02-02 06:50:54 | DEBUG    |   Per-crop SSIM: center=0.6856, corners=0.7557, edges=0.7230
2026-02-02 06:50:54 | DEBUG    | Validation epoch 40 complete: avg_loss=0.0384, time=133.15s, avg_batch_time=711.6ms
2026-02-02 06:50:54 | DEBUG    | Saving epochs CSV
2026-02-02 06:50:54 | INFO     | Epoch 40/500 completed: train_loss=0.0356, valid_loss=0.0384, best=0.0380, time=295.37s (train=162.22s, valid=133.15s), run_avg=296.72s (n=40)
2026-02-02 06:50:54 | DEBUG    | Learning rate: 0.000791
2026-02-02 06:50:54 | INFO     |   Metrics: ssim=0.7334, ms_ssim=0.8370, mae=0.0384, gradient_mae=0.1513, psnr=19.7122, ncc=182968215.6385
2026-02-02 06:50:54 | DEBUG    | Saving latest checkpoint
2026-02-02 06:50:54 | DEBUG    | Stepping scheduler
2026-02-02 06:50:54 | INFO     | Epoch 41/500 starting
2026-02-02 06:50:54 | DEBUG    | Starting training epoch 41 with 735 batches (batch_log_interval=147)
2026-02-02 06:51:28 | DEBUG    |   Train batch 147/735: loss=0.0350, time=[min=214.4, avg=221.3, max=252.1]ms
2026-02-02 06:52:00 | DEBUG    |   Train batch 294/735: loss=0.0363, time=[min=214.6, avg=221.7, max=243.1]ms
2026-02-02 06:52:33 | DEBUG    |   Train batch 441/735: loss=0.0366, time=[min=214.4, avg=220.5, max=247.7]ms
2026-02-02 06:53:05 | DEBUG    |   Train batch 588/735: loss=0.0355, time=[min=214.6, avg=219.5, max=240.0]ms
2026-02-02 06:53:38 | DEBUG    |   Train batch 735/735: loss=0.0356, time=[min=210.2, avg=221.3, max=260.4]ms
2026-02-02 06:53:38 | DEBUG    | Training epoch 41 complete: avg_loss=0.0358, time=163.30s, avg_batch_time=220.8ms
2026-02-02 06:53:38 | DEBUG    | Starting validation epoch 41 with 184 batches (batch_log_interval=36)
2026-02-02 06:54:05 | DEBUG    |   Valid batch 36/184: loss=0.0385, time=[min=585.9, avg=723.3, max=1005.1]ms
2026-02-02 06:54:32 | DEBUG    |   Valid batch 72/184: loss=0.0382, time=[min=681.4, avg=735.7, max=784.5]ms
2026-02-02 06:54:57 | DEBUG    |   Valid batch 108/184: loss=0.0377, time=[min=674.1, avg=703.4, max=717.4]ms
2026-02-02 06:55:24 | DEBUG    |   Valid batch 144/184: loss=0.0379, time=[min=685.1, avg=730.7, max=767.8]ms
2026-02-02 06:55:49 | DEBUG    |   Valid batch 180/184: loss=0.0388, time=[min=572.6, avg=691.4, max=722.2]ms
2026-02-02 06:55:51 | DEBUG    |   Per-crop SSIM: center=0.6857, corners=0.7565, edges=0.7234
2026-02-02 06:55:51 | DEBUG    | Validation epoch 41 complete: avg_loss=0.0383, time=133.26s, avg_batch_time=714.1ms
2026-02-02 06:55:51 | DEBUG    | Saving epochs CSV
2026-02-02 06:55:51 | INFO     | Epoch 41/500 completed: train_loss=0.0358, valid_loss=0.0383, best=0.0380, time=296.56s (train=163.30s, valid=133.26s), run_avg=296.72s (n=41)
2026-02-02 06:55:51 | DEBUG    | Learning rate: 0.000790
2026-02-02 06:55:51 | INFO     |   Metrics: ssim=0.7339, ms_ssim=0.8382, mae=0.0383, gradient_mae=0.1510, psnr=19.8062, ncc=242270207.1456
2026-02-02 06:55:51 | DEBUG    | Saving latest checkpoint
2026-02-02 06:55:52 | DEBUG    | Stepping scheduler
2026-02-02 06:55:52 | INFO     | Epoch 42/500 starting
2026-02-02 06:55:52 | DEBUG    | Starting training epoch 42 with 735 batches (batch_log_interval=147)
2026-02-02 06:56:25 | DEBUG    |   Train batch 147/735: loss=0.0354, time=[min=214.4, avg=220.0, max=249.2]ms
2026-02-02 06:56:57 | DEBUG    |   Train batch 294/735: loss=0.0352, time=[min=214.5, avg=220.8, max=247.5]ms
2026-02-02 06:57:29 | DEBUG    |   Train batch 441/735: loss=0.0358, time=[min=214.7, avg=218.9, max=246.5]ms
2026-02-02 06:58:02 | DEBUG    |   Train batch 588/735: loss=0.0353, time=[min=214.5, avg=218.6, max=237.8]ms
2026-02-02 06:58:34 | DEBUG    |   Train batch 735/735: loss=0.0350, time=[min=213.9, avg=220.9, max=244.9]ms
2026-02-02 06:58:34 | DEBUG    | Training epoch 42 complete: avg_loss=0.0353, time=162.56s, avg_batch_time=219.9ms
2026-02-02 06:58:34 | DEBUG    | Starting validation epoch 42 with 184 batches (batch_log_interval=36)
2026-02-02 06:59:04 | DEBUG    |   Valid batch 36/184: loss=0.0379, time=[min=687.7, avg=770.0, max=1065.8]ms
2026-02-02 06:59:29 | DEBUG    |   Valid batch 72/184: loss=0.0375, time=[min=585.0, avg=700.4, max=813.8]ms
2026-02-02 06:59:56 | DEBUG    |   Valid batch 108/184: loss=0.0372, time=[min=583.9, avg=730.1, max=884.5]ms
2026-02-02 07:00:21 | DEBUG    |   Valid batch 144/184: loss=0.0373, time=[min=584.7, avg=706.4, max=837.3]ms
2026-02-02 07:00:47 | DEBUG    |   Valid batch 180/184: loss=0.0382, time=[min=566.7, avg=709.6, max=892.1]ms
2026-02-02 07:00:49 | DEBUG    |   Per-crop SSIM: center=0.6866, corners=0.7567, edges=0.7240
2026-02-02 07:00:49 | DEBUG    | Validation epoch 42 complete: avg_loss=0.0376, time=134.85s, avg_batch_time=720.0ms
2026-02-02 07:00:49 | DEBUG    | Saving epochs CSV
2026-02-02 07:00:49 | INFO     | Epoch 42/500 completed: train_loss=0.0353, valid_loss=0.0376, best=0.0380, time=297.42s (train=162.56s, valid=134.85s), run_avg=296.73s (n=42)
2026-02-02 07:00:49 | DEBUG    | Learning rate: 0.000790
2026-02-02 07:00:49 | INFO     |   Metrics: ssim=0.7344, ms_ssim=0.8390, mae=0.0376, gradient_mae=0.1509, psnr=19.8052, ncc=289582154.2421
2026-02-02 07:00:49 | INFO     | New best validation loss: 0.0376 (prev: 0.0380)
2026-02-02 07:00:49 | DEBUG    | Saving best model checkpoint to experiments/train_nn1_cropped/l1_6edbe0/epochs/41
2026-02-02 07:00:49 | DEBUG    | Saving latest checkpoint
2026-02-02 07:00:50 | DEBUG    | Stepping scheduler
2026-02-02 07:00:50 | INFO     | Epoch 43/500 starting
2026-02-02 07:00:50 | DEBUG    | Starting training epoch 43 with 735 batches (batch_log_interval=147)
2026-02-02 07:01:24 | DEBUG    |   Train batch 147/735: loss=0.0349, time=[min=214.2, avg=222.6, max=249.1]ms
2026-02-02 07:01:56 | DEBUG    |   Train batch 294/735: loss=0.0354, time=[min=214.6, avg=220.2, max=240.4]ms
2026-02-02 07:02:29 | DEBUG    |   Train batch 441/735: loss=0.0354, time=[min=214.3, avg=221.5, max=244.6]ms
2026-02-02 07:03:01 | DEBUG    |   Train batch 588/735: loss=0.0355, time=[min=214.7, avg=222.2, max=251.6]ms
2026-02-02 07:03:34 | DEBUG    |   Train batch 735/735: loss=0.0357, time=[min=214.8, avg=219.8, max=243.4]ms
2026-02-02 07:03:34 | DEBUG    | Training epoch 43 complete: avg_loss=0.0354, time=163.60s, avg_batch_time=221.3ms
2026-02-02 07:03:34 | DEBUG    | Starting validation epoch 43 with 184 batches (batch_log_interval=36)
2026-02-02 07:04:02 | DEBUG    |   Valid batch 36/184: loss=0.0379, time=[min=681.0, avg=725.0, max=1036.6]ms
2026-02-02 07:04:28 | DEBUG    |   Valid batch 72/184: loss=0.0376, time=[min=583.5, avg=728.7, max=786.4]ms
2026-02-02 07:04:53 | DEBUG    |   Valid batch 108/184: loss=0.0372, time=[min=670.8, avg=700.2, max=719.6]ms
2026-02-02 07:05:20 | DEBUG    |   Valid batch 144/184: loss=0.0374, time=[min=680.5, avg=734.6, max=775.1]ms
2026-02-02 07:05:45 | DEBUG    |   Valid batch 180/184: loss=0.0382, time=[min=567.9, avg=692.3, max=723.9]ms
2026-02-02 07:05:47 | DEBUG    |   Per-crop SSIM: center=0.6867, corners=0.7571, edges=0.7242
2026-02-02 07:05:47 | DEBUG    | Validation epoch 43 complete: avg_loss=0.0377, time=133.37s, avg_batch_time=713.4ms
2026-02-02 07:05:47 | DEBUG    | Saving epochs CSV
2026-02-02 07:05:47 | INFO     | Epoch 43/500 completed: train_loss=0.0354, valid_loss=0.0377, best=0.0376, time=296.96s (train=163.60s, valid=133.37s), run_avg=296.74s (n=43)
2026-02-02 07:05:47 | DEBUG    | Learning rate: 0.000789
2026-02-02 07:05:47 | INFO     |   Metrics: ssim=0.7347, ms_ssim=0.8395, mae=0.0377, gradient_mae=0.1507, psnr=19.8313, ncc=276168829.2229
2026-02-02 07:05:47 | DEBUG    | Saving latest checkpoint
2026-02-02 07:05:48 | DEBUG    | Stepping scheduler
2026-02-02 07:05:48 | INFO     | Epoch 44/500 starting
2026-02-02 07:05:48 | DEBUG    | Starting training epoch 44 with 735 batches (batch_log_interval=147)
2026-02-02 07:06:21 | DEBUG    |   Train batch 147/735: loss=0.0349, time=[min=214.0, avg=220.8, max=250.2]ms
2026-02-02 07:06:54 | DEBUG    |   Train batch 294/735: loss=0.0352, time=[min=214.5, avg=221.0, max=245.3]ms
2026-02-02 07:07:26 | DEBUG    |   Train batch 441/735: loss=0.0355, time=[min=214.4, avg=219.8, max=255.8]ms
2026-02-02 07:07:58 | DEBUG    |   Train batch 588/735: loss=0.0353, time=[min=210.3, avg=219.1, max=244.7]ms
2026-02-02 07:08:31 | DEBUG    |   Train batch 735/735: loss=0.0353, time=[min=214.2, avg=220.0, max=243.6]ms
2026-02-02 07:08:31 | DEBUG    | Training epoch 44 complete: avg_loss=0.0353, time=162.74s, avg_batch_time=220.1ms
2026-02-02 07:08:31 | DEBUG    | Starting validation epoch 44 with 184 batches (batch_log_interval=36)
2026-02-02 07:08:58 | DEBUG    |   Valid batch 36/184: loss=nan, time=[min=676.7, avg=720.1, max=1042.2]ms
2026-02-02 07:09:24 | DEBUG    |   Valid batch 72/184: loss=nan, time=[min=679.8, avg=730.5, max=773.8]ms
2026-02-02 07:09:50 | DEBUG    |   Valid batch 108/184: loss=nan, time=[min=582.9, avg=702.9, max=840.2]ms
2026-02-02 07:10:16 | DEBUG    |   Valid batch 144/184: loss=nan, time=[min=583.3, avg=729.4, max=916.4]ms
2026-02-02 07:10:41 | DEBUG    |   Valid batch 180/184: loss=nan, time=[min=569.4, avg=690.4, max=810.3]ms
2026-02-02 07:10:43 | DEBUG    |   Per-crop SSIM: center=nan, corners=nan, edges=nan
2026-02-02 07:10:43 | DEBUG    | Validation epoch 44 complete: avg_loss=nan, time=132.61s, avg_batch_time=711.9ms
2026-02-02 07:10:43 | DEBUG    | Saving epochs CSV
2026-02-02 07:10:43 | INFO     | Epoch 44/500 completed: train_loss=0.0353, valid_loss=nan, best=0.0376, time=295.34s (train=162.74s, valid=132.61s), run_avg=296.71s (n=44)
2026-02-02 07:10:43 | DEBUG    | Learning rate: 0.000788
2026-02-02 07:10:43 | INFO     |   Metrics: 
2026-02-02 07:10:43 | DEBUG    | Saving latest checkpoint
2026-02-02 07:10:44 | DEBUG    | Stepping scheduler
2026-02-02 07:10:44 | INFO     | Epoch 45/500 starting
2026-02-02 07:10:44 | DEBUG    | Starting training epoch 45 with 735 batches (batch_log_interval=147)
2026-02-02 07:11:17 | DEBUG    |   Train batch 147/735: loss=0.0360, time=[min=214.4, avg=220.5, max=247.4]ms
2026-02-02 07:11:50 | DEBUG    |   Train batch 294/735: loss=0.0356, time=[min=214.5, avg=220.7, max=242.7]ms
2026-02-02 07:12:22 | DEBUG    |   Train batch 441/735: loss=0.0356, time=[min=214.9, avg=219.2, max=243.1]ms
2026-02-02 07:12:54 | DEBUG    |   Train batch 588/735: loss=0.0353, time=[min=215.0, avg=219.2, max=240.7]ms
2026-02-02 07:13:26 | DEBUG    |   Train batch 735/735: loss=0.0350, time=[min=214.2, avg=220.4, max=240.1]ms
2026-02-02 07:13:26 | DEBUG    | Training epoch 45 complete: avg_loss=0.0355, time=162.52s, avg_batch_time=220.0ms
2026-02-02 07:13:26 | DEBUG    | Starting validation epoch 45 with 184 batches (batch_log_interval=36)
2026-02-02 07:13:54 | DEBUG    |   Valid batch 36/184: loss=0.0378, time=[min=675.7, avg=719.7, max=1064.5]ms
2026-02-02 07:14:21 | DEBUG    |   Valid batch 72/184: loss=0.0374, time=[min=586.7, avg=731.3, max=844.4]ms
2026-02-02 07:14:46 | DEBUG    |   Valid batch 108/184: loss=0.0370, time=[min=682.0, avg=701.7, max=719.3]ms
2026-02-02 07:15:12 | DEBUG    |   Valid batch 144/184: loss=0.0372, time=[min=606.8, avg=729.5, max=861.0]ms
2026-02-02 07:15:37 | DEBUG    |   Valid batch 180/184: loss=0.0381, time=[min=575.3, avg=691.4, max=718.8]ms
2026-02-02 07:15:39 | DEBUG    |   Per-crop SSIM: center=0.6868, corners=0.7571, edges=0.7242
2026-02-02 07:15:39 | DEBUG    | Validation epoch 45 complete: avg_loss=0.0375, time=132.84s, avg_batch_time=712.0ms
2026-02-02 07:15:39 | DEBUG    | Saving epochs CSV
2026-02-02 07:15:39 | INFO     | Epoch 45/500 completed: train_loss=0.0355, valid_loss=0.0375, best=0.0376, time=295.36s (train=162.52s, valid=132.84s), run_avg=296.68s (n=45)
2026-02-02 07:15:39 | DEBUG    | Learning rate: 0.000788
2026-02-02 07:15:39 | INFO     |   Metrics: ssim=0.7347, ms_ssim=0.8387, mae=0.0375, gradient_mae=0.1506, psnr=19.8699, ncc=312095879.3720
2026-02-02 07:15:39 | INFO     | New best validation loss: 0.0375 (prev: 0.0376)
2026-02-02 07:15:39 | DEBUG    | Saving best model checkpoint to experiments/train_nn1_cropped/l1_6edbe0/epochs/44
2026-02-02 07:15:40 | DEBUG    | Saving latest checkpoint
2026-02-02 07:15:41 | DEBUG    | Stepping scheduler
2026-02-02 07:15:41 | INFO     | Epoch 46/500 starting
2026-02-02 07:15:41 | DEBUG    | Starting training epoch 46 with 735 batches (batch_log_interval=147)
2026-02-02 07:16:14 | DEBUG    |   Train batch 147/735: loss=0.0352, time=[min=214.3, avg=220.5, max=246.6]ms
2026-02-02 07:16:46 | DEBUG    |   Train batch 294/735: loss=0.0347, time=[min=214.6, avg=221.6, max=243.5]ms
2026-02-02 07:17:19 | DEBUG    |   Train batch 441/735: loss=0.0352, time=[min=214.7, avg=220.1, max=237.5]ms
2026-02-02 07:17:51 | DEBUG    |   Train batch 588/735: loss=0.0352, time=[min=214.5, avg=218.8, max=239.2]ms
2026-02-02 07:18:23 | DEBUG    |   Train batch 735/735: loss=0.0351, time=[min=213.9, avg=220.1, max=256.1]ms
2026-02-02 07:18:23 | DEBUG    | Training epoch 46 complete: avg_loss=0.0351, time=162.73s, avg_batch_time=220.2ms
2026-02-02 07:18:23 | DEBUG    | Starting validation epoch 46 with 184 batches (batch_log_interval=36)
2026-02-02 07:18:52 | DEBUG    |   Valid batch 36/184: loss=0.0378, time=[min=584.7, avg=753.6, max=1142.9]ms
2026-02-02 07:19:18 | DEBUG    |   Valid batch 72/184: loss=0.0374, time=[min=683.8, avg=716.5, max=774.3]ms
2026-02-02 07:19:44 | DEBUG    |   Valid batch 108/184: loss=0.0371, time=[min=689.4, avg=727.1, max=775.8]ms
2026-02-02 07:20:10 | DEBUG    |   Valid batch 144/184: loss=0.0372, time=[min=582.6, avg=726.6, max=859.3]ms
2026-02-02 07:20:35 | DEBUG    |   Valid batch 180/184: loss=0.0381, time=[min=570.5, avg=700.8, max=817.9]ms
2026-02-02 07:20:38 | DEBUG    |   Per-crop SSIM: center=0.6870, corners=0.7575, edges=0.7245
2026-02-02 07:20:38 | DEBUG    | Validation epoch 46 complete: avg_loss=0.0376, time=134.45s, avg_batch_time=721.9ms
2026-02-02 07:20:38 | DEBUG    | Saving epochs CSV
2026-02-02 07:20:38 | INFO     | Epoch 46/500 completed: train_loss=0.0351, valid_loss=0.0376, best=0.0375, time=297.18s (train=162.73s, valid=134.45s), run_avg=296.69s (n=46)
2026-02-02 07:20:38 | DEBUG    | Learning rate: 0.000787
2026-02-02 07:20:38 | INFO     |   Metrics: ssim=0.7350, ms_ssim=0.8387, mae=0.0376, gradient_mae=0.1508, psnr=19.6653, ncc=247576910.4752
2026-02-02 07:20:38 | DEBUG    | Saving latest checkpoint
2026-02-02 07:20:38 | DEBUG    | Stepping scheduler
2026-02-02 07:20:38 | INFO     | Epoch 47/500 starting
2026-02-02 07:20:38 | DEBUG    | Starting training epoch 47 with 735 batches (batch_log_interval=147)
2026-02-02 07:21:12 | DEBUG    |   Train batch 147/735: loss=0.0371, time=[min=213.9, avg=223.1, max=254.1]ms
2026-02-02 07:21:45 | DEBUG    |   Train batch 294/735: loss=0.0358, time=[min=214.6, avg=221.1, max=245.7]ms
2026-02-02 07:22:17 | DEBUG    |   Train batch 441/735: loss=0.0352, time=[min=209.1, avg=220.4, max=249.5]ms
2026-02-02 07:22:50 | DEBUG    |   Train batch 588/735: loss=0.0355, time=[min=214.6, avg=222.3, max=255.2]ms
2026-02-02 07:23:22 | DEBUG    |   Train batch 735/735: loss=0.0355, time=[min=214.7, avg=221.5, max=245.6]ms
2026-02-02 07:23:22 | DEBUG    | Training epoch 47 complete: avg_loss=0.0358, time=163.89s, avg_batch_time=221.7ms
2026-02-02 07:23:22 | DEBUG    | Starting validation epoch 47 with 184 batches (batch_log_interval=36)
2026-02-02 07:23:51 | DEBUG    |   Valid batch 36/184: loss=0.0387, time=[min=679.1, avg=746.4, max=1082.9]ms
2026-02-02 07:24:17 | DEBUG    |   Valid batch 72/184: loss=0.0383, time=[min=682.5, avg=713.9, max=762.8]ms
2026-02-02 07:24:43 | DEBUG    |   Valid batch 108/184: loss=0.0379, time=[min=678.0, avg=723.4, max=772.3]ms
2026-02-02 07:25:09 | DEBUG    |   Valid batch 144/184: loss=0.0381, time=[min=680.4, avg=726.2, max=773.7]ms
2026-02-02 07:25:34 | DEBUG    |   Valid batch 180/184: loss=0.0390, time=[min=568.2, avg=697.0, max=795.2]ms
2026-02-02 07:25:37 | DEBUG    |   Per-crop SSIM: center=0.6868, corners=0.7573, edges=0.7243
2026-02-02 07:25:37 | DEBUG    | Validation epoch 47 complete: avg_loss=0.0385, time=134.42s, avg_batch_time=718.1ms
2026-02-02 07:25:37 | DEBUG    | Saving epochs CSV
2026-02-02 07:25:37 | INFO     | Epoch 47/500 completed: train_loss=0.0358, valid_loss=0.0385, best=0.0375, time=298.31s (train=163.89s, valid=134.42s), run_avg=296.72s (n=47)
2026-02-02 07:25:37 | DEBUG    | Learning rate: 0.000787
2026-02-02 07:25:37 | INFO     |   Metrics: ssim=0.7348, ms_ssim=0.8392, mae=0.0385, gradient_mae=0.1510, psnr=19.7496, ncc=265109099.6075
2026-02-02 07:25:37 | DEBUG    | Saving latest checkpoint
2026-02-02 07:25:37 | DEBUG    | Stepping scheduler
2026-02-02 07:25:37 | INFO     | Epoch 48/500 starting
2026-02-02 07:25:37 | DEBUG    | Starting training epoch 48 with 735 batches (batch_log_interval=147)
2026-02-02 07:26:11 | DEBUG    |   Train batch 147/735: loss=0.0354, time=[min=214.2, avg=221.5, max=263.8]ms
2026-02-02 07:26:43 | DEBUG    |   Train batch 294/735: loss=0.0346, time=[min=214.5, avg=219.9, max=243.9]ms
2026-02-02 07:27:15 | DEBUG    |   Train batch 441/735: loss=0.0355, time=[min=214.6, avg=219.1, max=238.8]ms
2026-02-02 07:27:48 | DEBUG    |   Train batch 588/735: loss=0.0352, time=[min=214.7, avg=220.8, max=257.4]ms
2026-02-02 07:28:20 | DEBUG    |   Train batch 735/735: loss=0.0348, time=[min=214.6, avg=220.5, max=247.3]ms
2026-02-02 07:28:20 | DEBUG    | Training epoch 48 complete: avg_loss=0.0351, time=162.81s, avg_batch_time=220.4ms
2026-02-02 07:28:20 | DEBUG    | Starting validation epoch 48 with 184 batches (batch_log_interval=36)
2026-02-02 07:28:49 | DEBUG    |   Valid batch 36/184: loss=0.0377, time=[min=684.4, avg=749.5, max=1075.1]ms
2026-02-02 07:29:14 | DEBUG    |   Valid batch 72/184: loss=0.0375, time=[min=586.0, avg=708.0, max=822.6]ms
2026-02-02 07:29:40 | DEBUG    |   Valid batch 108/184: loss=0.0372, time=[min=586.8, avg=719.3, max=794.0]ms
2026-02-02 07:30:06 | DEBUG    |   Valid batch 144/184: loss=0.0373, time=[min=585.5, avg=722.3, max=805.4]ms
2026-02-02 07:30:31 | DEBUG    |   Valid batch 180/184: loss=0.0381, time=[min=569.5, avg=697.4, max=851.8]ms
2026-02-02 07:30:33 | DEBUG    |   Per-crop SSIM: center=0.6866, corners=0.7574, edges=0.7243
2026-02-02 07:30:33 | DEBUG    | Validation epoch 48 complete: avg_loss=0.0376, time=133.31s, avg_batch_time=716.1ms
2026-02-02 07:30:33 | DEBUG    | Saving epochs CSV
2026-02-02 07:30:33 | INFO     | Epoch 48/500 completed: train_loss=0.0351, valid_loss=0.0376, best=0.0375, time=296.12s (train=162.81s, valid=133.31s), run_avg=296.71s (n=48)
2026-02-02 07:30:33 | DEBUG    | Learning rate: 0.000786
2026-02-02 07:30:33 | INFO     |   Metrics: ssim=0.7348, ms_ssim=0.8396, mae=0.0376, gradient_mae=0.1504, psnr=19.8134, ncc=258762062.1270
2026-02-02 07:30:33 | DEBUG    | Saving latest checkpoint
2026-02-02 07:30:34 | DEBUG    | Stepping scheduler
2026-02-02 07:30:34 | INFO     | Epoch 49/500 starting
2026-02-02 07:30:34 | DEBUG    | Starting training epoch 49 with 735 batches (batch_log_interval=147)
2026-02-02 07:31:07 | DEBUG    |   Train batch 147/735: loss=0.0346, time=[min=214.2, avg=221.8, max=256.0]ms
2026-02-02 07:31:40 | DEBUG    |   Train batch 294/735: loss=0.0351, time=[min=214.1, avg=221.4, max=246.3]ms
2026-02-02 07:32:12 | DEBUG    |   Train batch 441/735: loss=0.0349, time=[min=214.4, avg=219.5, max=242.4]ms
2026-02-02 07:32:45 | DEBUG    |   Train batch 588/735: loss=0.0351, time=[min=214.4, avg=222.6, max=247.2]ms
2026-02-02 07:33:17 | DEBUG    |   Train batch 735/735: loss=0.0349, time=[min=215.1, avg=220.4, max=246.9]ms
2026-02-02 07:33:17 | DEBUG    | Training epoch 49 complete: avg_loss=0.0349, time=163.43s, avg_batch_time=221.2ms
2026-02-02 07:33:17 | DEBUG    | Starting validation epoch 49 with 184 batches (batch_log_interval=36)
2026-02-02 07:33:45 | DEBUG    |   Valid batch 36/184: loss=0.0380, time=[min=680.6, avg=724.8, max=1044.7]ms
2026-02-02 07:34:11 | DEBUG    |   Valid batch 72/184: loss=0.0377, time=[min=586.9, avg=732.0, max=811.3]ms
2026-02-02 07:34:37 | DEBUG    |   Valid batch 108/184: loss=0.0372, time=[min=675.8, avg=701.5, max=724.2]ms
2026-02-02 07:35:03 | DEBUG    |   Valid batch 144/184: loss=0.0375, time=[min=679.1, avg=733.5, max=773.1]ms
2026-02-02 07:35:28 | DEBUG    |   Valid batch 180/184: loss=0.0383, time=[min=567.5, avg=687.8, max=728.1]ms
2026-02-02 07:35:30 | DEBUG    |   Per-crop SSIM: center=0.6871, corners=0.7575, edges=0.7246
2026-02-02 07:35:30 | DEBUG    | Validation epoch 49 complete: avg_loss=0.0378, time=132.82s, avg_batch_time=713.1ms
2026-02-02 07:35:30 | DEBUG    | Saving epochs CSV
2026-02-02 07:35:30 | INFO     | Epoch 49/500 completed: train_loss=0.0349, valid_loss=0.0378, best=0.0375, time=296.25s (train=163.43s, valid=132.82s), run_avg=296.70s (n=49)
2026-02-02 07:35:30 | DEBUG    | Learning rate: 0.000785
2026-02-02 07:35:30 | INFO     |   Metrics: ssim=0.7350, ms_ssim=0.8393, mae=0.0378, gradient_mae=0.1506, psnr=19.8311, ncc=234513497.0645
2026-02-02 07:35:30 | DEBUG    | Saving latest checkpoint
2026-02-02 07:35:31 | DEBUG    | Stepping scheduler
2026-02-02 07:35:31 | INFO     | Epoch 50/500 starting
2026-02-02 07:35:31 | DEBUG    | Starting training epoch 50 with 735 batches (batch_log_interval=147)
2026-02-02 07:36:04 | DEBUG    |   Train batch 147/735: loss=0.0344, time=[min=214.4, avg=221.1, max=248.2]ms
2026-02-02 07:36:37 | DEBUG    |   Train batch 294/735: loss=0.0348, time=[min=214.5, avg=221.1, max=245.3]ms
2026-02-02 07:37:09 | DEBUG    |   Train batch 441/735: loss=0.0353, time=[min=214.4, avg=220.2, max=242.1]ms
2026-02-02 07:37:42 | DEBUG    |   Train batch 588/735: loss=0.0348, time=[min=214.6, avg=220.4, max=249.6]ms
2026-02-02 07:38:14 | DEBUG    |   Train batch 735/735: loss=0.0349, time=[min=214.1, avg=220.9, max=245.1]ms
2026-02-02 07:38:14 | DEBUG    | Training epoch 50 complete: avg_loss=0.0348, time=163.09s, avg_batch_time=220.7ms
2026-02-02 07:38:14 | DEBUG    | Starting validation epoch 50 with 184 batches (batch_log_interval=36)
2026-02-02 07:38:42 | DEBUG    |   Valid batch 36/184: loss=0.0376, time=[min=685.5, avg=724.2, max=932.5]ms
2026-02-02 07:39:09 | DEBUG    |   Valid batch 72/184: loss=0.0373, time=[min=689.8, avg=736.7, max=775.1]ms
2026-02-02 07:39:34 | DEBUG    |   Valid batch 108/184: loss=0.0369, time=[min=683.9, avg=702.7, max=718.7]ms
2026-02-02 07:40:01 | DEBUG    |   Valid batch 144/184: loss=0.0370, time=[min=681.1, avg=732.6, max=776.0]ms
2026-02-02 07:40:26 | DEBUG    |   Valid batch 180/184: loss=0.0379, time=[min=583.7, avg=694.0, max=777.7]ms
2026-02-02 07:40:28 | DEBUG    |   Per-crop SSIM: center=0.6876, corners=0.7580, edges=0.7251
2026-02-02 07:40:28 | DEBUG    | Validation epoch 50 complete: avg_loss=0.0374, time=133.87s, avg_batch_time=715.2ms
2026-02-02 07:40:28 | DEBUG    | Saving epochs CSV
2026-02-02 07:40:28 | INFO     | Epoch 50/500 completed: train_loss=0.0348, valid_loss=0.0374, best=0.0375, time=296.96s (train=163.09s, valid=133.87s), run_avg=296.71s (n=50)
2026-02-02 07:40:28 | DEBUG    | Learning rate: 0.000785
2026-02-02 07:40:28 | INFO     |   Metrics: ssim=0.7356, ms_ssim=0.8403, mae=0.0374, gradient_mae=0.1505, psnr=19.8088, ncc=276292136.4033
2026-02-02 07:40:28 | INFO     | New best validation loss: 0.0374 (prev: 0.0375)
2026-02-02 07:40:28 | DEBUG    | Saving best model checkpoint to experiments/train_nn1_cropped/l1_6edbe0/epochs/49
2026-02-02 07:40:29 | DEBUG    | Saving latest checkpoint
2026-02-02 07:40:29 | DEBUG    | Stepping scheduler
2026-02-02 07:40:29 | INFO     | Epoch 51/500 starting
2026-02-02 07:40:29 | DEBUG    | Starting training epoch 51 with 735 batches (batch_log_interval=147)
2026-02-02 07:41:02 | DEBUG    |   Train batch 147/735: loss=0.0350, time=[min=214.4, avg=219.8, max=254.5]ms
2026-02-02 07:41:35 | DEBUG    |   Train batch 294/735: loss=0.0351, time=[min=214.7, avg=221.9, max=261.0]ms
2026-02-02 07:42:08 | DEBUG    |   Train batch 441/735: loss=0.0347, time=[min=214.7, avg=221.2, max=245.2]ms
2026-02-02 07:42:40 | DEBUG    |   Train batch 588/735: loss=0.0362, time=[min=214.8, avg=219.4, max=243.3]ms
2026-02-02 07:43:12 | DEBUG    |   Train batch 735/735: loss=0.0354, time=[min=214.1, avg=220.4, max=244.7]ms
2026-02-02 07:43:12 | DEBUG    | Training epoch 51 complete: avg_loss=0.0353, time=162.96s, avg_batch_time=220.5ms
2026-02-02 07:43:12 | DEBUG    | Starting validation epoch 51 with 184 batches (batch_log_interval=36)
2026-02-02 07:43:41 | DEBUG    |   Valid batch 36/184: loss=0.0377, time=[min=678.9, avg=714.9, max=992.9]ms
2026-02-02 07:44:07 | DEBUG    |   Valid batch 72/184: loss=0.0376, time=[min=587.1, avg=733.5, max=806.6]ms
2026-02-02 07:44:32 | DEBUG    |   Valid batch 108/184: loss=0.0370, time=[min=582.6, avg=701.8, max=855.3]ms
2026-02-02 07:44:59 | DEBUG    |   Valid batch 144/184: loss=0.0372, time=[min=678.9, avg=730.1, max=779.0]ms
2026-02-02 07:45:23 | DEBUG    |   Valid batch 180/184: loss=0.0380, time=[min=582.6, avg=692.9, max=853.0]ms
2026-02-02 07:45:26 | DEBUG    |   Per-crop SSIM: center=0.6859, corners=0.7562, edges=0.7233
2026-02-02 07:45:26 | DEBUG    | Validation epoch 51 complete: avg_loss=0.0375, time=133.56s, avg_batch_time=711.9ms
2026-02-02 07:45:26 | DEBUG    | Saving epochs CSV
2026-02-02 07:45:26 | INFO     | Epoch 51/500 completed: train_loss=0.0353, valid_loss=0.0375, best=0.0374, time=296.51s (train=162.96s, valid=133.56s), run_avg=296.70s (n=51)
2026-02-02 07:45:26 | DEBUG    | Learning rate: 0.000784
2026-02-02 07:45:26 | INFO     |   Metrics: ssim=0.7338, ms_ssim=0.8385, mae=0.0375, gradient_mae=0.1512, psnr=19.7708, ncc=240084021.1028
2026-02-02 07:45:26 | DEBUG    | Saving latest checkpoint
2026-02-02 07:45:27 | DEBUG    | Stepping scheduler
2026-02-02 07:45:27 | INFO     | Epoch 52/500 starting
2026-02-02 07:45:27 | DEBUG    | Starting training epoch 52 with 735 batches (batch_log_interval=147)
2026-02-02 07:46:00 | DEBUG    |   Train batch 147/735: loss=0.0350, time=[min=214.3, avg=221.7, max=267.8]ms
2026-02-02 07:46:32 | DEBUG    |   Train batch 294/735: loss=0.0352, time=[min=214.6, avg=221.5, max=245.9]ms
2026-02-02 07:47:05 | DEBUG    |   Train batch 441/735: loss=0.0350, time=[min=214.9, avg=221.3, max=243.4]ms
2026-02-02 07:47:38 | DEBUG    |   Train batch 588/735: loss=0.0349, time=[min=214.8, avg=221.2, max=249.1]ms
2026-02-02 07:48:10 | DEBUG    |   Train batch 735/735: loss=0.0347, time=[min=210.6, avg=221.1, max=245.0]ms
2026-02-02 07:48:10 | DEBUG    | Training epoch 52 complete: avg_loss=0.0350, time=163.55s, avg_batch_time=221.4ms
2026-02-02 07:48:10 | DEBUG    | Starting validation epoch 52 with 184 batches (batch_log_interval=36)
2026-02-02 07:48:39 | DEBUG    |   Valid batch 36/184: loss=0.0374, time=[min=700.4, avg=751.1, max=1081.8]ms
2026-02-02 07:49:05 | DEBUG    |   Valid batch 72/184: loss=0.0371, time=[min=677.8, avg=733.8, max=774.8]ms
2026-02-02 07:49:31 | DEBUG    |   Valid batch 108/184: loss=0.0367, time=[min=681.6, avg=719.1, max=767.8]ms
2026-02-02 07:49:58 | DEBUG    |   Valid batch 144/184: loss=0.0369, time=[min=686.5, avg=729.9, max=779.6]ms
2026-02-02 07:50:23 | DEBUG    |   Valid batch 180/184: loss=0.0377, time=[min=567.4, avg=695.8, max=760.3]ms
2026-02-02 07:50:25 | DEBUG    |   Per-crop SSIM: center=0.6882, corners=0.7586, edges=0.7257
2026-02-02 07:50:25 | DEBUG    | Validation epoch 52 complete: avg_loss=0.0372, time=134.71s, avg_batch_time=722.6ms
2026-02-02 07:50:25 | DEBUG    | Saving epochs CSV
2026-02-02 07:50:25 | INFO     | Epoch 52/500 completed: train_loss=0.0350, valid_loss=0.0372, best=0.0374, time=298.26s (train=163.55s, valid=134.71s), run_avg=296.73s (n=52)
2026-02-02 07:50:25 | DEBUG    | Learning rate: 0.000783
2026-02-02 07:50:25 | INFO     |   Metrics: ssim=0.7362, ms_ssim=0.8408, mae=0.0372, gradient_mae=0.1498, psnr=19.9051, ncc=284072138.5688
2026-02-02 07:50:25 | INFO     | New best validation loss: 0.0372 (prev: 0.0374)
2026-02-02 07:50:25 | DEBUG    | Saving best model checkpoint to experiments/train_nn1_cropped/l1_6edbe0/epochs/51
2026-02-02 07:50:25 | DEBUG    | Saving latest checkpoint
2026-02-02 07:50:26 | DEBUG    | Stepping scheduler
2026-02-02 07:50:26 | INFO     | Epoch 53/500 starting
2026-02-02 07:50:26 | DEBUG    | Starting training epoch 53 with 735 batches (batch_log_interval=147)
2026-02-02 07:50:59 | DEBUG    |   Train batch 147/735: loss=0.0348, time=[min=214.4, avg=220.0, max=252.0]ms
2026-02-02 07:51:31 | DEBUG    |   Train batch 294/735: loss=0.0348, time=[min=214.4, avg=220.0, max=244.1]ms
2026-02-02 07:52:03 | DEBUG    |   Train batch 441/735: loss=0.0352, time=[min=214.5, avg=218.2, max=250.4]ms
2026-02-02 07:52:36 | DEBUG    |   Train batch 588/735: loss=0.0349, time=[min=214.7, avg=220.8, max=252.7]ms
2026-02-02 07:53:08 | DEBUG    |   Train batch 735/735: loss=0.0345, time=[min=214.4, avg=220.8, max=251.1]ms
2026-02-02 07:53:08 | DEBUG    | Training epoch 53 complete: avg_loss=0.0348, time=162.57s, avg_batch_time=220.0ms
2026-02-02 07:53:08 | DEBUG    | Starting validation epoch 53 with 184 batches (batch_log_interval=36)
2026-02-02 07:53:36 | DEBUG    |   Valid batch 36/184: loss=0.0383, time=[min=678.9, avg=724.7, max=1081.2]ms
2026-02-02 07:54:03 | DEBUG    |   Valid batch 72/184: loss=0.0379, time=[min=588.2, avg=735.0, max=833.1]ms
2026-02-02 07:54:28 | DEBUG    |   Valid batch 108/184: loss=0.0375, time=[min=680.6, avg=699.9, max=717.1]ms
2026-02-02 07:54:54 | DEBUG    |   Valid batch 144/184: loss=0.0377, time=[min=587.0, avg=733.8, max=776.5]ms
2026-02-02 07:55:19 | DEBUG    |   Valid batch 180/184: loss=0.0386, time=[min=564.7, avg=690.6, max=834.0]ms
2026-02-02 07:55:21 | DEBUG    |   Per-crop SSIM: center=0.6852, corners=0.7550, edges=0.7225
2026-02-02 07:55:21 | DEBUG    | Validation epoch 53 complete: avg_loss=0.0380, time=133.08s, avg_batch_time=713.9ms
2026-02-02 07:55:21 | DEBUG    | Saving epochs CSV
2026-02-02 07:55:21 | INFO     | Epoch 53/500 completed: train_loss=0.0348, valid_loss=0.0380, best=0.0372, time=295.65s (train=162.57s, valid=133.08s), run_avg=296.71s (n=53)
2026-02-02 07:55:21 | DEBUG    | Learning rate: 0.000782
2026-02-02 07:55:21 | INFO     |   Metrics: ssim=0.7328, ms_ssim=0.8368, mae=0.0380, gradient_mae=0.1519, psnr=19.7421, ncc=250445275.7544
2026-02-02 07:55:21 | DEBUG    | Saving latest checkpoint
2026-02-02 07:55:22 | DEBUG    | Stepping scheduler
2026-02-02 07:55:22 | INFO     | Epoch 54/500 starting
2026-02-02 07:55:22 | DEBUG    | Starting training epoch 54 with 735 batches (batch_log_interval=147)
2026-02-02 07:55:56 | DEBUG    |   Train batch 147/735: loss=0.0352, time=[min=213.6, avg=224.1, max=254.2]ms
2026-02-02 07:56:29 | DEBUG    |   Train batch 294/735: loss=0.0347, time=[min=214.5, avg=223.9, max=247.7]ms
2026-02-02 07:57:01 | DEBUG    |   Train batch 441/735: loss=0.0349, time=[min=214.4, avg=221.1, max=248.6]ms
2026-02-02 07:57:34 | DEBUG    |   Train batch 588/735: loss=0.0348, time=[min=214.3, avg=220.7, max=245.0]ms
2026-02-02 07:58:07 | DEBUG    |   Train batch 735/735: loss=0.0345, time=[min=214.6, avg=221.6, max=247.3]ms
2026-02-02 07:58:07 | DEBUG    | Training epoch 54 complete: avg_loss=0.0348, time=164.32s, avg_batch_time=222.3ms
2026-02-02 07:58:07 | DEBUG    | Starting validation epoch 54 with 184 batches (batch_log_interval=36)
2026-02-02 07:58:35 | DEBUG    |   Valid batch 36/184: loss=0.0377, time=[min=675.1, avg=740.3, max=1057.1]ms
2026-02-02 07:59:01 | DEBUG    |   Valid batch 72/184: loss=0.0374, time=[min=583.3, avg=720.6, max=856.8]ms
2026-02-02 07:59:27 | DEBUG    |   Valid batch 108/184: loss=0.0370, time=[min=584.5, avg=715.0, max=789.0]ms
2026-02-02 07:59:53 | DEBUG    |   Valid batch 144/184: loss=0.0372, time=[min=668.7, avg=729.1, max=770.5]ms
2026-02-02 08:00:18 | DEBUG    |   Valid batch 180/184: loss=0.0381, time=[min=569.0, avg=690.7, max=719.5]ms
2026-02-02 08:00:20 | DEBUG    |   Per-crop SSIM: center=0.6877, corners=0.7578, edges=0.7250
2026-02-02 08:00:20 | DEBUG    | Validation epoch 54 complete: avg_loss=0.0375, time=133.62s, avg_batch_time=715.9ms
2026-02-02 08:00:20 | DEBUG    | Saving epochs CSV
2026-02-02 08:00:20 | INFO     | Epoch 54/500 completed: train_loss=0.0348, valid_loss=0.0375, best=0.0372, time=297.94s (train=164.32s, valid=133.62s), run_avg=296.73s (n=54)
2026-02-02 08:00:20 | DEBUG    | Learning rate: 0.000782
2026-02-02 08:00:20 | INFO     |   Metrics: ssim=0.7354, ms_ssim=0.8387, mae=0.0375, gradient_mae=0.1512, psnr=19.2077, ncc=263921555.6221
2026-02-02 08:00:20 | DEBUG    | Saving latest checkpoint
2026-02-02 08:00:21 | DEBUG    | Stepping scheduler
2026-02-02 08:00:21 | INFO     | Epoch 55/500 starting
2026-02-02 08:00:21 | DEBUG    | Starting training epoch 55 with 735 batches (batch_log_interval=147)
2026-02-02 08:00:54 | DEBUG    |   Train batch 147/735: loss=0.0346, time=[min=214.6, avg=220.9, max=242.4]ms
2026-02-02 08:01:26 | DEBUG    |   Train batch 294/735: loss=0.0348, time=[min=214.4, avg=220.2, max=242.2]ms
2026-02-02 08:01:59 | DEBUG    |   Train batch 441/735: loss=0.0347, time=[min=214.6, avg=218.7, max=243.1]ms
2026-02-02 08:02:31 | DEBUG    |   Train batch 588/735: loss=0.0353, time=[min=211.7, avg=220.3, max=242.5]ms
2026-02-02 08:03:03 | DEBUG    |   Train batch 735/735: loss=0.0354, time=[min=214.0, avg=220.3, max=241.3]ms
2026-02-02 08:03:03 | DEBUG    | Training epoch 55 complete: avg_loss=0.0350, time=162.66s, avg_batch_time=220.1ms
2026-02-02 08:03:03 | DEBUG    | Starting validation epoch 55 with 184 batches (batch_log_interval=36)
2026-02-02 08:03:31 | DEBUG    |   Valid batch 36/184: loss=0.0381, time=[min=585.0, avg=724.9, max=1059.3]ms
2026-02-02 08:03:57 | DEBUG    |   Valid batch 72/184: loss=0.0378, time=[min=584.2, avg=730.7, max=799.1]ms
2026-02-02 08:04:23 | DEBUG    |   Valid batch 108/184: loss=0.0374, time=[min=677.9, avg=696.5, max=716.2]ms
2026-02-02 08:04:49 | DEBUG    |   Valid batch 144/184: loss=0.0376, time=[min=683.6, avg=735.9, max=791.7]ms
2026-02-02 08:05:14 | DEBUG    |   Valid batch 180/184: loss=0.0385, time=[min=567.0, avg=685.3, max=848.2]ms
2026-02-02 08:05:16 | DEBUG    |   Per-crop SSIM: center=0.6877, corners=0.7580, edges=0.7252
2026-02-02 08:05:16 | DEBUG    | Validation epoch 55 complete: avg_loss=0.0379, time=132.55s, avg_batch_time=711.6ms
2026-02-02 08:05:16 | DEBUG    | Saving epochs CSV
2026-02-02 08:05:16 | INFO     | Epoch 55/500 completed: train_loss=0.0350, valid_loss=0.0379, best=0.0372, time=295.21s (train=162.66s, valid=132.55s), run_avg=296.71s (n=55)
2026-02-02 08:05:16 | DEBUG    | Learning rate: 0.000781
2026-02-02 08:05:16 | INFO     |   Metrics: ssim=0.7356, ms_ssim=0.8403, mae=0.0379, gradient_mae=0.1506, psnr=19.7824, ncc=209880672.0377
2026-02-02 08:05:16 | DEBUG    | Saving latest checkpoint
2026-02-02 08:05:17 | DEBUG    | Stepping scheduler
2026-02-02 08:05:17 | INFO     | Epoch 56/500 starting
2026-02-02 08:05:17 | DEBUG    | Starting training epoch 56 with 735 batches (batch_log_interval=147)
2026-02-02 08:05:50 | DEBUG    |   Train batch 147/735: loss=0.0346, time=[min=214.1, avg=222.2, max=256.9]ms
2026-02-02 08:06:23 | DEBUG    |   Train batch 294/735: loss=0.0348, time=[min=214.5, avg=222.5, max=252.6]ms
2026-02-02 08:06:55 | DEBUG    |   Train batch 441/735: loss=0.0346, time=[min=214.7, avg=220.0, max=244.3]ms
2026-02-02 08:07:28 | DEBUG    |   Train batch 588/735: loss=0.0348, time=[min=214.7, avg=220.0, max=244.7]ms
2026-02-02 08:08:00 | DEBUG    |   Train batch 735/735: loss=0.0350, time=[min=209.4, avg=220.8, max=244.4]ms
2026-02-02 08:08:00 | DEBUG    | Training epoch 56 complete: avg_loss=0.0347, time=163.49s, avg_batch_time=221.1ms
2026-02-02 08:08:00 | DEBUG    | Starting validation epoch 56 with 184 batches (batch_log_interval=36)
2026-02-02 08:08:28 | DEBUG    |   Valid batch 36/184: loss=0.0377, time=[min=585.7, avg=718.1, max=951.8]ms
2026-02-02 08:08:54 | DEBUG    |   Valid batch 72/184: loss=0.0374, time=[min=679.1, avg=727.6, max=776.3]ms
2026-02-02 08:09:19 | DEBUG    |   Valid batch 108/184: loss=0.0370, time=[min=674.7, avg=698.6, max=727.0]ms
2026-02-02 08:09:45 | DEBUG    |   Valid batch 144/184: loss=0.0372, time=[min=677.0, avg=729.2, max=775.3]ms
2026-02-02 08:10:10 | DEBUG    |   Valid batch 180/184: loss=0.0380, time=[min=566.9, avg=682.3, max=709.9]ms
2026-02-02 08:10:12 | DEBUG    |   Per-crop SSIM: center=0.6884, corners=0.7588, edges=0.7260
2026-02-02 08:10:12 | DEBUG    | Validation epoch 56 complete: avg_loss=0.0375, time=132.13s, avg_batch_time=708.4ms
2026-02-02 08:10:12 | DEBUG    | Saving epochs CSV
2026-02-02 08:10:12 | INFO     | Epoch 56/500 completed: train_loss=0.0347, valid_loss=0.0375, best=0.0372, time=295.61s (train=163.49s, valid=132.13s), run_avg=296.69s (n=56)
2026-02-02 08:10:12 | DEBUG    | Learning rate: 0.000780
2026-02-02 08:10:12 | INFO     |   Metrics: ssim=0.7364, ms_ssim=0.8405, mae=0.0375, gradient_mae=0.1502, psnr=19.8498, ncc=276235447.5449
2026-02-02 08:10:12 | DEBUG    | Saving latest checkpoint
2026-02-02 08:10:13 | DEBUG    | Stepping scheduler
2026-02-02 08:10:13 | INFO     | Epoch 57/500 starting
2026-02-02 08:10:13 | DEBUG    | Starting training epoch 57 with 735 batches (batch_log_interval=147)
2026-02-02 08:10:46 | DEBUG    |   Train batch 147/735: loss=0.0347, time=[min=214.1, avg=219.3, max=244.8]ms
2026-02-02 08:11:18 | DEBUG    |   Train batch 294/735: loss=0.0348, time=[min=214.7, avg=219.6, max=239.8]ms
2026-02-02 08:11:51 | DEBUG    |   Train batch 441/735: loss=0.0341, time=[min=214.6, avg=220.1, max=248.7]ms
2026-02-02 08:12:23 | DEBUG    |   Train batch 588/735: loss=0.0347, time=[min=214.8, avg=218.0, max=242.4]ms
2026-02-02 08:12:55 | DEBUG    |   Train batch 735/735: loss=0.0347, time=[min=214.1, avg=219.6, max=244.5]ms
2026-02-02 08:12:55 | DEBUG    | Training epoch 57 complete: avg_loss=0.0346, time=162.06s, avg_batch_time=219.3ms
2026-02-02 08:12:55 | DEBUG    | Starting validation epoch 57 with 184 batches (batch_log_interval=36)
2026-02-02 08:13:23 | DEBUG    |   Valid batch 36/184: loss=0.0374, time=[min=583.8, avg=721.7, max=948.1]ms
2026-02-02 08:13:49 | DEBUG    |   Valid batch 72/184: loss=0.0370, time=[min=584.9, avg=732.7, max=798.4]ms
2026-02-02 08:14:15 | DEBUG    |   Valid batch 108/184: loss=0.0367, time=[min=674.7, avg=703.2, max=719.0]ms
2026-02-02 08:14:41 | DEBUG    |   Valid batch 144/184: loss=0.0369, time=[min=583.0, avg=731.4, max=855.2]ms
2026-02-02 08:15:06 | DEBUG    |   Valid batch 180/184: loss=0.0377, time=[min=568.8, avg=687.7, max=792.7]ms
2026-02-02 08:15:08 | DEBUG    |   Per-crop SSIM: center=0.6883, corners=0.7585, edges=0.7257
2026-02-02 08:15:08 | DEBUG    | Validation epoch 57 complete: avg_loss=0.0372, time=133.00s, avg_batch_time=712.5ms
2026-02-02 08:15:08 | DEBUG    | Saving epochs CSV
2026-02-02 08:15:08 | INFO     | Epoch 57/500 completed: train_loss=0.0346, valid_loss=0.0372, best=0.0372, time=295.06s (train=162.06s, valid=133.00s), run_avg=296.66s (n=57)
2026-02-02 08:15:08 | DEBUG    | Learning rate: 0.000779
2026-02-02 08:15:08 | INFO     |   Metrics: ssim=0.7362, ms_ssim=0.8412, mae=0.0372, gradient_mae=0.1503, psnr=19.8829, ncc=265626030.6659
2026-02-02 08:15:08 | INFO     | New best validation loss: 0.0372 (prev: 0.0372)
2026-02-02 08:15:08 | DEBUG    | Saving best model checkpoint to experiments/train_nn1_cropped/l1_6edbe0/epochs/56
2026-02-02 08:15:09 | DEBUG    | Saving latest checkpoint
2026-02-02 08:15:10 | DEBUG    | Stepping scheduler
2026-02-02 08:15:10 | INFO     | Epoch 58/500 starting
2026-02-02 08:15:10 | DEBUG    | Starting training epoch 58 with 735 batches (batch_log_interval=147)
2026-02-02 08:15:43 | DEBUG    |   Train batch 147/735: loss=0.0343, time=[min=214.3, avg=222.8, max=247.4]ms
2026-02-02 08:16:16 | DEBUG    |   Train batch 294/735: loss=0.0342, time=[min=214.2, avg=222.9, max=255.5]ms
2026-02-02 08:16:49 | DEBUG    |   Train batch 441/735: loss=0.0348, time=[min=214.5, avg=221.7, max=254.2]ms
2026-02-02 08:17:21 | DEBUG    |   Train batch 588/735: loss=0.0345, time=[min=214.5, avg=220.2, max=243.2]ms
2026-02-02 08:17:53 | DEBUG    |   Train batch 735/735: loss=0.0344, time=[min=214.2, avg=220.7, max=258.5]ms
2026-02-02 08:17:53 | DEBUG    | Training epoch 58 complete: avg_loss=0.0344, time=163.91s, avg_batch_time=221.7ms
2026-02-02 08:17:53 | DEBUG    | Starting validation epoch 58 with 184 batches (batch_log_interval=36)
2026-02-02 08:18:21 | DEBUG    |   Valid batch 36/184: loss=0.0380, time=[min=586.6, avg=725.6, max=1080.8]ms
2026-02-02 08:18:48 | DEBUG    |   Valid batch 72/184: loss=0.0377, time=[min=682.5, avg=744.4, max=775.0]ms
2026-02-02 08:19:13 | DEBUG    |   Valid batch 108/184: loss=0.0373, time=[min=679.2, avg=700.7, max=720.6]ms
2026-02-02 08:19:40 | DEBUG    |   Valid batch 144/184: loss=0.0374, time=[min=682.0, avg=733.7, max=800.1]ms
2026-02-02 08:20:05 | DEBUG    |   Valid batch 180/184: loss=0.0383, time=[min=567.7, avg=693.0, max=718.4]ms
2026-02-02 08:20:07 | DEBUG    |   Per-crop SSIM: center=0.6890, corners=0.7590, edges=0.7263
2026-02-02 08:20:07 | DEBUG    | Validation epoch 58 complete: avg_loss=0.0378, time=133.66s, avg_batch_time=716.6ms
2026-02-02 08:20:07 | DEBUG    | Saving epochs CSV
2026-02-02 08:20:07 | INFO     | Epoch 58/500 completed: train_loss=0.0344, valid_loss=0.0378, best=0.0372, time=297.57s (train=163.91s, valid=133.66s), run_avg=296.67s (n=58)
2026-02-02 08:20:07 | DEBUG    | Learning rate: 0.000778
2026-02-02 08:20:07 | INFO     |   Metrics: ssim=0.7367, ms_ssim=0.8421, mae=0.0378, gradient_mae=0.1495, psnr=19.9393, ncc=284462156.4805
2026-02-02 08:20:07 | DEBUG    | Saving latest checkpoint
2026-02-02 08:20:08 | DEBUG    | Stepping scheduler
2026-02-02 08:20:08 | INFO     | Epoch 59/500 starting
2026-02-02 08:20:08 | DEBUG    | Starting training epoch 59 with 735 batches (batch_log_interval=147)
2026-02-02 08:20:41 | DEBUG    |   Train batch 147/735: loss=0.0348, time=[min=214.1, avg=220.1, max=243.9]ms
2026-02-02 08:21:14 | DEBUG    |   Train batch 294/735: loss=0.0346, time=[min=214.4, avg=222.1, max=246.9]ms
2026-02-02 08:21:46 | DEBUG    |   Train batch 441/735: loss=0.0343, time=[min=214.6, avg=220.2, max=269.9]ms
2026-02-02 08:22:19 | DEBUG    |   Train batch 588/735: loss=0.0343, time=[min=214.5, avg=219.7, max=242.1]ms
2026-02-02 08:22:51 | DEBUG    |   Train batch 735/735: loss=0.0345, time=[min=214.1, avg=220.9, max=245.3]ms
2026-02-02 08:22:51 | DEBUG    | Training epoch 59 complete: avg_loss=0.0345, time=163.08s, avg_batch_time=220.6ms
2026-02-02 08:22:51 | DEBUG    | Starting validation epoch 59 with 184 batches (batch_log_interval=36)
2026-02-02 08:23:19 | DEBUG    |   Valid batch 36/184: loss=0.0381, time=[min=584.8, avg=719.8, max=1067.9]ms
2026-02-02 08:23:45 | DEBUG    |   Valid batch 72/184: loss=0.0378, time=[min=685.0, avg=732.6, max=773.7]ms
2026-02-02 08:24:10 | DEBUG    |   Valid batch 108/184: loss=0.0373, time=[min=679.7, avg=704.4, max=769.7]ms
2026-02-02 08:24:37 | DEBUG    |   Valid batch 144/184: loss=0.0375, time=[min=681.6, avg=731.1, max=771.1]ms
2026-02-02 08:25:02 | DEBUG    |   Valid batch 180/184: loss=0.0383, time=[min=567.0, avg=686.7, max=716.7]ms
2026-02-02 08:25:04 | DEBUG    |   Per-crop SSIM: center=0.6889, corners=0.7589, edges=0.7262
2026-02-02 08:25:04 | DEBUG    | Validation epoch 59 complete: avg_loss=0.0378, time=132.80s, avg_batch_time=712.1ms
2026-02-02 08:25:04 | DEBUG    | Saving epochs CSV
2026-02-02 08:25:04 | INFO     | Epoch 59/500 completed: train_loss=0.0345, valid_loss=0.0378, best=0.0372, time=295.88s (train=163.08s, valid=132.80s), run_avg=296.66s (n=59)
2026-02-02 08:25:04 | DEBUG    | Learning rate: 0.000778
2026-02-02 08:25:04 | INFO     |   Metrics: ssim=0.7366, ms_ssim=0.8415, mae=0.0378, gradient_mae=0.1499, psnr=19.7644, ncc=284016382.3690
2026-02-02 08:25:04 | DEBUG    | Saving latest checkpoint
2026-02-02 08:25:05 | DEBUG    | Stepping scheduler
2026-02-02 08:25:05 | INFO     | Epoch 60/500 starting
2026-02-02 08:25:05 | DEBUG    | Starting training epoch 60 with 735 batches (batch_log_interval=147)
2026-02-02 08:25:38 | DEBUG    |   Train batch 147/735: loss=0.0343, time=[min=214.4, avg=221.3, max=251.1]ms
2026-02-02 08:26:11 | DEBUG    |   Train batch 294/735: loss=0.0343, time=[min=214.4, avg=221.5, max=245.1]ms
2026-02-02 08:26:43 | DEBUG    |   Train batch 441/735: loss=0.0345, time=[min=214.5, avg=220.4, max=243.0]ms
2026-02-02 08:27:15 | DEBUG    |   Train batch 588/735: loss=0.0345, time=[min=214.5, avg=220.3, max=250.1]ms
2026-02-02 08:27:48 | DEBUG    |   Train batch 735/735: loss=0.0347, time=[min=214.2, avg=220.0, max=243.0]ms
2026-02-02 08:27:48 | DEBUG    | Training epoch 60 complete: avg_loss=0.0345, time=163.18s, avg_batch_time=220.7ms
2026-02-02 08:27:48 | DEBUG    | Starting validation epoch 60 with 184 batches (batch_log_interval=36)
2026-02-02 08:28:17 | DEBUG    |   Valid batch 36/184: loss=0.0375, time=[min=585.4, avg=743.1, max=1057.1]ms
2026-02-02 08:28:43 | DEBUG    |   Valid batch 72/184: loss=0.0371, time=[min=684.6, avg=721.2, max=776.2]ms
2026-02-02 08:29:10 | DEBUG    |   Valid batch 108/184: loss=0.0368, time=[min=690.2, avg=741.6, max=776.9]ms
2026-02-02 08:29:36 | DEBUG    |   Valid batch 144/184: loss=0.0370, time=[min=675.9, avg=724.8, max=774.3]ms
2026-02-02 08:30:01 | DEBUG    |   Valid batch 180/184: loss=0.0377, time=[min=564.3, avg=700.6, max=776.6]ms
2026-02-02 08:30:03 | DEBUG    |   Per-crop SSIM: center=0.6900, corners=0.7601, edges=0.7274
2026-02-02 08:30:03 | DEBUG    | Validation epoch 60 complete: avg_loss=0.0372, time=135.61s, avg_batch_time=722.9ms
2026-02-02 08:30:03 | DEBUG    | Saving epochs CSV
2026-02-02 08:30:03 | INFO     | Epoch 60/500 completed: train_loss=0.0345, valid_loss=0.0372, best=0.0372, time=298.79s (train=163.18s, valid=135.61s), run_avg=296.70s (n=60)
2026-02-02 08:30:03 | DEBUG    | Learning rate: 0.000777
2026-02-02 08:30:03 | INFO     |   Metrics: ssim=0.7377, ms_ssim=0.8427, mae=0.0372, gradient_mae=0.1488, psnr=19.9646, ncc=292200107.3282
2026-02-02 08:30:03 | DEBUG    | Saving latest checkpoint
2026-02-02 08:30:04 | DEBUG    | Stepping scheduler
2026-02-02 08:30:04 | INFO     | Epoch 61/500 starting
2026-02-02 08:30:04 | DEBUG    | Starting training epoch 61 with 735 batches (batch_log_interval=147)
2026-02-02 08:30:38 | DEBUG    |   Train batch 147/735: loss=0.0343, time=[min=214.0, avg=223.4, max=246.3]ms
2026-02-02 08:31:10 | DEBUG    |   Train batch 294/735: loss=0.0347, time=[min=214.3, avg=220.6, max=244.6]ms
2026-02-02 08:31:42 | DEBUG    |   Train batch 441/735: loss=0.0341, time=[min=214.9, avg=219.7, max=243.6]ms
2026-02-02 08:32:15 | DEBUG    |   Train batch 588/735: loss=0.0341, time=[min=214.8, avg=221.5, max=245.7]ms
2026-02-02 08:32:47 | DEBUG    |   Train batch 735/735: loss=0.0347, time=[min=214.6, avg=219.3, max=242.5]ms
2026-02-02 08:32:47 | DEBUG    | Training epoch 61 complete: avg_loss=0.0344, time=163.27s, avg_batch_time=220.9ms
2026-02-02 08:32:47 | DEBUG    | Starting validation epoch 61 with 184 batches (batch_log_interval=36)
2026-02-02 08:33:15 | DEBUG    |   Valid batch 36/184: loss=0.0375, time=[min=689.2, avg=724.6, max=1042.9]ms
2026-02-02 08:33:42 | DEBUG    |   Valid batch 72/184: loss=0.0372, time=[min=605.4, avg=731.0, max=909.0]ms
2026-02-02 08:34:07 | DEBUG    |   Valid batch 108/184: loss=0.0368, time=[min=678.9, avg=700.1, max=719.8]ms
2026-02-02 08:34:33 | DEBUG    |   Valid batch 144/184: loss=0.0371, time=[min=686.3, avg=734.9, max=772.5]ms
2026-02-02 08:34:58 | DEBUG    |   Valid batch 180/184: loss=0.0378, time=[min=568.7, avg=687.2, max=718.5]ms
2026-02-02 08:35:00 | DEBUG    |   Per-crop SSIM: center=0.6890, corners=0.7593, edges=0.7265
2026-02-02 08:35:00 | DEBUG    | Validation epoch 61 complete: avg_loss=0.0373, time=133.15s, avg_batch_time=712.8ms
2026-02-02 08:35:00 | DEBUG    | Saving epochs CSV
2026-02-02 08:35:00 | INFO     | Epoch 61/500 completed: train_loss=0.0344, valid_loss=0.0373, best=0.0372, time=296.42s (train=163.27s, valid=133.15s), run_avg=296.69s (n=61)
2026-02-02 08:35:00 | DEBUG    | Learning rate: 0.000776
2026-02-02 08:35:00 | INFO     |   Metrics: ssim=0.7369, ms_ssim=0.8422, mae=0.0373, gradient_mae=0.1497, psnr=19.8366, ncc=286885453.7345
2026-02-02 08:35:00 | DEBUG    | Saving latest checkpoint
2026-02-02 08:35:01 | DEBUG    | Stepping scheduler
2026-02-02 08:35:01 | INFO     | Epoch 62/500 starting
2026-02-02 08:35:01 | DEBUG    | Starting training epoch 62 with 735 batches (batch_log_interval=147)
2026-02-02 08:35:35 | DEBUG    |   Train batch 147/735: loss=0.0347, time=[min=214.5, avg=221.6, max=248.7]ms
2026-02-02 08:36:07 | DEBUG    |   Train batch 294/735: loss=0.0340, time=[min=214.6, avg=221.9, max=266.0]ms
2026-02-02 08:36:40 | DEBUG    |   Train batch 441/735: loss=0.0355, time=[min=210.0, avg=220.1, max=241.7]ms
2026-02-02 08:37:12 | DEBUG    |   Train batch 588/735: loss=0.0349, time=[min=214.0, avg=220.6, max=250.0]ms
2026-02-02 08:37:45 | DEBUG    |   Train batch 735/735: loss=0.0348, time=[min=214.2, avg=220.8, max=246.8]ms
2026-02-02 08:37:45 | DEBUG    | Training epoch 62 complete: avg_loss=0.0347, time=163.31s, avg_batch_time=221.0ms
2026-02-02 08:37:45 | DEBUG    | Starting validation epoch 62 with 184 batches (batch_log_interval=36)
2026-02-02 08:38:13 | DEBUG    |   Valid batch 36/184: loss=0.0378, time=[min=684.6, avg=716.9, max=1044.8]ms
2026-02-02 08:38:40 | DEBUG    |   Valid batch 72/184: loss=0.0374, time=[min=678.8, avg=737.0, max=780.9]ms
2026-02-02 08:39:05 | DEBUG    |   Valid batch 108/184: loss=0.0370, time=[min=586.6, avg=702.4, max=801.7]ms
2026-02-02 08:39:31 | DEBUG    |   Valid batch 144/184: loss=0.0372, time=[min=680.5, avg=735.8, max=774.6]ms
2026-02-02 08:39:56 | DEBUG    |   Valid batch 180/184: loss=0.0381, time=[min=583.6, avg=696.6, max=821.8]ms
2026-02-02 08:39:59 | DEBUG    |   Per-crop SSIM: center=0.6885, corners=0.7585, edges=0.7258
2026-02-02 08:39:59 | DEBUG    | Validation epoch 62 complete: avg_loss=0.0375, time=134.21s, avg_batch_time=714.9ms
2026-02-02 08:39:59 | DEBUG    | Saving epochs CSV
2026-02-02 08:39:59 | INFO     | Epoch 62/500 completed: train_loss=0.0347, valid_loss=0.0375, best=0.0372, time=297.53s (train=163.31s, valid=134.21s), run_avg=296.71s (n=62)
2026-02-02 08:39:59 | DEBUG    | Learning rate: 0.000775
2026-02-02 08:39:59 | INFO     |   Metrics: ssim=0.7362, ms_ssim=0.8412, mae=0.0375, gradient_mae=0.1500, psnr=19.8588, ncc=272005333.0423
2026-02-02 08:39:59 | DEBUG    | Saving latest checkpoint
2026-02-02 08:40:00 | DEBUG    | Stepping scheduler
2026-02-02 08:40:00 | INFO     | Epoch 63/500 starting
2026-02-02 08:40:00 | DEBUG    | Starting training epoch 63 with 735 batches (batch_log_interval=147)
2026-02-02 08:40:33 | DEBUG    |   Train batch 147/735: loss=0.0349, time=[min=214.3, avg=219.1, max=244.0]ms
2026-02-02 08:41:05 | DEBUG    |   Train batch 294/735: loss=0.0345, time=[min=214.6, avg=221.2, max=259.5]ms
2026-02-02 08:41:37 | DEBUG    |   Train batch 441/735: loss=0.0344, time=[min=214.4, avg=218.9, max=240.3]ms
2026-02-02 08:42:10 | DEBUG    |   Train batch 588/735: loss=0.0343, time=[min=214.8, avg=219.5, max=244.7]ms
2026-02-02 08:42:42 | DEBUG    |   Train batch 735/735: loss=0.0348, time=[min=214.1, avg=220.5, max=244.8]ms
2026-02-02 08:42:42 | DEBUG    | Training epoch 63 complete: avg_loss=0.0346, time=162.46s, avg_batch_time=219.8ms
2026-02-02 08:42:42 | DEBUG    | Starting validation epoch 63 with 184 batches (batch_log_interval=36)
2026-02-02 08:43:10 | DEBUG    |   Valid batch 36/184: loss=0.0383, time=[min=682.5, avg=717.3, max=965.0]ms
2026-02-02 08:43:36 | DEBUG    |   Valid batch 72/184: loss=0.0380, time=[min=583.0, avg=733.0, max=906.7]ms
2026-02-02 08:44:02 | DEBUG    |   Valid batch 108/184: loss=0.0376, time=[min=583.9, avg=697.5, max=845.3]ms
2026-02-02 08:44:28 | DEBUG    |   Valid batch 144/184: loss=0.0378, time=[min=588.5, avg=736.7, max=844.6]ms
2026-02-02 08:44:53 | DEBUG    |   Valid batch 180/184: loss=0.0386, time=[min=565.1, avg=692.1, max=860.4]ms
2026-02-02 08:44:55 | DEBUG    |   Per-crop SSIM: center=0.6891, corners=0.7591, edges=0.7264
2026-02-02 08:44:55 | DEBUG    | Validation epoch 63 complete: avg_loss=0.0381, time=133.34s, avg_batch_time=712.5ms
2026-02-02 08:44:55 | DEBUG    | Saving epochs CSV
2026-02-02 08:44:55 | INFO     | Epoch 63/500 completed: train_loss=0.0346, valid_loss=0.0381, best=0.0372, time=295.81s (train=162.46s, valid=133.34s), run_avg=296.69s (n=63)
2026-02-02 08:44:55 | DEBUG    | Learning rate: 0.000774
2026-02-02 08:44:55 | INFO     |   Metrics: ssim=0.7368, ms_ssim=0.8418, mae=0.0381, gradient_mae=0.1498, psnr=19.8215, ncc=286810982.9688
2026-02-02 08:44:55 | DEBUG    | Saving latest checkpoint
2026-02-02 08:44:56 | DEBUG    | Stepping scheduler
2026-02-02 08:44:56 | INFO     | Epoch 64/500 starting
2026-02-02 08:44:56 | DEBUG    | Starting training epoch 64 with 735 batches (batch_log_interval=147)
2026-02-02 08:45:30 | DEBUG    |   Train batch 147/735: loss=0.0343, time=[min=214.3, avg=222.9, max=259.8]ms
2026-02-02 08:46:02 | DEBUG    |   Train batch 294/735: loss=0.0344, time=[min=215.0, avg=222.4, max=246.4]ms
2026-02-02 08:46:35 | DEBUG    |   Train batch 441/735: loss=0.0345, time=[min=214.9, avg=220.2, max=249.8]ms
2026-02-02 08:47:07 | DEBUG    |   Train batch 588/735: loss=0.0341, time=[min=214.7, avg=219.8, max=244.0]ms
2026-02-02 08:47:40 | DEBUG    |   Train batch 735/735: loss=0.0345, time=[min=214.2, avg=220.3, max=246.6]ms
2026-02-02 08:47:40 | DEBUG    | Training epoch 64 complete: avg_loss=0.0344, time=163.49s, avg_batch_time=221.1ms
2026-02-02 08:47:40 | DEBUG    | Starting validation epoch 64 with 184 batches (batch_log_interval=36)
2026-02-02 08:48:08 | DEBUG    |   Valid batch 36/184: loss=0.0374, time=[min=584.1, avg=745.2, max=1080.6]ms
2026-02-02 08:48:34 | DEBUG    |   Valid batch 72/184: loss=0.0371, time=[min=681.1, avg=717.6, max=774.3]ms
2026-02-02 08:49:00 | DEBUG    |   Valid batch 108/184: loss=0.0367, time=[min=680.2, avg=719.0, max=776.3]ms
2026-02-02 08:49:26 | DEBUG    |   Valid batch 144/184: loss=0.0369, time=[min=676.7, avg=729.2, max=771.4]ms
2026-02-02 08:49:51 | DEBUG    |   Valid batch 180/184: loss=0.0377, time=[min=568.0, avg=689.7, max=753.3]ms
2026-02-02 08:49:53 | DEBUG    |   Per-crop SSIM: center=0.6890, corners=0.7592, edges=0.7264
2026-02-02 08:49:53 | DEBUG    | Validation epoch 64 complete: avg_loss=0.0372, time=133.40s, avg_batch_time=716.9ms
2026-02-02 08:49:53 | DEBUG    | Saving epochs CSV
2026-02-02 08:49:53 | INFO     | Epoch 64/500 completed: train_loss=0.0344, valid_loss=0.0372, best=0.0372, time=296.88s (train=163.49s, valid=133.40s), run_avg=296.69s (n=64)
2026-02-02 08:49:53 | DEBUG    | Learning rate: 0.000773
2026-02-02 08:49:53 | INFO     |   Metrics: ssim=0.7368, ms_ssim=0.8397, mae=0.0372, gradient_mae=0.1497, psnr=19.6603, ncc=299757996.1661
2026-02-02 08:49:53 | DEBUG    | Saving latest checkpoint
2026-02-02 08:49:54 | DEBUG    | Stepping scheduler
2026-02-02 08:49:54 | INFO     | Epoch 65/500 starting
2026-02-02 08:49:54 | DEBUG    | Starting training epoch 65 with 735 batches (batch_log_interval=147)
2026-02-02 08:50:27 | DEBUG    |   Train batch 147/735: loss=0.0342, time=[min=214.5, avg=220.1, max=246.2]ms
2026-02-02 08:50:59 | DEBUG    |   Train batch 294/735: loss=0.0354, time=[min=209.5, avg=220.4, max=239.3]ms
2026-02-02 08:51:31 | DEBUG    |   Train batch 441/735: loss=0.0351, time=[min=214.8, avg=218.3, max=236.0]ms
2026-02-02 08:52:04 | DEBUG    |   Train batch 588/735: loss=0.0347, time=[min=215.0, avg=221.5, max=245.7]ms
2026-02-02 08:52:36 | DEBUG    |   Train batch 735/735: loss=0.0341, time=[min=215.1, avg=218.7, max=246.1]ms
2026-02-02 08:52:36 | DEBUG    | Training epoch 65 complete: avg_loss=0.0347, time=162.34s, avg_batch_time=219.8ms
2026-02-02 08:52:36 | DEBUG    | Starting validation epoch 65 with 184 batches (batch_log_interval=36)
2026-02-02 08:53:05 | DEBUG    |   Valid batch 36/184: loss=0.0371, time=[min=608.2, avg=742.4, max=1041.6]ms
2026-02-02 08:53:30 | DEBUG    |   Valid batch 72/184: loss=0.0369, time=[min=587.3, avg=710.6, max=787.0]ms
2026-02-02 08:53:56 | DEBUG    |   Valid batch 108/184: loss=0.0364, time=[min=582.8, avg=720.8, max=851.6]ms
2026-02-02 08:54:22 | DEBUG    |   Valid batch 144/184: loss=0.0367, time=[min=581.1, avg=721.8, max=856.2]ms
2026-02-02 08:54:48 | DEBUG    |   Valid batch 180/184: loss=0.0375, time=[min=567.8, avg=714.8, max=845.3]ms
2026-02-02 08:54:51 | DEBUG    |   Per-crop SSIM: center=0.6899, corners=0.7600, edges=0.7273
2026-02-02 08:54:51 | DEBUG    | Validation epoch 65 complete: avg_loss=0.0369, time=134.59s, avg_batch_time=718.8ms
2026-02-02 08:54:51 | DEBUG    | Saving epochs CSV
2026-02-02 08:54:51 | INFO     | Epoch 65/500 completed: train_loss=0.0347, valid_loss=0.0369, best=0.0372, time=296.93s (train=162.34s, valid=134.59s), run_avg=296.70s (n=65)
2026-02-02 08:54:51 | DEBUG    | Learning rate: 0.000772
2026-02-02 08:54:51 | INFO     |   Metrics: ssim=0.7377, ms_ssim=0.8432, mae=0.0369, gradient_mae=0.1491, psnr=19.9192, ncc=270040709.4601
2026-02-02 08:54:51 | INFO     | New best validation loss: 0.0369 (prev: 0.0372)
2026-02-02 08:54:51 | DEBUG    | Saving best model checkpoint to experiments/train_nn1_cropped/l1_6edbe0/epochs/64
2026-02-02 08:54:51 | DEBUG    | Saving latest checkpoint
2026-02-02 08:54:52 | DEBUG    | Stepping scheduler
2026-02-02 08:54:52 | INFO     | Epoch 66/500 starting
2026-02-02 08:54:52 | DEBUG    | Starting training epoch 66 with 735 batches (batch_log_interval=147)
2026-02-02 08:55:25 | DEBUG    |   Train batch 147/735: loss=0.0343, time=[min=214.3, avg=221.5, max=246.7]ms
2026-02-02 08:55:57 | DEBUG    |   Train batch 294/735: loss=0.0341, time=[min=214.5, avg=221.4, max=251.2]ms
2026-02-02 08:56:30 | DEBUG    |   Train batch 441/735: loss=0.0344, time=[min=214.6, avg=220.0, max=242.6]ms
2026-02-02 08:57:02 | DEBUG    |   Train batch 588/735: loss=0.0345, time=[min=215.0, avg=220.7, max=245.1]ms
2026-02-02 08:57:35 | DEBUG    |   Train batch 735/735: loss=0.0337, time=[min=214.4, avg=220.4, max=244.7]ms
2026-02-02 08:57:35 | DEBUG    | Training epoch 66 complete: avg_loss=0.0342, time=163.17s, avg_batch_time=220.8ms
2026-02-02 08:57:35 | DEBUG    | Starting validation epoch 66 with 184 batches (batch_log_interval=36)
2026-02-02 08:58:02 | DEBUG    |   Valid batch 36/184: loss=0.0371, time=[min=680.1, avg=721.7, max=996.4]ms
2026-02-02 08:58:29 | DEBUG    |   Valid batch 72/184: loss=0.0367, time=[min=679.2, avg=730.9, max=766.4]ms
2026-02-02 08:58:54 | DEBUG    |   Valid batch 108/184: loss=0.0364, time=[min=584.2, avg=695.8, max=776.4]ms
2026-02-02 08:59:20 | DEBUG    |   Valid batch 144/184: loss=0.0366, time=[min=678.4, avg=729.7, max=769.2]ms
2026-02-02 08:59:45 | DEBUG    |   Valid batch 180/184: loss=0.0374, time=[min=565.8, avg=685.6, max=716.2]ms
2026-02-02 08:59:47 | DEBUG    |   Per-crop SSIM: center=0.6899, corners=0.7601, edges=0.7274
2026-02-02 08:59:47 | DEBUG    | Validation epoch 66 complete: avg_loss=0.0369, time=132.20s, avg_batch_time=710.0ms
2026-02-02 08:59:47 | DEBUG    | Saving epochs CSV
2026-02-02 08:59:47 | INFO     | Epoch 66/500 completed: train_loss=0.0342, valid_loss=0.0369, best=0.0369, time=295.37s (train=163.17s, valid=132.20s), run_avg=296.68s (n=66)
2026-02-02 08:59:47 | DEBUG    | Learning rate: 0.000771
2026-02-02 08:59:47 | INFO     |   Metrics: ssim=0.7378, ms_ssim=0.8425, mae=0.0369, gradient_mae=0.1488, psnr=19.8820, ncc=304795495.0679
2026-02-02 08:59:47 | INFO     | New best validation loss: 0.0369 (prev: 0.0369)
2026-02-02 08:59:47 | DEBUG    | Saving best model checkpoint to experiments/train_nn1_cropped/l1_6edbe0/epochs/65
2026-02-02 08:59:47 | DEBUG    | Saving latest checkpoint
2026-02-02 08:59:48 | DEBUG    | Stepping scheduler
2026-02-02 08:59:48 | INFO     | Epoch 67/500 starting
2026-02-02 08:59:48 | DEBUG    | Starting training epoch 67 with 735 batches (batch_log_interval=147)
2026-02-02 09:00:21 | DEBUG    |   Train batch 147/735: loss=0.0340, time=[min=214.3, avg=220.4, max=246.3]ms
2026-02-02 09:00:54 | DEBUG    |   Train batch 294/735: loss=0.0345, time=[min=214.9, avg=220.2, max=261.7]ms
2026-02-02 09:01:26 | DEBUG    |   Train batch 441/735: loss=0.0341, time=[min=214.6, avg=219.0, max=240.6]ms
2026-02-02 09:01:58 | DEBUG    |   Train batch 588/735: loss=0.0345, time=[min=214.7, avg=218.9, max=247.3]ms
2026-02-02 09:02:31 | DEBUG    |   Train batch 735/735: loss=0.0343, time=[min=214.1, avg=220.3, max=243.4]ms
2026-02-02 09:02:31 | DEBUG    | Training epoch 67 complete: avg_loss=0.0343, time=162.44s, avg_batch_time=219.8ms
2026-02-02 09:02:31 | DEBUG    | Starting validation epoch 67 with 184 batches (batch_log_interval=36)
2026-02-02 09:03:00 | DEBUG    |   Valid batch 36/184: loss=0.0388, time=[min=695.2, avg=757.6, max=1073.6]ms
2026-02-02 09:03:26 | DEBUG    |   Valid batch 72/184: loss=0.0385, time=[min=598.6, avg=714.8, max=890.5]ms
2026-02-02 09:03:52 | DEBUG    |   Valid batch 108/184: loss=0.0381, time=[min=583.8, avg=722.8, max=847.0]ms
2026-02-02 09:04:18 | DEBUG    |   Valid batch 144/184: loss=nan, time=[min=589.5, avg=719.7, max=897.4]ms
2026-02-02 09:04:43 | DEBUG    |   Valid batch 180/184: loss=0.0392, time=[min=565.2, avg=702.9, max=817.6]ms
2026-02-02 09:04:45 | DEBUG    |   Per-crop SSIM: center=nan, corners=nan, edges=nan
2026-02-02 09:04:45 | DEBUG    | Validation epoch 67 complete: avg_loss=nan, time=134.53s, avg_batch_time=720.2ms
2026-02-02 09:04:45 | DEBUG    | Saving epochs CSV
2026-02-02 09:04:45 | INFO     | Epoch 67/500 completed: train_loss=0.0343, valid_loss=nan, best=0.0369, time=296.97s (train=162.44s, valid=134.53s), run_avg=296.68s (n=67)
2026-02-02 09:04:45 | DEBUG    | Learning rate: 0.000770
2026-02-02 09:04:45 | INFO     |   Metrics: 
2026-02-02 09:04:45 | DEBUG    | Saving latest checkpoint
2026-02-02 09:04:46 | DEBUG    | Stepping scheduler
2026-02-02 09:04:46 | INFO     | Epoch 68/500 starting
2026-02-02 09:04:46 | DEBUG    | Starting training epoch 68 with 735 batches (batch_log_interval=147)
2026-02-02 09:05:19 | DEBUG    |   Train batch 147/735: loss=0.0342, time=[min=214.0, avg=224.2, max=258.5]ms
2026-02-02 09:05:52 | DEBUG    |   Train batch 294/735: loss=0.0340, time=[min=214.0, avg=221.9, max=246.5]ms
2026-02-02 09:06:25 | DEBUG    |   Train batch 441/735: loss=0.0342, time=[min=214.5, avg=223.1, max=247.7]ms
2026-02-02 09:06:57 | DEBUG    |   Train batch 588/735: loss=0.0342, time=[min=214.6, avg=220.6, max=243.7]ms
2026-02-02 09:07:30 | DEBUG    |   Train batch 735/735: loss=0.0336, time=[min=214.4, avg=221.1, max=257.9]ms
2026-02-02 09:07:30 | DEBUG    | Training epoch 68 complete: avg_loss=0.0340, time=164.17s, avg_batch_time=222.2ms
2026-02-02 09:07:30 | DEBUG    | Starting validation epoch 68 with 184 batches (batch_log_interval=36)
2026-02-02 09:07:59 | DEBUG    |   Valid batch 36/184: loss=0.0370, time=[min=585.2, avg=734.4, max=1031.8]ms
2026-02-02 09:08:24 | DEBUG    |   Valid batch 72/184: loss=0.0367, time=[min=584.1, avg=715.2, max=847.2]ms
2026-02-02 09:08:50 | DEBUG    |   Valid batch 108/184: loss=0.0365, time=[min=584.4, avg=709.4, max=816.2]ms
2026-02-02 09:09:16 | DEBUG    |   Valid batch 144/184: loss=0.0365, time=[min=670.8, avg=726.5, max=768.2]ms
2026-02-02 09:09:41 | DEBUG    |   Valid batch 180/184: loss=0.0373, time=[min=567.0, avg=689.4, max=797.2]ms
2026-02-02 09:09:43 | DEBUG    |   Per-crop SSIM: center=0.6893, corners=0.7593, edges=0.7266
2026-02-02 09:09:43 | DEBUG    | Validation epoch 68 complete: avg_loss=0.0368, time=133.22s, avg_batch_time=711.8ms
2026-02-02 09:09:43 | DEBUG    | Saving epochs CSV
2026-02-02 09:09:43 | INFO     | Epoch 68/500 completed: train_loss=0.0340, valid_loss=0.0368, best=0.0369, time=297.39s (train=164.17s, valid=133.22s), run_avg=296.69s (n=68)
2026-02-02 09:09:43 | DEBUG    | Learning rate: 0.000769
2026-02-02 09:09:43 | INFO     |   Metrics: ssim=0.7370, ms_ssim=0.8416, mae=0.0368, gradient_mae=0.1494, psnr=19.8597, ncc=348117927.5499
2026-02-02 09:09:43 | INFO     | New best validation loss: 0.0368 (prev: 0.0369)
2026-02-02 09:09:43 | DEBUG    | Saving best model checkpoint to experiments/train_nn1_cropped/l1_6edbe0/epochs/67
2026-02-02 09:09:44 | DEBUG    | Saving latest checkpoint
2026-02-02 09:09:44 | DEBUG    | Stepping scheduler
2026-02-02 09:09:44 | INFO     | Epoch 69/500 starting
2026-02-02 09:09:44 | DEBUG    | Starting training epoch 69 with 735 batches (batch_log_interval=147)
2026-02-02 09:10:17 | DEBUG    |   Train batch 147/735: loss=0.0337, time=[min=214.7, avg=221.2, max=246.5]ms
2026-02-02 09:10:50 | DEBUG    |   Train batch 294/735: loss=0.0340, time=[min=214.7, avg=219.5, max=239.1]ms
2026-02-02 09:11:22 | DEBUG    |   Train batch 441/735: loss=0.0341, time=[min=214.3, avg=219.1, max=245.4]ms
2026-02-02 09:11:54 | DEBUG    |   Train batch 588/735: loss=0.0335, time=[min=215.1, avg=221.0, max=239.6]ms
2026-02-02 09:12:27 | DEBUG    |   Train batch 735/735: loss=0.0345, time=[min=215.0, avg=219.4, max=240.1]ms
2026-02-02 09:12:27 | DEBUG    | Training epoch 69 complete: avg_loss=0.0340, time=162.57s, avg_batch_time=220.0ms
2026-02-02 09:12:27 | DEBUG    | Starting validation epoch 69 with 184 batches (batch_log_interval=36)
2026-02-02 09:12:55 | DEBUG    |   Valid batch 36/184: loss=0.0375, time=[min=679.9, avg=729.9, max=1191.4]ms
2026-02-02 09:13:21 | DEBUG    |   Valid batch 72/184: loss=0.0371, time=[min=682.7, avg=748.4, max=794.1]ms
2026-02-02 09:13:47 | DEBUG    |   Valid batch 108/184: loss=0.0368, time=[min=678.0, avg=704.2, max=720.5]ms
2026-02-02 09:14:13 | DEBUG    |   Valid batch 144/184: loss=0.0370, time=[min=693.5, avg=736.4, max=775.6]ms
2026-02-02 09:14:38 | DEBUG    |   Valid batch 180/184: loss=0.0377, time=[min=574.8, avg=695.0, max=746.3]ms
2026-02-02 09:14:41 | DEBUG    |   Per-crop SSIM: center=0.6903, corners=0.7605, edges=0.7278
2026-02-02 09:14:41 | DEBUG    | Validation epoch 69 complete: avg_loss=0.0372, time=134.00s, avg_batch_time=719.8ms
2026-02-02 09:14:41 | DEBUG    | Saving epochs CSV
2026-02-02 09:14:41 | INFO     | Epoch 69/500 completed: train_loss=0.0340, valid_loss=0.0372, best=0.0368, time=296.56s (train=162.57s, valid=134.00s), run_avg=296.69s (n=69)
2026-02-02 09:14:41 | DEBUG    | Learning rate: 0.000768
2026-02-02 09:14:41 | INFO     |   Metrics: ssim=0.7381, ms_ssim=0.8434, mae=0.0372, gradient_mae=0.1489, psnr=19.9641, ncc=333257531.9061
2026-02-02 09:14:41 | DEBUG    | Saving latest checkpoint
2026-02-02 09:14:42 | DEBUG    | Stepping scheduler
2026-02-02 09:14:42 | INFO     | Epoch 70/500 starting
2026-02-02 09:14:42 | DEBUG    | Starting training epoch 70 with 735 batches (batch_log_interval=147)
2026-02-02 09:15:15 | DEBUG    |   Train batch 147/735: loss=0.0338, time=[min=214.0, avg=220.5, max=247.7]ms
2026-02-02 09:15:47 | DEBUG    |   Train batch 294/735: loss=0.0343, time=[min=214.7, avg=222.2, max=254.8]ms
2026-02-02 09:16:20 | DEBUG    |   Train batch 441/735: loss=0.0342, time=[min=214.9, avg=219.0, max=243.3]ms
2026-02-02 09:16:52 | DEBUG    |   Train batch 588/735: loss=0.0340, time=[min=210.4, avg=219.8, max=244.9]ms
2026-02-02 09:17:25 | DEBUG    |   Train batch 735/735: loss=0.0348, time=[min=214.2, avg=221.5, max=248.1]ms
2026-02-02 09:17:25 | DEBUG    | Training epoch 70 complete: avg_loss=0.0342, time=163.08s, avg_batch_time=220.6ms
2026-02-02 09:17:25 | DEBUG    | Starting validation epoch 70 with 184 batches (batch_log_interval=36)
2026-02-02 09:17:53 | DEBUG    |   Valid batch 36/184: loss=0.0373, time=[min=690.3, avg=743.5, max=1134.1]ms
2026-02-02 09:18:19 | DEBUG    |   Valid batch 72/184: loss=0.0369, time=[min=677.6, avg=719.9, max=768.0]ms
2026-02-02 09:18:44 | DEBUG    |   Valid batch 108/184: loss=0.0366, time=[min=677.1, avg=712.8, max=752.4]ms
2026-02-02 09:19:11 | DEBUG    |   Valid batch 144/184: loss=0.0368, time=[min=686.9, avg=728.2, max=770.8]ms
2026-02-02 09:19:36 | DEBUG    |   Valid batch 180/184: loss=0.0375, time=[min=566.9, avg=699.4, max=753.4]ms
2026-02-02 09:19:38 | DEBUG    |   Per-crop SSIM: center=0.6887, corners=0.7586, edges=0.7260
2026-02-02 09:19:38 | DEBUG    | Validation epoch 70 complete: avg_loss=0.0370, time=133.59s, avg_batch_time=717.5ms
2026-02-02 09:19:38 | DEBUG    | Saving epochs CSV
2026-02-02 09:19:38 | INFO     | Epoch 70/500 completed: train_loss=0.0342, valid_loss=0.0370, best=0.0368, time=296.67s (train=163.08s, valid=133.59s), run_avg=296.69s (n=70)
2026-02-02 09:19:38 | DEBUG    | Learning rate: 0.000767
2026-02-02 09:19:38 | INFO     |   Metrics: ssim=0.7364, ms_ssim=0.8408, mae=0.0370, gradient_mae=0.1497, psnr=19.8621, ncc=282948324.4517
2026-02-02 09:19:38 | DEBUG    | Saving latest checkpoint
2026-02-02 09:19:39 | DEBUG    | Stepping scheduler
2026-02-02 09:19:39 | INFO     | Epoch 71/500 starting
2026-02-02 09:19:39 | DEBUG    | Starting training epoch 71 with 735 batches (batch_log_interval=147)
2026-02-02 09:20:12 | DEBUG    |   Train batch 147/735: loss=0.0346, time=[min=215.0, avg=221.1, max=244.5]ms
2026-02-02 09:20:45 | DEBUG    |   Train batch 294/735: loss=0.0340, time=[min=214.3, avg=220.4, max=244.5]ms
2026-02-02 09:21:17 | DEBUG    |   Train batch 441/735: loss=0.0340, time=[min=214.6, avg=218.8, max=243.3]ms
2026-02-02 09:21:49 | DEBUG    |   Train batch 588/735: loss=0.0339, time=[min=214.6, avg=221.4, max=246.9]ms
2026-02-02 09:22:22 | DEBUG    |   Train batch 735/735: loss=0.0338, time=[min=215.0, avg=219.6, max=246.9]ms
2026-02-02 09:22:22 | DEBUG    | Training epoch 71 complete: avg_loss=0.0341, time=162.77s, avg_batch_time=220.3ms
2026-02-02 09:22:22 | DEBUG    | Starting validation epoch 71 with 184 batches (batch_log_interval=36)
2026-02-02 09:22:50 | DEBUG    |   Valid batch 36/184: loss=0.0370, time=[min=585.4, avg=738.1, max=1059.7]ms
2026-02-02 09:23:16 | DEBUG    |   Valid batch 72/184: loss=0.0366, time=[min=586.5, avg=715.5, max=784.0]ms
2026-02-02 09:23:42 | DEBUG    |   Valid batch 108/184: loss=0.0363, time=[min=587.8, avg=713.9, max=783.1]ms
2026-02-02 09:24:08 | DEBUG    |   Valid batch 144/184: loss=0.0365, time=[min=586.1, avg=719.2, max=881.6]ms
2026-02-02 09:24:33 | DEBUG    |   Valid batch 180/184: loss=0.0372, time=[min=565.7, avg=697.9, max=772.0]ms
2026-02-02 09:24:35 | DEBUG    |   Per-crop SSIM: center=0.6910, corners=0.7608, edges=0.7282
2026-02-02 09:24:35 | DEBUG    | Validation epoch 71 complete: avg_loss=0.0368, time=133.53s, avg_batch_time=713.8ms
2026-02-02 09:24:35 | DEBUG    | Saving epochs CSV
2026-02-02 09:24:35 | INFO     | Epoch 71/500 completed: train_loss=0.0341, valid_loss=0.0368, best=0.0368, time=296.29s (train=162.77s, valid=133.53s), run_avg=296.68s (n=71)
2026-02-02 09:24:35 | DEBUG    | Learning rate: 0.000766
2026-02-02 09:24:35 | INFO     |   Metrics: ssim=0.7386, ms_ssim=0.8436, mae=0.0368, gradient_mae=0.1490, psnr=19.9214, ncc=378830927.3652
2026-02-02 09:24:35 | INFO     | New best validation loss: 0.0368 (prev: 0.0368)
2026-02-02 09:24:35 | DEBUG    | Saving best model checkpoint to experiments/train_nn1_cropped/l1_6edbe0/epochs/70
2026-02-02 09:24:35 | DEBUG    | Saving latest checkpoint
2026-02-02 09:24:36 | DEBUG    | Stepping scheduler
2026-02-02 09:24:36 | INFO     | Epoch 72/500 starting
2026-02-02 09:24:36 | DEBUG    | Starting training epoch 72 with 735 batches (batch_log_interval=147)
2026-02-02 09:25:09 | DEBUG    |   Train batch 147/735: loss=0.0336, time=[min=214.4, avg=221.0, max=245.7]ms
2026-02-02 09:25:41 | DEBUG    |   Train batch 294/735: loss=0.0341, time=[min=214.5, avg=218.8, max=243.3]ms
2026-02-02 09:26:14 | DEBUG    |   Train batch 441/735: loss=0.0336, time=[min=214.7, avg=218.6, max=241.1]ms
2026-02-02 09:26:46 | DEBUG    |   Train batch 588/735: loss=0.0340, time=[min=214.8, avg=219.5, max=245.0]ms
2026-02-02 09:27:18 | DEBUG    |   Train batch 735/735: loss=0.0337, time=[min=214.5, avg=219.1, max=243.8]ms
2026-02-02 09:27:18 | DEBUG    | Training epoch 72 complete: avg_loss=0.0338, time=162.07s, avg_batch_time=219.4ms
2026-02-02 09:27:18 | DEBUG    | Starting validation epoch 72 with 184 batches (batch_log_interval=36)
2026-02-02 09:27:46 | DEBUG    |   Valid batch 36/184: loss=0.0380, time=[min=678.9, avg=733.6, max=1040.9]ms
2026-02-02 09:28:13 | DEBUG    |   Valid batch 72/184: loss=0.0378, time=[min=682.8, avg=737.4, max=782.9]ms
2026-02-02 09:28:38 | DEBUG    |   Valid batch 108/184: loss=0.0376, time=[min=584.8, avg=699.1, max=822.8]ms
2026-02-02 09:29:04 | DEBUG    |   Valid batch 144/184: loss=0.0376, time=[min=672.7, avg=734.6, max=774.3]ms
2026-02-02 09:29:29 | DEBUG    |   Valid batch 180/184: loss=0.0384, time=[min=568.0, avg=687.9, max=715.4]ms
2026-02-02 09:29:31 | DEBUG    |   Per-crop SSIM: center=0.6894, corners=0.7594, edges=0.7268
2026-02-02 09:29:31 | DEBUG    | Validation epoch 72 complete: avg_loss=0.0379, time=133.18s, avg_batch_time=715.5ms
2026-02-02 09:29:31 | DEBUG    | Saving epochs CSV
2026-02-02 09:29:31 | INFO     | Epoch 72/500 completed: train_loss=0.0338, valid_loss=0.0379, best=0.0368, time=295.26s (train=162.07s, valid=133.18s), run_avg=296.66s (n=72)
2026-02-02 09:29:31 | DEBUG    | Learning rate: 0.000765
2026-02-02 09:29:31 | INFO     |   Metrics: ssim=0.7371, ms_ssim=0.8424, mae=0.0379, gradient_mae=0.1491, psnr=19.9688, ncc=352722085.7436
2026-02-02 09:29:31 | DEBUG    | Saving latest checkpoint
2026-02-02 09:29:32 | DEBUG    | Stepping scheduler
2026-02-02 09:29:32 | INFO     | Epoch 73/500 starting
2026-02-02 09:29:32 | DEBUG    | Starting training epoch 73 with 735 batches (batch_log_interval=147)
2026-02-02 09:30:05 | DEBUG    |   Train batch 147/735: loss=0.0338, time=[min=214.4, avg=220.5, max=245.4]ms
2026-02-02 09:30:38 | DEBUG    |   Train batch 294/735: loss=0.0341, time=[min=214.5, avg=220.7, max=244.6]ms
2026-02-02 09:31:10 | DEBUG    |   Train batch 441/735: loss=0.0337, time=[min=210.6, avg=219.3, max=244.8]ms
2026-02-02 09:31:43 | DEBUG    |   Train batch 588/735: loss=0.0335, time=[min=214.6, avg=220.4, max=246.0]ms
2026-02-02 09:32:15 | DEBUG    |   Train batch 735/735: loss=0.0340, time=[min=214.6, avg=221.3, max=251.4]ms
2026-02-02 09:32:15 | DEBUG    | Training epoch 73 complete: avg_loss=0.0338, time=162.98s, avg_batch_time=220.5ms
2026-02-02 09:32:15 | DEBUG    | Starting validation epoch 73 with 184 batches (batch_log_interval=36)
2026-02-02 09:32:43 | DEBUG    |   Valid batch 36/184: loss=0.0368, time=[min=583.1, avg=723.4, max=1017.1]ms
2026-02-02 09:33:09 | DEBUG    |   Valid batch 72/184: loss=0.0365, time=[min=680.0, avg=729.2, max=788.8]ms
2026-02-02 09:33:34 | DEBUG    |   Valid batch 108/184: loss=0.0362, time=[min=683.1, avg=703.3, max=717.1]ms
2026-02-02 09:34:01 | DEBUG    |   Valid batch 144/184: loss=0.0364, time=[min=691.1, avg=733.4, max=776.2]ms
2026-02-02 09:34:26 | DEBUG    |   Valid batch 180/184: loss=0.0372, time=[min=565.6, avg=692.6, max=717.9]ms
2026-02-02 09:34:28 | DEBUG    |   Per-crop SSIM: center=0.6911, corners=0.7612, edges=0.7285
2026-02-02 09:34:28 | DEBUG    | Validation epoch 73 complete: avg_loss=0.0367, time=132.89s, avg_batch_time=713.6ms
2026-02-02 09:34:28 | DEBUG    | Saving epochs CSV
2026-02-02 09:34:28 | INFO     | Epoch 73/500 completed: train_loss=0.0338, valid_loss=0.0367, best=0.0368, time=295.87s (train=162.98s, valid=132.89s), run_avg=296.65s (n=73)
2026-02-02 09:34:28 | DEBUG    | Learning rate: 0.000764
2026-02-02 09:34:28 | INFO     |   Metrics: ssim=0.7389, ms_ssim=0.8441, mae=0.0367, gradient_mae=0.1481, psnr=19.9325, ncc=325630270.9324
2026-02-02 09:34:28 | INFO     | New best validation loss: 0.0367 (prev: 0.0368)
2026-02-02 09:34:28 | DEBUG    | Saving best model checkpoint to experiments/train_nn1_cropped/l1_6edbe0/epochs/72
2026-02-02 09:34:29 | DEBUG    | Saving latest checkpoint
2026-02-02 09:34:29 | DEBUG    | Stepping scheduler
2026-02-02 09:34:29 | INFO     | Epoch 74/500 starting
2026-02-02 09:34:29 | DEBUG    | Starting training epoch 74 with 735 batches (batch_log_interval=147)
2026-02-02 09:35:03 | DEBUG    |   Train batch 147/735: loss=0.0338, time=[min=214.5, avg=221.6, max=260.9]ms
2026-02-02 09:35:35 | DEBUG    |   Train batch 294/735: loss=0.0338, time=[min=214.5, avg=221.3, max=246.8]ms
2026-02-02 09:36:07 | DEBUG    |   Train batch 441/735: loss=0.0337, time=[min=214.8, avg=219.6, max=249.7]ms
2026-02-02 09:36:40 | DEBUG    |   Train batch 588/735: loss=0.0336, time=[min=214.9, avg=219.7, max=244.8]ms
2026-02-02 09:37:12 | DEBUG    |   Train batch 735/735: loss=0.0340, time=[min=214.0, avg=220.0, max=242.7]ms
2026-02-02 09:37:12 | DEBUG    | Training epoch 74 complete: avg_loss=0.0338, time=162.87s, avg_batch_time=220.4ms
2026-02-02 09:37:12 | DEBUG    | Starting validation epoch 74 with 184 batches (batch_log_interval=36)
2026-02-02 09:37:40 | DEBUG    |   Valid batch 36/184: loss=0.0370, time=[min=684.9, avg=722.0, max=1044.5]ms
2026-02-02 09:38:06 | DEBUG    |   Valid batch 72/184: loss=0.0367, time=[min=672.4, avg=736.2, max=773.9]ms
2026-02-02 09:38:32 | DEBUG    |   Valid batch 108/184: loss=0.0363, time=[min=686.5, avg=704.6, max=721.2]ms
2026-02-02 09:38:58 | DEBUG    |   Valid batch 144/184: loss=0.0365, time=[min=687.4, avg=739.5, max=783.2]ms
2026-02-02 09:39:23 | DEBUG    |   Valid batch 180/184: loss=0.0373, time=[min=564.9, avg=691.5, max=721.3]ms
2026-02-02 09:39:25 | DEBUG    |   Per-crop SSIM: center=0.6908, corners=0.7606, edges=0.7280
2026-02-02 09:39:25 | DEBUG    | Validation epoch 74 complete: avg_loss=0.0368, time=133.29s, avg_batch_time=715.8ms
2026-02-02 09:39:25 | DEBUG    | Saving epochs CSV
2026-02-02 09:39:25 | INFO     | Epoch 74/500 completed: train_loss=0.0338, valid_loss=0.0368, best=0.0367, time=296.17s (train=162.87s, valid=133.29s), run_avg=296.65s (n=74)
2026-02-02 09:39:25 | DEBUG    | Learning rate: 0.000763
2026-02-02 09:39:25 | INFO     |   Metrics: ssim=0.7384, ms_ssim=0.8434, mae=0.0368, gradient_mae=0.1486, psnr=19.8451, ncc=358302287.9312
2026-02-02 09:39:25 | DEBUG    | Saving latest checkpoint
2026-02-02 09:39:26 | DEBUG    | Stepping scheduler
2026-02-02 09:39:26 | INFO     | Epoch 75/500 starting
2026-02-02 09:39:26 | DEBUG    | Starting training epoch 75 with 735 batches (batch_log_interval=147)
2026-02-02 09:40:00 | DEBUG    |   Train batch 147/735: loss=0.0338, time=[min=214.4, avg=221.0, max=253.4]ms
2026-02-02 09:40:32 | DEBUG    |   Train batch 294/735: loss=0.0335, time=[min=214.6, avg=221.4, max=241.3]ms
2026-02-02 09:41:05 | DEBUG    |   Train batch 441/735: loss=0.0338, time=[min=214.4, avg=220.3, max=248.2]ms
2026-02-02 09:41:37 | DEBUG    |   Train batch 588/735: loss=0.0338, time=[min=214.6, avg=220.7, max=246.9]ms
2026-02-02 09:42:10 | DEBUG    |   Train batch 735/735: loss=0.0338, time=[min=214.7, avg=221.5, max=252.8]ms
2026-02-02 09:42:10 | DEBUG    | Training epoch 75 complete: avg_loss=0.0337, time=163.35s, avg_batch_time=221.0ms
2026-02-02 09:42:10 | DEBUG    | Starting validation epoch 75 with 184 batches (batch_log_interval=36)
2026-02-02 09:42:38 | DEBUG    |   Valid batch 36/184: loss=0.0371, time=[min=584.0, avg=739.8, max=1074.3]ms
2026-02-02 09:43:04 | DEBUG    |   Valid batch 72/184: loss=0.0367, time=[min=584.5, avg=716.9, max=823.8]ms
2026-02-02 09:43:29 | DEBUG    |   Valid batch 108/184: loss=0.0364, time=[min=583.4, avg=717.6, max=810.9]ms
2026-02-02 09:43:55 | DEBUG    |   Valid batch 144/184: loss=0.0365, time=[min=584.7, avg=723.5, max=874.1]ms
2026-02-02 09:44:21 | DEBUG    |   Valid batch 180/184: loss=0.0373, time=[min=565.5, avg=697.5, max=772.5]ms
2026-02-02 09:44:23 | DEBUG    |   Per-crop SSIM: center=0.6911, corners=0.7610, edges=0.7284
2026-02-02 09:44:23 | DEBUG    | Validation epoch 75 complete: avg_loss=0.0368, time=133.23s, avg_batch_time=715.8ms
2026-02-02 09:44:23 | DEBUG    | Saving epochs CSV
2026-02-02 09:44:23 | INFO     | Epoch 75/500 completed: train_loss=0.0337, valid_loss=0.0368, best=0.0367, time=296.57s (train=163.35s, valid=133.23s), run_avg=296.65s (n=75)
2026-02-02 09:44:23 | DEBUG    | Learning rate: 0.000762
2026-02-02 09:44:23 | INFO     |   Metrics: ssim=0.7387, ms_ssim=0.8437, mae=0.0368, gradient_mae=0.1487, psnr=19.9083, ncc=398223285.3811
2026-02-02 09:44:23 | DEBUG    | Saving latest checkpoint
2026-02-02 09:44:24 | DEBUG    | Stepping scheduler
2026-02-02 09:44:24 | INFO     | Epoch 76/500 starting
2026-02-02 09:44:24 | DEBUG    | Starting training epoch 76 with 735 batches (batch_log_interval=147)
2026-02-02 09:44:57 | DEBUG    |   Train batch 147/735: loss=0.0334, time=[min=214.3, avg=220.9, max=264.0]ms
2026-02-02 09:45:29 | DEBUG    |   Train batch 294/735: loss=0.0339, time=[min=210.2, avg=220.0, max=244.1]ms
2026-02-02 09:46:01 | DEBUG    |   Train batch 441/735: loss=0.0333, time=[min=214.9, avg=219.4, max=244.6]ms
2026-02-02 09:46:34 | DEBUG    |   Train batch 588/735: loss=0.0338, time=[min=215.2, avg=220.8, max=245.6]ms
2026-02-02 09:47:06 | DEBUG    |   Train batch 735/735: loss=0.0338, time=[min=214.9, avg=217.5, max=235.2]ms
2026-02-02 09:47:06 | DEBUG    | Training epoch 76 complete: avg_loss=0.0337, time=162.40s, avg_batch_time=219.7ms
2026-02-02 09:47:06 | DEBUG    | Starting validation epoch 76 with 184 batches (batch_log_interval=36)
2026-02-02 09:47:36 | DEBUG    |   Valid batch 36/184: loss=0.0373, time=[min=721.7, avg=782.8, max=1181.8]ms
2026-02-02 09:48:03 | DEBUG    |   Valid batch 72/184: loss=0.0370, time=[min=735.4, avg=761.0, max=772.6]ms
2026-02-02 09:48:30 | DEBUG    |   Valid batch 108/184: loss=0.0366, time=[min=699.7, avg=746.8, max=788.7]ms
2026-02-02 09:48:56 | DEBUG    |   Valid batch 144/184: loss=0.0368, time=[min=674.2, avg=705.4, max=731.8]ms
2026-02-02 09:49:22 | DEBUG    |   Valid batch 180/184: loss=0.0376, time=[min=565.1, avg=725.1, max=774.9]ms
2026-02-02 09:49:24 | DEBUG    |   Per-crop SSIM: center=0.6910, corners=0.7609, edges=0.7282
2026-02-02 09:49:24 | DEBUG    | Validation epoch 76 complete: avg_loss=0.0371, time=138.19s, avg_batch_time=740.5ms
2026-02-02 09:49:24 | DEBUG    | Saving epochs CSV
2026-02-02 09:49:24 | INFO     | Epoch 76/500 completed: train_loss=0.0337, valid_loss=0.0371, best=0.0367, time=300.59s (train=162.40s, valid=138.19s), run_avg=296.70s (n=76)
2026-02-02 09:49:24 | DEBUG    | Learning rate: 0.000761
2026-02-02 09:49:24 | INFO     |   Metrics: ssim=0.7386, ms_ssim=0.8438, mae=0.0371, gradient_mae=0.1484, psnr=19.9613, ncc=371735420.3609
2026-02-02 09:49:24 | DEBUG    | Saving latest checkpoint
2026-02-02 09:49:25 | DEBUG    | Stepping scheduler
2026-02-02 09:49:25 | INFO     | Epoch 77/500 starting
2026-02-02 09:49:25 | DEBUG    | Starting training epoch 77 with 735 batches (batch_log_interval=147)
2026-02-02 09:49:58 | DEBUG    |   Train batch 147/735: loss=0.0338, time=[min=214.4, avg=223.6, max=258.0]ms
2026-02-02 09:50:31 | DEBUG    |   Train batch 294/735: loss=0.0348, time=[min=214.7, avg=221.3, max=250.2]ms
2026-02-02 09:51:04 | DEBUG    |   Train batch 441/735: loss=0.0341, time=[min=214.6, avg=224.1, max=260.6]ms
2026-02-02 09:51:37 | DEBUG    |   Train batch 588/735: loss=0.0338, time=[min=215.0, avg=222.1, max=247.5]ms
2026-02-02 09:52:09 | DEBUG    |   Train batch 735/735: loss=0.0341, time=[min=214.3, avg=219.1, max=248.4]ms
2026-02-02 09:52:09 | DEBUG    | Training epoch 77 complete: avg_loss=0.0341, time=164.06s, avg_batch_time=222.0ms
2026-02-02 09:52:09 | DEBUG    | Starting validation epoch 77 with 184 batches (batch_log_interval=36)
2026-02-02 09:52:38 | DEBUG    |   Valid batch 36/184: loss=0.0368, time=[min=689.8, avg=748.8, max=1008.8]ms
2026-02-02 09:53:04 | DEBUG    |   Valid batch 72/184: loss=0.0365, time=[min=686.8, avg=710.0, max=758.1]ms
2026-02-02 09:53:30 | DEBUG    |   Valid batch 108/184: loss=0.0362, time=[min=676.8, avg=733.6, max=785.6]ms
2026-02-02 09:53:56 | DEBUG    |   Valid batch 144/184: loss=0.0363, time=[min=675.0, avg=712.0, max=772.4]ms
2026-02-02 09:54:22 | DEBUG    |   Valid batch 180/184: loss=0.0370, time=[min=564.7, avg=714.6, max=902.3]ms
2026-02-02 09:54:24 | DEBUG    |   Per-crop SSIM: center=0.6908, corners=0.7606, edges=0.7280
2026-02-02 09:54:24 | DEBUG    | Validation epoch 77 complete: avg_loss=0.0366, time=135.16s, avg_batch_time=720.5ms
2026-02-02 09:54:24 | DEBUG    | Saving epochs CSV
2026-02-02 09:54:24 | INFO     | Epoch 77/500 completed: train_loss=0.0341, valid_loss=0.0366, best=0.0367, time=299.22s (train=164.06s, valid=135.16s), run_avg=296.73s (n=77)
2026-02-02 09:54:24 | DEBUG    | Learning rate: 0.000760
2026-02-02 09:54:24 | INFO     |   Metrics: ssim=0.7383, ms_ssim=0.8437, mae=0.0366, gradient_mae=0.1488, psnr=19.9140, ncc=431672443.8919
2026-02-02 09:54:24 | INFO     | New best validation loss: 0.0366 (prev: 0.0367)
2026-02-02 09:54:24 | DEBUG    | Saving best model checkpoint to experiments/train_nn1_cropped/l1_6edbe0/epochs/76
2026-02-02 09:54:24 | DEBUG    | Saving latest checkpoint
2026-02-02 09:54:25 | DEBUG    | Stepping scheduler
2026-02-02 09:54:25 | INFO     | Epoch 78/500 starting
2026-02-02 09:54:25 | DEBUG    | Starting training epoch 78 with 735 batches (batch_log_interval=147)
2026-02-02 09:54:58 | DEBUG    |   Train batch 147/735: loss=0.0335, time=[min=214.5, avg=220.7, max=243.3]ms
2026-02-02 09:55:30 | DEBUG    |   Train batch 294/735: loss=0.0333, time=[min=214.6, avg=217.6, max=233.3]ms
2026-02-02 09:56:03 | DEBUG    |   Train batch 441/735: loss=0.0338, time=[min=214.8, avg=220.2, max=239.8]ms
2026-02-02 09:56:35 | DEBUG    |   Train batch 588/735: loss=0.0337, time=[min=214.7, avg=220.3, max=259.3]ms
2026-02-02 09:57:07 | DEBUG    |   Train batch 735/735: loss=0.0339, time=[min=210.8, avg=217.4, max=240.0]ms
2026-02-02 09:57:07 | DEBUG    | Training epoch 78 complete: avg_loss=0.0336, time=162.05s, avg_batch_time=219.3ms
2026-02-02 09:57:07 | DEBUG    | Starting validation epoch 78 with 184 batches (batch_log_interval=36)
2026-02-02 09:57:37 | DEBUG    |   Valid batch 36/184: loss=0.0379, time=[min=737.3, avg=776.9, max=1041.5]ms
2026-02-02 09:58:02 | DEBUG    |   Valid batch 72/184: loss=0.0375, time=[min=680.9, avg=708.6, max=776.6]ms
2026-02-02 09:58:29 | DEBUG    |   Valid batch 108/184: loss=0.0373, time=[min=698.7, avg=739.4, max=773.0]ms
2026-02-02 09:58:54 | DEBUG    |   Valid batch 144/184: loss=0.0372, time=[min=681.5, avg=701.3, max=717.3]ms
2026-02-02 09:59:20 | DEBUG    |   Valid batch 180/184: loss=0.0380, time=[min=567.2, avg=722.2, max=781.5]ms
2026-02-02 09:59:22 | DEBUG    |   Per-crop SSIM: center=0.6913, corners=0.7612, edges=0.7286
2026-02-02 09:59:22 | DEBUG    | Validation epoch 78 complete: avg_loss=0.0376, time=135.50s, avg_batch_time=726.2ms
2026-02-02 09:59:22 | DEBUG    | Saving epochs CSV
2026-02-02 09:59:22 | INFO     | Epoch 78/500 completed: train_loss=0.0336, valid_loss=0.0376, best=0.0366, time=297.55s (train=162.05s, valid=135.50s), run_avg=296.74s (n=78)
2026-02-02 09:59:22 | DEBUG    | Learning rate: 0.000759
2026-02-02 09:59:22 | INFO     |   Metrics: ssim=0.7389, ms_ssim=0.8444, mae=0.0376, gradient_mae=0.1483, psnr=19.8632, ncc=387670351.8289
2026-02-02 09:59:22 | DEBUG    | Saving latest checkpoint
2026-02-02 09:59:23 | DEBUG    | Stepping scheduler
2026-02-02 09:59:23 | INFO     | Epoch 79/500 starting
2026-02-02 09:59:23 | DEBUG    | Starting training epoch 79 with 735 batches (batch_log_interval=147)
2026-02-02 09:59:56 | DEBUG    |   Train batch 147/735: loss=0.0339, time=[min=214.3, avg=221.3, max=249.7]ms
2026-02-02 10:00:29 | DEBUG    |   Train batch 294/735: loss=0.0333, time=[min=214.2, avg=221.3, max=245.9]ms
2026-02-02 10:01:02 | DEBUG    |   Train batch 441/735: loss=0.0335, time=[min=214.7, avg=222.9, max=247.4]ms
2026-02-02 10:01:34 | DEBUG    |   Train batch 588/735: loss=0.0335, time=[min=214.1, avg=219.8, max=241.8]ms
2026-02-02 10:02:07 | DEBUG    |   Train batch 735/735: loss=0.0340, time=[min=214.0, avg=220.9, max=245.6]ms
2026-02-02 10:02:07 | DEBUG    | Training epoch 79 complete: avg_loss=0.0337, time=163.52s, avg_batch_time=221.2ms
2026-02-02 10:02:07 | DEBUG    | Starting validation epoch 79 with 184 batches (batch_log_interval=36)
2026-02-02 10:02:35 | DEBUG    |   Valid batch 36/184: loss=0.0371, time=[min=685.6, avg=744.6, max=1048.6]ms
2026-02-02 10:03:01 | DEBUG    |   Valid batch 72/184: loss=0.0367, time=[min=672.2, avg=713.7, max=821.3]ms
2026-02-02 10:03:27 | DEBUG    |   Valid batch 108/184: loss=0.0365, time=[min=672.5, avg=715.6, max=768.0]ms
2026-02-02 10:03:53 | DEBUG    |   Valid batch 144/184: loss=0.0365, time=[min=585.3, avg=723.1, max=826.5]ms
2026-02-02 10:04:18 | DEBUG    |   Valid batch 180/184: loss=0.0374, time=[min=568.5, avg=696.0, max=799.2]ms
2026-02-02 10:04:20 | DEBUG    |   Per-crop SSIM: center=0.6909, corners=0.7605, edges=0.7280
2026-02-02 10:04:20 | DEBUG    | Validation epoch 79 complete: avg_loss=0.0369, time=133.56s, avg_batch_time=715.4ms
2026-02-02 10:04:20 | DEBUG    | Saving epochs CSV
2026-02-02 10:04:20 | INFO     | Epoch 79/500 completed: train_loss=0.0337, valid_loss=0.0369, best=0.0366, time=297.08s (train=163.52s, valid=133.56s), run_avg=296.75s (n=79)
2026-02-02 10:04:20 | DEBUG    | Learning rate: 0.000758
2026-02-02 10:04:20 | INFO     |   Metrics: ssim=0.7383, ms_ssim=0.8434, mae=0.0369, gradient_mae=0.1489, psnr=19.9585, ncc=425459426.6083
2026-02-02 10:04:20 | DEBUG    | Saving latest checkpoint
2026-02-02 10:04:21 | DEBUG    | Stepping scheduler
2026-02-02 10:04:21 | INFO     | Epoch 80/500 starting
2026-02-02 10:04:21 | DEBUG    | Starting training epoch 80 with 735 batches (batch_log_interval=147)
2026-02-02 10:04:54 | DEBUG    |   Train batch 147/735: loss=0.0334, time=[min=214.3, avg=221.2, max=242.5]ms
2026-02-02 10:05:27 | DEBUG    |   Train batch 294/735: loss=0.0337, time=[min=214.7, avg=220.6, max=248.6]ms
2026-02-02 10:05:59 | DEBUG    |   Train batch 441/735: loss=0.0336, time=[min=214.8, avg=219.4, max=266.9]ms
2026-02-02 10:06:31 | DEBUG    |   Train batch 588/735: loss=0.0340, time=[min=215.0, avg=220.6, max=243.5]ms
2026-02-02 10:07:03 | DEBUG    |   Train batch 735/735: loss=0.0338, time=[min=214.4, avg=218.8, max=244.4]ms
2026-02-02 10:07:03 | DEBUG    | Training epoch 80 complete: avg_loss=0.0337, time=162.68s, avg_batch_time=220.1ms
2026-02-02 10:07:03 | DEBUG    | Starting validation epoch 80 with 184 batches (batch_log_interval=36)
2026-02-02 10:07:32 | DEBUG    |   Valid batch 36/184: loss=0.0367, time=[min=680.5, avg=747.0, max=1081.8]ms
2026-02-02 10:07:58 | DEBUG    |   Valid batch 72/184: loss=0.0364, time=[min=679.3, avg=712.8, max=776.5]ms
2026-02-02 10:08:24 | DEBUG    |   Valid batch 108/184: loss=0.0361, time=[min=585.9, avg=719.5, max=823.8]ms
2026-02-02 10:08:50 | DEBUG    |   Valid batch 144/184: loss=0.0363, time=[min=584.4, avg=722.8, max=914.1]ms
2026-02-02 10:09:15 | DEBUG    |   Valid batch 180/184: loss=0.0371, time=[min=567.0, avg=696.8, max=904.6]ms
2026-02-02 10:09:17 | DEBUG    |   Per-crop SSIM: center=0.6911, corners=0.7614, edges=0.7286
2026-02-02 10:09:17 | DEBUG    | Validation epoch 80 complete: avg_loss=0.0366, time=133.66s, avg_batch_time=716.6ms
2026-02-02 10:09:17 | DEBUG    | Saving epochs CSV
2026-02-02 10:09:17 | INFO     | Epoch 80/500 completed: train_loss=0.0337, valid_loss=0.0366, best=0.0366, time=296.34s (train=162.68s, valid=133.66s), run_avg=296.74s (n=80)
2026-02-02 10:09:17 | DEBUG    | Learning rate: 0.000757
2026-02-02 10:09:17 | INFO     |   Metrics: ssim=0.7390, ms_ssim=0.8432, mae=0.0366, gradient_mae=0.1490, psnr=19.8184, ncc=494444182.3796
2026-02-02 10:09:17 | INFO     | New best validation loss: 0.0366 (prev: 0.0366)
2026-02-02 10:09:17 | DEBUG    | Saving best model checkpoint to experiments/train_nn1_cropped/l1_6edbe0/epochs/79
2026-02-02 10:09:18 | DEBUG    | Saving latest checkpoint
2026-02-02 10:09:18 | DEBUG    | Stepping scheduler
2026-02-02 10:09:18 | INFO     | Epoch 81/500 starting
2026-02-02 10:09:18 | DEBUG    | Starting training epoch 81 with 735 batches (batch_log_interval=147)
2026-02-02 10:09:52 | DEBUG    |   Train batch 147/735: loss=0.0334, time=[min=214.5, avg=223.3, max=248.7]ms
2026-02-02 10:10:24 | DEBUG    |   Train batch 294/735: loss=0.0338, time=[min=214.3, avg=220.5, max=238.9]ms
2026-02-02 10:10:56 | DEBUG    |   Train batch 441/735: loss=0.0339, time=[min=214.9, avg=218.6, max=244.1]ms
2026-02-02 10:11:29 | DEBUG    |   Train batch 588/735: loss=0.0334, time=[min=212.4, avg=220.5, max=255.3]ms
2026-02-02 10:12:01 | DEBUG    |   Train batch 735/735: loss=0.0339, time=[min=214.0, avg=220.2, max=246.7]ms
2026-02-02 10:12:01 | DEBUG    | Training epoch 81 complete: avg_loss=0.0337, time=163.02s, avg_batch_time=220.6ms
2026-02-02 10:12:01 | DEBUG    | Starting validation epoch 81 with 184 batches (batch_log_interval=36)
2026-02-02 10:12:29 | DEBUG    |   Valid batch 36/184: loss=0.0371, time=[min=679.4, avg=726.3, max=981.0]ms
2026-02-02 10:12:56 | DEBUG    |   Valid batch 72/184: loss=0.0369, time=[min=683.6, avg=740.5, max=776.3]ms
2026-02-02 10:13:21 | DEBUG    |   Valid batch 108/184: loss=0.0365, time=[min=678.0, avg=706.1, max=772.0]ms
2026-02-02 10:13:48 | DEBUG    |   Valid batch 144/184: loss=0.0366, time=[min=679.3, avg=734.2, max=780.6]ms
2026-02-02 10:14:13 | DEBUG    |   Valid batch 180/184: loss=0.0375, time=[min=581.5, avg=696.1, max=766.1]ms
2026-02-02 10:14:15 | DEBUG    |   Per-crop SSIM: center=0.6910, corners=0.7609, edges=0.7282
2026-02-02 10:14:15 | DEBUG    | Validation epoch 81 complete: avg_loss=0.0370, time=133.78s, avg_batch_time=717.7ms
2026-02-02 10:14:15 | DEBUG    | Saving epochs CSV
2026-02-02 10:14:15 | INFO     | Epoch 81/500 completed: train_loss=0.0337, valid_loss=0.0370, best=0.0366, time=296.80s (train=163.02s, valid=133.78s), run_avg=296.74s (n=81)
2026-02-02 10:14:15 | DEBUG    | Learning rate: 0.000756
2026-02-02 10:14:15 | INFO     |   Metrics: ssim=0.7386, ms_ssim=0.8433, mae=0.0370, gradient_mae=0.1491, psnr=19.9118, ncc=479294712.3607
2026-02-02 10:14:15 | DEBUG    | Saving latest checkpoint
2026-02-02 10:14:16 | DEBUG    | Stepping scheduler
2026-02-02 10:14:16 | INFO     | Epoch 82/500 starting
2026-02-02 10:14:16 | DEBUG    | Starting training epoch 82 with 735 batches (batch_log_interval=147)
2026-02-02 10:14:49 | DEBUG    |   Train batch 147/735: loss=0.0333, time=[min=214.0, avg=222.5, max=259.7]ms
2026-02-02 10:15:22 | DEBUG    |   Train batch 294/735: loss=0.0337, time=[min=214.5, avg=224.0, max=253.3]ms
2026-02-02 10:15:55 | DEBUG    |   Train batch 441/735: loss=0.0350, time=[min=214.1, avg=221.8, max=248.2]ms
2026-02-02 10:16:27 | DEBUG    |   Train batch 588/735: loss=0.0347, time=[min=214.8, avg=220.4, max=246.9]ms
2026-02-02 10:17:00 | DEBUG    |   Train batch 735/735: loss=0.0343, time=[min=214.5, avg=221.4, max=243.3]ms
2026-02-02 10:17:00 | DEBUG    | Training epoch 82 complete: avg_loss=0.0342, time=164.09s, avg_batch_time=222.0ms
2026-02-02 10:17:00 | DEBUG    | Starting validation epoch 82 with 184 batches (batch_log_interval=36)
2026-02-02 10:17:28 | DEBUG    |   Valid batch 36/184: loss=0.0371, time=[min=681.5, avg=732.2, max=1074.3]ms
2026-02-02 10:17:54 | DEBUG    |   Valid batch 72/184: loss=0.0368, time=[min=675.9, avg=720.5, max=771.4]ms
2026-02-02 10:18:20 | DEBUG    |   Valid batch 108/184: loss=0.0365, time=[min=680.7, avg=727.6, max=772.9]ms
2026-02-02 10:18:45 | DEBUG    |   Valid batch 144/184: loss=0.0366, time=[min=585.0, avg=705.1, max=838.5]ms
2026-02-02 10:19:11 | DEBUG    |   Valid batch 180/184: loss=0.0374, time=[min=566.4, avg=720.0, max=773.9]ms
2026-02-02 10:19:14 | DEBUG    |   Per-crop SSIM: center=0.6897, corners=0.7596, edges=0.7269
2026-02-02 10:19:14 | DEBUG    | Validation epoch 82 complete: avg_loss=0.0369, time=133.79s, avg_batch_time=717.8ms
2026-02-02 10:19:14 | DEBUG    | Saving epochs CSV
2026-02-02 10:19:14 | INFO     | Epoch 82/500 completed: train_loss=0.0342, valid_loss=0.0369, best=0.0366, time=297.88s (train=164.09s, valid=133.79s), run_avg=296.76s (n=82)
2026-02-02 10:19:14 | DEBUG    | Learning rate: 0.000754
2026-02-02 10:19:14 | INFO     |   Metrics: ssim=0.7373, ms_ssim=0.8420, mae=0.0369, gradient_mae=0.1492, psnr=19.8387, ncc=463181829.6186
2026-02-02 10:19:14 | DEBUG    | Saving latest checkpoint
2026-02-02 10:19:14 | DEBUG    | Stepping scheduler
2026-02-02 10:19:14 | INFO     | Epoch 83/500 starting
2026-02-02 10:19:14 | DEBUG    | Starting training epoch 83 with 735 batches (batch_log_interval=147)
2026-02-02 10:19:47 | DEBUG    |   Train batch 147/735: loss=0.0340, time=[min=214.3, avg=220.1, max=246.3]ms
2026-02-02 10:20:20 | DEBUG    |   Train batch 294/735: loss=0.0334, time=[min=214.5, avg=220.3, max=248.8]ms
2026-02-02 10:20:52 | DEBUG    |   Train batch 441/735: loss=0.0332, time=[min=214.3, avg=220.9, max=248.2]ms
2026-02-02 10:21:25 | DEBUG    |   Train batch 588/735: loss=0.0340, time=[min=214.8, avg=219.6, max=268.6]ms
2026-02-02 10:21:57 | DEBUG    |   Train batch 735/735: loss=0.0338, time=[min=214.3, avg=218.9, max=246.9]ms
2026-02-02 10:21:57 | DEBUG    | Training epoch 83 complete: avg_loss=0.0337, time=162.55s, avg_batch_time=220.0ms
2026-02-02 10:21:57 | DEBUG    | Starting validation epoch 83 with 184 batches (batch_log_interval=36)
2026-02-02 10:22:25 | DEBUG    |   Valid batch 36/184: loss=0.0372, time=[min=582.0, avg=744.9, max=1086.1]ms
2026-02-02 10:22:51 | DEBUG    |   Valid batch 72/184: loss=0.0369, time=[min=585.9, avg=716.6, max=819.3]ms
2026-02-02 10:23:17 | DEBUG    |   Valid batch 108/184: loss=0.0365, time=[min=679.9, avg=723.8, max=776.7]ms
2026-02-02 10:23:43 | DEBUG    |   Valid batch 144/184: loss=0.0368, time=[min=671.3, avg=721.4, max=771.6]ms
2026-02-02 10:24:09 | DEBUG    |   Valid batch 180/184: loss=0.0376, time=[min=582.0, avg=704.0, max=767.9]ms
2026-02-02 10:24:11 | DEBUG    |   Per-crop SSIM: center=0.6913, corners=0.7611, edges=0.7285
2026-02-02 10:24:11 | DEBUG    | Validation epoch 83 complete: avg_loss=0.0370, time=134.19s, avg_batch_time=719.0ms
2026-02-02 10:24:11 | DEBUG    | Saving epochs CSV
2026-02-02 10:24:11 | INFO     | Epoch 83/500 completed: train_loss=0.0337, valid_loss=0.0370, best=0.0366, time=296.73s (train=162.55s, valid=134.19s), run_avg=296.75s (n=83)
2026-02-02 10:24:11 | DEBUG    | Learning rate: 0.000753
2026-02-02 10:24:11 | INFO     |   Metrics: ssim=0.7389, ms_ssim=0.8440, mae=0.0370, gradient_mae=0.1487, psnr=19.9224, ncc=449708258.2560
2026-02-02 10:24:11 | DEBUG    | Saving latest checkpoint
2026-02-02 10:24:12 | DEBUG    | Stepping scheduler
2026-02-02 10:24:12 | INFO     | Epoch 84/500 starting
2026-02-02 10:24:12 | DEBUG    | Starting training epoch 84 with 735 batches (batch_log_interval=147)
2026-02-02 10:24:45 | DEBUG    |   Train batch 147/735: loss=0.0336, time=[min=214.1, avg=222.6, max=251.5]ms
2026-02-02 10:25:18 | DEBUG    |   Train batch 294/735: loss=0.0338, time=[min=212.4, avg=220.5, max=245.3]ms
2026-02-02 10:25:50 | DEBUG    |   Train batch 441/735: loss=0.0330, time=[min=214.6, avg=221.3, max=246.2]ms
2026-02-02 10:26:23 | DEBUG    |   Train batch 588/735: loss=0.0336, time=[min=214.6, avg=221.9, max=255.2]ms
2026-02-02 10:26:55 | DEBUG    |   Train batch 735/735: loss=0.0333, time=[min=214.6, avg=218.4, max=245.0]ms
2026-02-02 10:26:55 | DEBUG    | Training epoch 84 complete: avg_loss=0.0335, time=163.39s, avg_batch_time=220.9ms
2026-02-02 10:26:55 | DEBUG    | Starting validation epoch 84 with 184 batches (batch_log_interval=36)
2026-02-02 10:27:23 | DEBUG    |   Valid batch 36/184: loss=0.0368, time=[min=689.0, avg=743.8, max=1174.0]ms
2026-02-02 10:27:49 | DEBUG    |   Valid batch 72/184: loss=0.0365, time=[min=666.3, avg=716.1, max=764.6]ms
2026-02-02 10:28:14 | DEBUG    |   Valid batch 108/184: loss=0.0361, time=[min=676.8, avg=706.1, max=764.7]ms
2026-02-02 10:28:41 | DEBUG    |   Valid batch 144/184: loss=0.0363, time=[min=586.9, avg=725.5, max=814.7]ms
2026-02-02 10:29:05 | DEBUG    |   Valid batch 180/184: loss=0.0371, time=[min=565.0, avg=687.1, max=742.2]ms
2026-02-02 10:29:08 | DEBUG    |   Per-crop SSIM: center=0.6910, corners=0.7613, edges=0.7285
2026-02-02 10:29:08 | DEBUG    | Validation epoch 84 complete: avg_loss=0.0366, time=132.61s, avg_batch_time=712.6ms
2026-02-02 10:29:08 | DEBUG    | Saving epochs CSV
2026-02-02 10:29:08 | INFO     | Epoch 84/500 completed: train_loss=0.0335, valid_loss=0.0366, best=0.0366, time=296.00s (train=163.39s, valid=132.61s), run_avg=296.75s (n=84)
2026-02-02 10:29:08 | DEBUG    | Learning rate: 0.000752
2026-02-02 10:29:08 | INFO     |   Metrics: ssim=0.7389, ms_ssim=0.8439, mae=0.0366, gradient_mae=0.1487, psnr=19.9905, ncc=482304516.2656
2026-02-02 10:29:08 | DEBUG    | Saving latest checkpoint
2026-02-02 10:29:08 | DEBUG    | Stepping scheduler
2026-02-02 10:29:08 | INFO     | Epoch 85/500 starting
2026-02-02 10:29:08 | DEBUG    | Starting training epoch 85 with 735 batches (batch_log_interval=147)
2026-02-02 10:29:41 | DEBUG    |   Train batch 147/735: loss=0.0335, time=[min=214.7, avg=220.7, max=242.3]ms
2026-02-02 10:30:13 | DEBUG    |   Train batch 294/735: loss=0.0334, time=[min=214.4, avg=218.3, max=239.7]ms
2026-02-02 10:30:46 | DEBUG    |   Train batch 441/735: loss=0.0332, time=[min=214.6, avg=218.1, max=246.6]ms
2026-02-02 10:31:18 | DEBUG    |   Train batch 588/735: loss=0.0332, time=[min=214.7, avg=220.9, max=256.0]ms
2026-02-02 10:31:50 | DEBUG    |   Train batch 735/735: loss=0.0336, time=[min=214.4, avg=220.1, max=243.8]ms
2026-02-02 10:31:50 | DEBUG    | Training epoch 85 complete: avg_loss=0.0334, time=162.27s, avg_batch_time=219.6ms
2026-02-02 10:31:50 | DEBUG    | Starting validation epoch 85 with 184 batches (batch_log_interval=36)
2026-02-02 10:32:20 | DEBUG    |   Valid batch 36/184: loss=0.0376, time=[min=678.1, avg=776.6, max=1075.1]ms
2026-02-02 10:32:45 | DEBUG    |   Valid batch 72/184: loss=0.0373, time=[min=673.9, avg=700.5, max=760.9]ms
2026-02-02 10:33:12 | DEBUG    |   Valid batch 108/184: loss=0.0371, time=[min=679.1, avg=732.9, max=794.6]ms
2026-02-02 10:33:37 | DEBUG    |   Valid batch 144/184: loss=0.0372, time=[min=583.4, avg=700.8, max=828.9]ms
2026-02-02 10:34:03 | DEBUG    |   Valid batch 180/184: loss=0.0380, time=[min=564.7, avg=718.8, max=774.4]ms
2026-02-02 10:34:05 | DEBUG    |   Per-crop SSIM: center=0.6923, corners=0.7622, edges=0.7296
2026-02-02 10:34:05 | DEBUG    | Validation epoch 85 complete: avg_loss=0.0375, time=134.64s, avg_batch_time=722.5ms
2026-02-02 10:34:05 | DEBUG    | Saving epochs CSV
2026-02-02 10:34:05 | INFO     | Epoch 85/500 completed: train_loss=0.0334, valid_loss=0.0375, best=0.0366, time=296.91s (train=162.27s, valid=134.64s), run_avg=296.75s (n=85)
2026-02-02 10:34:05 | DEBUG    | Learning rate: 0.000751
2026-02-02 10:34:05 | INFO     |   Metrics: ssim=0.7399, ms_ssim=0.8452, mae=0.0375, gradient_mae=0.1477, psnr=19.9897, ncc=639461253.0292
2026-02-02 10:34:05 | DEBUG    | Saving latest checkpoint
2026-02-02 10:34:06 | DEBUG    | Stepping scheduler
2026-02-02 10:34:06 | INFO     | Epoch 86/500 starting
2026-02-02 10:34:06 | DEBUG    | Starting training epoch 86 with 735 batches (batch_log_interval=147)
2026-02-02 10:34:39 | DEBUG    |   Train batch 147/735: loss=0.0336, time=[min=214.2, avg=221.3, max=259.2]ms
2026-02-02 10:35:11 | DEBUG    |   Train batch 294/735: loss=0.0334, time=[min=214.1, avg=218.7, max=235.7]ms
2026-02-02 10:35:44 | DEBUG    |   Train batch 441/735: loss=0.0332, time=[min=214.9, avg=221.0, max=250.3]ms
2026-02-02 10:36:16 | DEBUG    |   Train batch 588/735: loss=0.0333, time=[min=214.8, avg=220.3, max=244.7]ms
2026-02-02 10:36:48 | DEBUG    |   Train batch 735/735: loss=0.0332, time=[min=214.4, avg=218.0, max=247.4]ms
2026-02-02 10:36:48 | DEBUG    | Training epoch 86 complete: avg_loss=0.0333, time=162.45s, avg_batch_time=219.8ms
2026-02-02 10:36:48 | DEBUG    | Starting validation epoch 86 with 184 batches (batch_log_interval=36)
2026-02-02 10:37:17 | DEBUG    |   Valid batch 36/184: loss=0.0366, time=[min=693.8, avg=744.1, max=1004.0]ms
2026-02-02 10:37:43 | DEBUG    |   Valid batch 72/184: loss=0.0364, time=[min=674.6, avg=719.2, max=768.3]ms
2026-02-02 10:38:08 | DEBUG    |   Valid batch 108/184: loss=0.0361, time=[min=582.8, avg=709.6, max=827.1]ms
2026-02-02 10:38:34 | DEBUG    |   Valid batch 144/184: loss=0.0362, time=[min=666.9, avg=726.7, max=771.9]ms
2026-02-02 10:38:59 | DEBUG    |   Valid batch 180/184: loss=0.0370, time=[min=569.7, avg=690.0, max=815.1]ms
2026-02-02 10:39:02 | DEBUG    |   Per-crop SSIM: center=0.6916, corners=0.7613, edges=0.7287
2026-02-02 10:39:02 | DEBUG    | Validation epoch 86 complete: avg_loss=0.0365, time=133.36s, avg_batch_time=714.7ms
2026-02-02 10:39:02 | DEBUG    | Saving epochs CSV
2026-02-02 10:39:02 | INFO     | Epoch 86/500 completed: train_loss=0.0333, valid_loss=0.0365, best=0.0366, time=295.81s (train=162.45s, valid=133.36s), run_avg=296.74s (n=86)
2026-02-02 10:39:02 | DEBUG    | Learning rate: 0.000750
2026-02-02 10:39:02 | INFO     |   Metrics: ssim=0.7390, ms_ssim=0.8440, mae=0.0365, gradient_mae=0.1484, psnr=19.9820, ncc=622485045.4276
2026-02-02 10:39:02 | INFO     | New best validation loss: 0.0365 (prev: 0.0366)
2026-02-02 10:39:02 | DEBUG    | Saving best model checkpoint to experiments/train_nn1_cropped/l1_6edbe0/epochs/85
2026-02-02 10:39:02 | DEBUG    | Saving latest checkpoint
2026-02-02 10:39:03 | DEBUG    | Stepping scheduler
2026-02-02 10:39:03 | INFO     | Epoch 87/500 starting
2026-02-02 10:39:03 | DEBUG    | Starting training epoch 87 with 735 batches (batch_log_interval=147)
2026-02-02 10:39:36 | DEBUG    |   Train batch 147/735: loss=0.0339, time=[min=212.8, avg=220.9, max=246.3]ms
2026-02-02 10:40:08 | DEBUG    |   Train batch 294/735: loss=0.0336, time=[min=214.3, avg=220.0, max=241.8]ms
2026-02-02 10:40:40 | DEBUG    |   Train batch 441/735: loss=0.0333, time=[min=214.8, avg=218.5, max=239.9]ms
2026-02-02 10:41:13 | DEBUG    |   Train batch 588/735: loss=0.0331, time=[min=214.9, avg=220.6, max=245.6]ms
2026-02-02 10:41:45 | DEBUG    |   Train batch 735/735: loss=0.0334, time=[min=214.6, avg=219.9, max=242.9]ms
2026-02-02 10:41:45 | DEBUG    | Training epoch 87 complete: avg_loss=0.0335, time=162.64s, avg_batch_time=220.0ms
2026-02-02 10:41:45 | DEBUG    | Starting validation epoch 87 with 184 batches (batch_log_interval=36)
2026-02-02 10:42:14 | DEBUG    |   Valid batch 36/184: loss=0.0370, time=[min=681.4, avg=715.3, max=1055.0]ms
2026-02-02 10:42:40 | DEBUG    |   Valid batch 72/184: loss=0.0368, time=[min=676.4, avg=736.3, max=773.7]ms
2026-02-02 10:43:05 | DEBUG    |   Valid batch 108/184: loss=0.0364, time=[min=676.3, avg=699.5, max=735.1]ms
2026-02-02 10:43:32 | DEBUG    |   Valid batch 144/184: loss=0.0367, time=[min=676.9, avg=735.0, max=769.8]ms
2026-02-02 10:43:57 | DEBUG    |   Valid batch 180/184: loss=0.0373, time=[min=567.8, avg=691.6, max=717.0]ms
2026-02-02 10:43:59 | DEBUG    |   Per-crop SSIM: center=0.6912, corners=0.7611, edges=0.7285
2026-02-02 10:43:59 | DEBUG    | Validation epoch 87 complete: avg_loss=0.0369, time=133.72s, avg_batch_time=712.5ms
2026-02-02 10:43:59 | DEBUG    | Saving epochs CSV
2026-02-02 10:43:59 | INFO     | Epoch 87/500 completed: train_loss=0.0335, valid_loss=0.0369, best=0.0365, time=296.36s (train=162.64s, valid=133.72s), run_avg=296.73s (n=87)
2026-02-02 10:43:59 | DEBUG    | Learning rate: 0.000748
2026-02-02 10:43:59 | INFO     |   Metrics: ssim=0.7388, ms_ssim=0.8436, mae=0.0369, gradient_mae=0.1486, psnr=19.9023, ncc=514643425.0039
2026-02-02 10:43:59 | DEBUG    | Saving latest checkpoint
2026-02-02 10:44:00 | DEBUG    | Stepping scheduler
2026-02-02 10:44:00 | INFO     | Epoch 88/500 starting
2026-02-02 10:44:00 | DEBUG    | Starting training epoch 88 with 735 batches (batch_log_interval=147)
2026-02-02 10:44:33 | DEBUG    |   Train batch 147/735: loss=0.0336, time=[min=214.2, avg=221.7, max=249.2]ms
2026-02-02 10:45:06 | DEBUG    |   Train batch 294/735: loss=0.0335, time=[min=213.8, avg=221.0, max=243.4]ms
2026-02-02 10:45:38 | DEBUG    |   Train batch 441/735: loss=0.0328, time=[min=213.8, avg=218.8, max=239.8]ms
2026-02-02 10:46:10 | DEBUG    |   Train batch 588/735: loss=0.0335, time=[min=214.1, avg=220.6, max=246.0]ms
2026-02-02 10:46:43 | DEBUG    |   Train batch 735/735: loss=0.0331, time=[min=213.9, avg=220.3, max=245.0]ms
2026-02-02 10:46:43 | DEBUG    | Training epoch 88 complete: avg_loss=0.0333, time=162.93s, avg_batch_time=220.5ms
2026-02-02 10:46:43 | DEBUG    | Starting validation epoch 88 with 184 batches (batch_log_interval=36)
2026-02-02 10:47:11 | DEBUG    |   Valid batch 36/184: loss=0.0370, time=[min=679.4, avg=742.7, max=1195.1]ms
2026-02-02 10:47:37 | DEBUG    |   Valid batch 72/184: loss=0.0367, time=[min=687.6, avg=722.5, max=771.8]ms
2026-02-02 10:48:03 | DEBUG    |   Valid batch 108/184: loss=0.0363, time=[min=682.9, avg=717.3, max=776.1]ms
2026-02-02 10:48:29 | DEBUG    |   Valid batch 144/184: loss=0.0365, time=[min=605.1, avg=720.2, max=891.8]ms
2026-02-02 10:48:54 | DEBUG    |   Valid batch 180/184: loss=0.0373, time=[min=567.7, avg=700.1, max=832.2]ms
2026-02-02 10:48:56 | DEBUG    |   Per-crop SSIM: center=0.6921, corners=0.7620, edges=0.7294
2026-02-02 10:48:56 | DEBUG    | Validation epoch 88 complete: avg_loss=0.0368, time=133.58s, avg_batch_time=717.3ms
2026-02-02 10:48:56 | DEBUG    | Saving epochs CSV
2026-02-02 10:48:56 | INFO     | Epoch 88/500 completed: train_loss=0.0333, valid_loss=0.0368, best=0.0365, time=296.51s (train=162.93s, valid=133.58s), run_avg=296.73s (n=88)
2026-02-02 10:48:56 | DEBUG    | Learning rate: 0.000747
2026-02-02 10:48:56 | INFO     |   Metrics: ssim=0.7398, ms_ssim=0.8448, mae=0.0368, gradient_mae=0.1480, psnr=19.9640, ncc=513589461.8751
2026-02-02 10:48:56 | DEBUG    | Saving latest checkpoint
2026-02-02 10:48:57 | DEBUG    | Stepping scheduler
2026-02-02 10:48:57 | INFO     | Epoch 89/500 starting
2026-02-02 10:48:57 | DEBUG    | Starting training epoch 89 with 735 batches (batch_log_interval=147)
2026-02-02 10:49:30 | DEBUG    |   Train batch 147/735: loss=0.0332, time=[min=214.0, avg=221.0, max=245.9]ms
2026-02-02 10:50:02 | DEBUG    |   Train batch 294/735: loss=0.0334, time=[min=214.5, avg=218.4, max=242.3]ms
2026-02-02 10:50:34 | DEBUG    |   Train batch 441/735: loss=0.0333, time=[min=214.8, avg=218.9, max=236.8]ms
2026-02-02 10:51:07 | DEBUG    |   Train batch 588/735: loss=0.0335, time=[min=214.6, avg=220.4, max=242.8]ms
2026-02-02 10:51:39 | DEBUG    |   Train batch 735/735: loss=0.0332, time=[min=210.1, avg=218.4, max=243.0]ms
2026-02-02 10:51:39 | DEBUG    | Training epoch 89 complete: avg_loss=0.0333, time=162.19s, avg_batch_time=219.4ms
2026-02-02 10:51:39 | DEBUG    | Starting validation epoch 89 with 184 batches (batch_log_interval=36)
2026-02-02 10:52:07 | DEBUG    |   Valid batch 36/184: loss=0.0365, time=[min=681.2, avg=746.9, max=1054.3]ms
2026-02-02 10:52:33 | DEBUG    |   Valid batch 72/184: loss=0.0362, time=[min=584.4, avg=708.8, max=818.4]ms
2026-02-02 10:52:59 | DEBUG    |   Valid batch 108/184: loss=0.0359, time=[min=674.3, avg=723.6, max=769.7]ms
2026-02-02 10:53:25 | DEBUG    |   Valid batch 144/184: loss=0.0362, time=[min=678.7, avg=712.9, max=782.1]ms
2026-02-02 10:53:50 | DEBUG    |   Valid batch 180/184: loss=0.0368, time=[min=563.4, avg=705.4, max=770.1]ms
2026-02-02 10:53:52 | DEBUG    |   Per-crop SSIM: center=0.6919, corners=0.7621, edges=0.7293
2026-02-02 10:53:52 | DEBUG    | Validation epoch 89 complete: avg_loss=0.0364, time=133.35s, avg_batch_time=716.2ms
2026-02-02 10:53:52 | DEBUG    | Saving epochs CSV
2026-02-02 10:53:52 | INFO     | Epoch 89/500 completed: train_loss=0.0333, valid_loss=0.0364, best=0.0365, time=295.55s (train=162.19s, valid=133.35s), run_avg=296.72s (n=89)
2026-02-02 10:53:52 | DEBUG    | Learning rate: 0.000746
2026-02-02 10:53:52 | INFO     |   Metrics: ssim=0.7397, ms_ssim=0.8446, mae=0.0364, gradient_mae=0.1481, psnr=20.0025, ncc=659205240.1374
2026-02-02 10:53:52 | INFO     | New best validation loss: 0.0364 (prev: 0.0365)
2026-02-02 10:53:52 | DEBUG    | Saving best model checkpoint to experiments/train_nn1_cropped/l1_6edbe0/epochs/88
2026-02-02 10:53:53 | DEBUG    | Saving latest checkpoint
2026-02-02 10:53:53 | DEBUG    | Stepping scheduler
2026-02-02 10:53:53 | INFO     | Epoch 90/500 starting
2026-02-02 10:53:53 | DEBUG    | Starting training epoch 90 with 735 batches (batch_log_interval=147)
2026-02-02 10:54:26 | DEBUG    |   Train batch 147/735: loss=0.0329, time=[min=214.0, avg=220.6, max=254.5]ms
2026-02-02 10:54:58 | DEBUG    |   Train batch 294/735: loss=0.0330, time=[min=214.3, avg=217.7, max=238.3]ms
2026-02-02 10:55:31 | DEBUG    |   Train batch 441/735: loss=0.0340, time=[min=214.6, avg=220.3, max=244.3]ms
2026-02-02 10:56:03 | DEBUG    |   Train batch 588/735: loss=0.0336, time=[min=215.1, avg=220.3, max=243.9]ms
2026-02-02 10:56:35 | DEBUG    |   Train batch 735/735: loss=0.0338, time=[min=214.7, avg=217.5, max=233.9]ms
2026-02-02 10:56:35 | DEBUG    | Training epoch 90 complete: avg_loss=0.0335, time=162.01s, avg_batch_time=219.3ms
2026-02-02 10:56:35 | DEBUG    | Starting validation epoch 90 with 184 batches (batch_log_interval=36)
2026-02-02 10:57:04 | DEBUG    |   Valid batch 36/184: loss=0.0369, time=[min=694.1, avg=734.4, max=970.7]ms
2026-02-02 10:57:30 | DEBUG    |   Valid batch 72/184: loss=0.0365, time=[min=671.4, avg=716.4, max=764.9]ms
2026-02-02 10:57:56 | DEBUG    |   Valid batch 108/184: loss=0.0363, time=[min=668.0, avg=710.8, max=769.5]ms
2026-02-02 10:58:22 | DEBUG    |   Valid batch 144/184: loss=0.0364, time=[min=586.4, avg=730.1, max=924.9]ms
2026-02-02 10:58:47 | DEBUG    |   Valid batch 180/184: loss=0.0371, time=[min=565.7, avg=687.4, max=792.9]ms
2026-02-02 10:58:49 | DEBUG    |   Per-crop SSIM: center=0.6920, corners=0.7617, edges=0.7292
2026-02-02 10:58:49 | DEBUG    | Validation epoch 90 complete: avg_loss=0.0367, time=133.66s, avg_batch_time=712.6ms
2026-02-02 10:58:49 | DEBUG    | Saving epochs CSV
2026-02-02 10:58:49 | INFO     | Epoch 90/500 completed: train_loss=0.0335, valid_loss=0.0367, best=0.0364, time=295.67s (train=162.01s, valid=133.66s), run_avg=296.71s (n=90)
2026-02-02 10:58:49 | DEBUG    | Learning rate: 0.000745
2026-02-02 10:58:49 | INFO     |   Metrics: ssim=0.7395, ms_ssim=0.8447, mae=0.0367, gradient_mae=0.1480, psnr=19.9817, ncc=724719405.6038
2026-02-02 10:58:49 | DEBUG    | Saving latest checkpoint
2026-02-02 10:58:50 | DEBUG    | Stepping scheduler
2026-02-02 10:58:50 | INFO     | Epoch 91/500 starting
2026-02-02 10:58:50 | DEBUG    | Starting training epoch 91 with 735 batches (batch_log_interval=147)
2026-02-02 10:59:23 | DEBUG    |   Train batch 147/735: loss=0.0334, time=[min=214.2, avg=220.5, max=245.1]ms
2026-02-02 10:59:55 | DEBUG    |   Train batch 294/735: loss=0.0331, time=[min=214.3, avg=220.2, max=246.3]ms
2026-02-02 11:00:27 | DEBUG    |   Train batch 441/735: loss=0.0331, time=[min=214.3, avg=218.5, max=253.5]ms
2026-02-02 11:01:00 | DEBUG    |   Train batch 588/735: loss=0.0337, time=[min=214.7, avg=220.7, max=244.8]ms
2026-02-02 11:01:32 | DEBUG    |   Train batch 735/735: loss=0.0330, time=[min=214.6, avg=219.1, max=237.8]ms
2026-02-02 11:01:32 | DEBUG    | Training epoch 91 complete: avg_loss=0.0333, time=162.49s, avg_batch_time=219.8ms
2026-02-02 11:01:32 | DEBUG    | Starting validation epoch 91 with 184 batches (batch_log_interval=36)
2026-02-02 11:02:01 | DEBUG    |   Valid batch 36/184: loss=nan, time=[min=689.6, avg=750.2, max=1056.6]ms
2026-02-02 11:02:27 | DEBUG    |   Valid batch 72/184: loss=0.0367, time=[min=609.5, avg=715.4, max=891.9]ms
2026-02-02 11:02:52 | DEBUG    |   Valid batch 108/184: loss=nan, time=[min=581.8, avg=720.1, max=847.3]ms
2026-02-02 11:03:18 | DEBUG    |   Valid batch 144/184: loss=nan, time=[min=584.4, avg=719.9, max=827.6]ms
2026-02-02 11:03:44 | DEBUG    |   Valid batch 180/184: loss=0.0372, time=[min=564.9, avg=704.0, max=839.4]ms
2026-02-02 11:03:46 | DEBUG    |   Per-crop SSIM: center=0.6917, corners=nan, edges=nan
2026-02-02 11:03:46 | DEBUG    | Validation epoch 91 complete: avg_loss=nan, time=133.93s, avg_batch_time=718.6ms
2026-02-02 11:03:46 | DEBUG    | Saving epochs CSV
2026-02-02 11:03:46 | INFO     | Epoch 91/500 completed: train_loss=0.0333, valid_loss=nan, best=0.0364, time=296.41s (train=162.49s, valid=133.93s), run_avg=296.70s (n=91)
2026-02-02 11:03:46 | DEBUG    | Learning rate: 0.000743
2026-02-02 11:03:46 | INFO     |   Metrics: 
2026-02-02 11:03:46 | DEBUG    | Saving latest checkpoint
2026-02-02 11:03:47 | DEBUG    | Stepping scheduler
2026-02-02 11:03:47 | INFO     | Epoch 92/500 starting
2026-02-02 11:03:47 | DEBUG    | Starting training epoch 92 with 735 batches (batch_log_interval=147)
2026-02-02 11:04:20 | DEBUG    |   Train batch 147/735: loss=0.0333, time=[min=214.4, avg=223.7, max=260.2]ms
2026-02-02 11:04:53 | DEBUG    |   Train batch 294/735: loss=0.0333, time=[min=214.6, avg=220.4, max=250.2]ms
2026-02-02 11:05:25 | DEBUG    |   Train batch 441/735: loss=0.0334, time=[min=210.4, avg=221.8, max=243.9]ms
2026-02-02 11:05:58 | DEBUG    |   Train batch 588/735: loss=0.0329, time=[min=214.5, avg=223.4, max=252.0]ms
2026-02-02 11:06:31 | DEBUG    |   Train batch 735/735: loss=0.0330, time=[min=214.8, avg=220.0, max=235.2]ms
2026-02-02 11:06:31 | DEBUG    | Training epoch 92 complete: avg_loss=0.0332, time=163.97s, avg_batch_time=221.8ms
2026-02-02 11:06:31 | DEBUG    | Starting validation epoch 92 with 184 batches (batch_log_interval=36)
2026-02-02 11:06:59 | DEBUG    |   Valid batch 36/184: loss=0.0367, time=[min=683.8, avg=746.6, max=1194.1]ms
2026-02-02 11:07:25 | DEBUG    |   Valid batch 72/184: loss=0.0363, time=[min=684.6, avg=721.5, max=775.9]ms
2026-02-02 11:07:51 | DEBUG    |   Valid batch 108/184: loss=0.0360, time=[min=685.3, avg=721.7, max=775.7]ms
2026-02-02 11:08:17 | DEBUG    |   Valid batch 144/184: loss=0.0361, time=[min=685.3, avg=727.9, max=776.2]ms
2026-02-02 11:08:43 | DEBUG    |   Valid batch 180/184: loss=0.0369, time=[min=566.0, avg=700.1, max=762.2]ms
2026-02-02 11:08:45 | DEBUG    |   Per-crop SSIM: center=0.6915, corners=0.7615, edges=0.7288
2026-02-02 11:08:45 | DEBUG    | Validation epoch 92 complete: avg_loss=0.0364, time=134.24s, avg_batch_time=720.2ms
2026-02-02 11:08:45 | DEBUG    | Saving epochs CSV
2026-02-02 11:08:45 | INFO     | Epoch 92/500 completed: train_loss=0.0332, valid_loss=0.0364, best=0.0364, time=298.22s (train=163.97s, valid=134.24s), run_avg=296.72s (n=92)
2026-02-02 11:08:45 | DEBUG    | Learning rate: 0.000742
2026-02-02 11:08:45 | INFO     |   Metrics: ssim=0.7392, ms_ssim=0.8436, mae=0.0364, gradient_mae=0.1487, psnr=19.9590, ncc=715024045.8241
2026-02-02 11:08:45 | DEBUG    | Saving latest checkpoint
2026-02-02 11:08:45 | DEBUG    | Stepping scheduler
2026-02-02 11:08:45 | INFO     | Epoch 93/500 starting
2026-02-02 11:08:45 | DEBUG    | Starting training epoch 93 with 735 batches (batch_log_interval=147)
2026-02-02 11:09:19 | DEBUG    |   Train batch 147/735: loss=0.0338, time=[min=214.2, avg=222.5, max=245.3]ms
2026-02-02 11:09:51 | DEBUG    |   Train batch 294/735: loss=0.0336, time=[min=214.3, avg=220.7, max=241.0]ms
2026-02-02 11:10:24 | DEBUG    |   Train batch 441/735: loss=0.0338, time=[min=214.6, avg=219.7, max=260.2]ms
2026-02-02 11:10:56 | DEBUG    |   Train batch 588/735: loss=0.0332, time=[min=214.5, avg=221.9, max=246.8]ms
2026-02-02 11:11:29 | DEBUG    |   Train batch 735/735: loss=0.0336, time=[min=214.6, avg=219.6, max=242.5]ms
2026-02-02 11:11:29 | DEBUG    | Training epoch 93 complete: avg_loss=0.0336, time=163.18s, avg_batch_time=220.9ms
2026-02-02 11:11:29 | DEBUG    | Starting validation epoch 93 with 184 batches (batch_log_interval=36)
2026-02-02 11:11:57 | DEBUG    |   Valid batch 36/184: loss=0.0368, time=[min=685.4, avg=750.2, max=1200.3]ms
2026-02-02 11:12:23 | DEBUG    |   Valid batch 72/184: loss=0.0366, time=[min=681.7, avg=712.4, max=762.0]ms
2026-02-02 11:12:49 | DEBUG    |   Valid batch 108/184: loss=0.0362, time=[min=584.5, avg=729.2, max=949.0]ms
2026-02-02 11:13:15 | DEBUG    |   Valid batch 144/184: loss=0.0364, time=[min=584.9, avg=714.8, max=780.2]ms
2026-02-02 11:13:40 | DEBUG    |   Valid batch 180/184: loss=0.0371, time=[min=566.5, avg=704.2, max=774.3]ms
2026-02-02 11:13:43 | DEBUG    |   Per-crop SSIM: center=0.6918, corners=0.7618, edges=0.7291
2026-02-02 11:13:43 | DEBUG    | Validation epoch 93 complete: avg_loss=0.0366, time=133.87s, avg_batch_time=718.8ms
2026-02-02 11:13:43 | DEBUG    | Saving epochs CSV
2026-02-02 11:13:43 | INFO     | Epoch 93/500 completed: train_loss=0.0336, valid_loss=0.0366, best=0.0364, time=297.05s (train=163.18s, valid=133.87s), run_avg=296.72s (n=93)
2026-02-02 11:13:43 | DEBUG    | Learning rate: 0.000741
2026-02-02 11:13:43 | INFO     |   Metrics: ssim=0.7395, ms_ssim=0.8436, mae=0.0366, gradient_mae=0.1482, psnr=19.8037, ncc=695412766.6479
2026-02-02 11:13:43 | DEBUG    | Saving latest checkpoint
2026-02-02 11:13:43 | DEBUG    | Stepping scheduler
2026-02-02 11:13:43 | INFO     | Epoch 94/500 starting
2026-02-02 11:13:43 | DEBUG    | Starting training epoch 94 with 735 batches (batch_log_interval=147)
2026-02-02 11:14:17 | DEBUG    |   Train batch 147/735: loss=0.0332, time=[min=214.1, avg=222.4, max=247.4]ms
2026-02-02 11:14:49 | DEBUG    |   Train batch 294/735: loss=0.0330, time=[min=214.2, avg=219.2, max=235.9]ms
2026-02-02 11:15:22 | DEBUG    |   Train batch 441/735: loss=0.0329, time=[min=214.4, avg=222.0, max=243.7]ms
2026-02-02 11:15:54 | DEBUG    |   Train batch 588/735: loss=0.0331, time=[min=214.5, avg=221.8, max=246.2]ms
2026-02-02 11:16:26 | DEBUG    |   Train batch 735/735: loss=0.0329, time=[min=214.6, avg=218.6, max=237.4]ms
2026-02-02 11:16:26 | DEBUG    | Training epoch 94 complete: avg_loss=0.0330, time=163.19s, avg_batch_time=220.8ms
2026-02-02 11:16:26 | DEBUG    | Starting validation epoch 94 with 184 batches (batch_log_interval=36)
2026-02-02 11:16:55 | DEBUG    |   Valid batch 36/184: loss=0.0365, time=[min=681.7, avg=743.8, max=1071.3]ms
2026-02-02 11:17:21 | DEBUG    |   Valid batch 72/184: loss=0.0364, time=[min=584.7, avg=718.0, max=833.9]ms
2026-02-02 11:17:47 | DEBUG    |   Valid batch 108/184: loss=0.0360, time=[min=680.5, avg=722.6, max=775.9]ms
2026-02-02 11:18:13 | DEBUG    |   Valid batch 144/184: loss=0.0362, time=[min=684.5, avg=726.1, max=776.6]ms
2026-02-02 11:18:38 | DEBUG    |   Valid batch 180/184: loss=0.0369, time=[min=566.6, avg=698.9, max=771.5]ms
2026-02-02 11:18:40 | DEBUG    |   Per-crop SSIM: center=0.6922, corners=0.7619, edges=0.7294
2026-02-02 11:18:40 | DEBUG    | Validation epoch 94 complete: avg_loss=0.0364, time=134.15s, avg_batch_time=718.6ms
2026-02-02 11:18:40 | DEBUG    | Saving epochs CSV
2026-02-02 11:18:40 | INFO     | Epoch 94/500 completed: train_loss=0.0330, valid_loss=0.0364, best=0.0364, time=297.33s (train=163.19s, valid=134.15s), run_avg=296.73s (n=94)
2026-02-02 11:18:40 | DEBUG    | Learning rate: 0.000739
2026-02-02 11:18:40 | INFO     |   Metrics: ssim=0.7397, ms_ssim=0.8452, mae=0.0364, gradient_mae=0.1481, psnr=19.9683, ncc=868192032.2826
2026-02-02 11:18:40 | DEBUG    | Saving latest checkpoint
2026-02-02 11:18:41 | DEBUG    | Stepping scheduler
2026-02-02 11:18:41 | INFO     | Epoch 95/500 starting
2026-02-02 11:18:41 | DEBUG    | Starting training epoch 95 with 735 batches (batch_log_interval=147)
2026-02-02 11:19:14 | DEBUG    |   Train batch 147/735: loss=0.0329, time=[min=214.4, avg=221.8, max=250.0]ms
2026-02-02 11:19:47 | DEBUG    |   Train batch 294/735: loss=0.0328, time=[min=210.6, avg=219.8, max=239.1]ms
2026-02-02 11:20:19 | DEBUG    |   Train batch 441/735: loss=0.0330, time=[min=214.9, avg=220.5, max=246.5]ms
2026-02-02 11:20:52 | DEBUG    |   Train batch 588/735: loss=0.0326, time=[min=214.6, avg=222.3, max=250.3]ms
2026-02-02 11:21:24 | DEBUG    |   Train batch 735/735: loss=0.0334, time=[min=214.5, avg=218.8, max=246.6]ms
2026-02-02 11:21:24 | DEBUG    | Training epoch 95 complete: avg_loss=0.0330, time=162.97s, avg_batch_time=220.6ms
2026-02-02 11:21:24 | DEBUG    | Starting validation epoch 95 with 184 batches (batch_log_interval=36)
2026-02-02 11:21:53 | DEBUG    |   Valid batch 36/184: loss=0.0366, time=[min=680.0, avg=748.6, max=1037.4]ms
2026-02-02 11:22:19 | DEBUG    |   Valid batch 72/184: loss=0.0363, time=[min=604.3, avg=717.4, max=926.2]ms
2026-02-02 11:22:45 | DEBUG    |   Valid batch 108/184: loss=0.0360, time=[min=581.7, avg=716.6, max=794.0]ms
2026-02-02 11:23:11 | DEBUG    |   Valid batch 144/184: loss=0.0361, time=[min=593.2, avg=723.9, max=929.6]ms
2026-02-02 11:23:36 | DEBUG    |   Valid batch 180/184: loss=0.0369, time=[min=566.2, avg=700.8, max=847.7]ms
2026-02-02 11:23:38 | DEBUG    |   Per-crop SSIM: center=0.6921, corners=0.7622, edges=0.7295
2026-02-02 11:23:38 | DEBUG    | Validation epoch 95 complete: avg_loss=0.0364, time=134.23s, avg_batch_time=718.2ms
2026-02-02 11:23:38 | DEBUG    | Saving epochs CSV
2026-02-02 11:23:38 | INFO     | Epoch 95/500 completed: train_loss=0.0330, valid_loss=0.0364, best=0.0364, time=297.20s (train=162.97s, valid=134.23s), run_avg=296.73s (n=95)
2026-02-02 11:23:38 | DEBUG    | Learning rate: 0.000738
2026-02-02 11:23:38 | INFO     |   Metrics: ssim=0.7399, ms_ssim=0.8449, mae=0.0364, gradient_mae=0.1480, psnr=19.9733, ncc=786860951.3596
2026-02-02 11:23:38 | DEBUG    | Saving latest checkpoint
2026-02-02 11:23:39 | DEBUG    | Stepping scheduler
2026-02-02 11:23:39 | INFO     | Epoch 96/500 starting
2026-02-02 11:23:39 | DEBUG    | Starting training epoch 96 with 735 batches (batch_log_interval=147)
2026-02-02 11:24:12 | DEBUG    |   Train batch 147/735: loss=0.0328, time=[min=213.8, avg=222.5, max=244.8]ms
2026-02-02 11:24:45 | DEBUG    |   Train batch 294/735: loss=0.0331, time=[min=214.4, avg=220.2, max=245.2]ms
2026-02-02 11:25:17 | DEBUG    |   Train batch 441/735: loss=0.0328, time=[min=214.9, avg=220.5, max=245.0]ms
2026-02-02 11:25:50 | DEBUG    |   Train batch 588/735: loss=0.0326, time=[min=214.7, avg=221.2, max=244.9]ms
2026-02-02 11:26:22 | DEBUG    |   Train batch 735/735: loss=0.0330, time=[min=214.5, avg=219.1, max=233.5]ms
2026-02-02 11:26:22 | DEBUG    | Training epoch 96 complete: avg_loss=0.0328, time=163.08s, avg_batch_time=220.7ms
2026-02-02 11:26:22 | DEBUG    | Starting validation epoch 96 with 184 batches (batch_log_interval=36)
2026-02-02 11:26:50 | DEBUG    |   Valid batch 36/184: loss=0.0365, time=[min=677.3, avg=710.8, max=1050.9]ms
2026-02-02 11:27:16 | DEBUG    |   Valid batch 72/184: loss=0.0362, time=[min=587.6, avg=730.4, max=881.3]ms
2026-02-02 11:27:41 | DEBUG    |   Valid batch 108/184: loss=0.0359, time=[min=677.6, avg=699.4, max=717.3]ms
2026-02-02 11:28:08 | DEBUG    |   Valid batch 144/184: loss=0.0360, time=[min=677.1, avg=734.5, max=771.1]ms
2026-02-02 11:28:33 | DEBUG    |   Valid batch 180/184: loss=0.0367, time=[min=568.1, avg=688.9, max=848.0]ms
2026-02-02 11:28:35 | DEBUG    |   Per-crop SSIM: center=0.6925, corners=0.7623, edges=0.7297
2026-02-02 11:28:35 | DEBUG    | Validation epoch 96 complete: avg_loss=0.0363, time=132.98s, avg_batch_time=709.7ms
2026-02-02 11:28:35 | DEBUG    | Saving epochs CSV
2026-02-02 11:28:35 | INFO     | Epoch 96/500 completed: train_loss=0.0328, valid_loss=0.0363, best=0.0364, time=296.06s (train=163.08s, valid=132.98s), run_avg=296.73s (n=96)
2026-02-02 11:28:35 | DEBUG    | Learning rate: 0.000737
2026-02-02 11:28:35 | INFO     |   Metrics: ssim=0.7401, ms_ssim=0.8448, mae=0.0363, gradient_mae=0.1478, psnr=19.9435, ncc=872095049.6759
2026-02-02 11:28:35 | INFO     | New best validation loss: 0.0363 (prev: 0.0364)
2026-02-02 11:28:35 | DEBUG    | Saving best model checkpoint to experiments/train_nn1_cropped/l1_6edbe0/epochs/95
2026-02-02 11:28:35 | DEBUG    | Saving latest checkpoint
2026-02-02 11:28:36 | DEBUG    | Stepping scheduler
2026-02-02 11:28:36 | INFO     | Epoch 97/500 starting
2026-02-02 11:28:36 | DEBUG    | Starting training epoch 97 with 735 batches (batch_log_interval=147)
2026-02-02 11:29:09 | DEBUG    |   Train batch 147/735: loss=0.0327, time=[min=214.5, avg=220.9, max=256.5]ms
2026-02-02 11:29:42 | DEBUG    |   Train batch 294/735: loss=0.0330, time=[min=214.1, avg=220.2, max=252.1]ms
2026-02-02 11:30:14 | DEBUG    |   Train batch 441/735: loss=0.0336, time=[min=214.7, avg=217.1, max=235.1]ms
2026-02-02 11:30:46 | DEBUG    |   Train batch 588/735: loss=0.0341, time=[min=214.3, avg=220.6, max=243.2]ms
2026-02-02 11:31:18 | DEBUG    |   Train batch 735/735: loss=0.0334, time=[min=211.2, avg=219.5, max=245.9]ms
2026-02-02 11:31:18 | DEBUG    | Training epoch 97 complete: avg_loss=0.0333, time=162.45s, avg_batch_time=219.7ms
2026-02-02 11:31:18 | DEBUG    | Starting validation epoch 97 with 184 batches (batch_log_interval=36)
2026-02-02 11:31:46 | DEBUG    |   Valid batch 36/184: loss=0.0371, time=[min=585.0, avg=719.0, max=1035.2]ms
2026-02-02 11:32:12 | DEBUG    |   Valid batch 72/184: loss=0.0369, time=[min=604.4, avg=730.4, max=856.4]ms
2026-02-02 11:32:37 | DEBUG    |   Valid batch 108/184: loss=0.0365, time=[min=581.9, avg=698.0, max=844.8]ms
2026-02-02 11:33:04 | DEBUG    |   Valid batch 144/184: loss=0.0367, time=[min=583.5, avg=728.4, max=842.4]ms
2026-02-02 11:33:29 | DEBUG    |   Valid batch 180/184: loss=0.0374, time=[min=567.6, avg=687.9, max=842.7]ms
2026-02-02 11:33:31 | DEBUG    |   Per-crop SSIM: center=0.6914, corners=0.7614, edges=0.7287
2026-02-02 11:33:31 | DEBUG    | Validation epoch 97 complete: avg_loss=0.0370, time=132.37s, avg_batch_time=709.8ms
2026-02-02 11:33:31 | DEBUG    | Saving epochs CSV
2026-02-02 11:33:31 | INFO     | Epoch 97/500 completed: train_loss=0.0333, valid_loss=0.0370, best=0.0363, time=294.81s (train=162.45s, valid=132.37s), run_avg=296.71s (n=97)
2026-02-02 11:33:31 | DEBUG    | Learning rate: 0.000735
2026-02-02 11:33:31 | INFO     |   Metrics: ssim=0.7391, ms_ssim=0.8437, mae=0.0370, gradient_mae=0.1482, psnr=19.9666, ncc=413572442.7465
2026-02-02 11:33:31 | DEBUG    | Saving latest checkpoint
2026-02-02 11:33:32 | DEBUG    | Stepping scheduler
2026-02-02 11:33:32 | INFO     | Epoch 98/500 starting
2026-02-02 11:33:32 | DEBUG    | Starting training epoch 98 with 735 batches (batch_log_interval=147)
2026-02-02 11:34:05 | DEBUG    |   Train batch 147/735: loss=0.0334, time=[min=214.5, avg=221.2, max=267.7]ms
2026-02-02 11:34:37 | DEBUG    |   Train batch 294/735: loss=0.0332, time=[min=214.3, avg=221.4, max=259.4]ms
2026-02-02 11:35:10 | DEBUG    |   Train batch 441/735: loss=0.0328, time=[min=214.9, avg=218.0, max=239.2]ms
2026-02-02 11:35:42 | DEBUG    |   Train batch 588/735: loss=0.0331, time=[min=214.6, avg=220.9, max=240.1]ms
2026-02-02 11:36:14 | DEBUG    |   Train batch 735/735: loss=0.0330, time=[min=214.4, avg=220.6, max=244.9]ms
2026-02-02 11:36:14 | DEBUG    | Training epoch 98 complete: avg_loss=0.0331, time=162.90s, avg_batch_time=220.4ms
2026-02-02 11:36:14 | DEBUG    | Starting validation epoch 98 with 184 batches (batch_log_interval=36)
2026-02-02 11:36:43 | DEBUG    |   Valid batch 36/184: loss=0.0368, time=[min=675.8, avg=741.1, max=1043.3]ms
2026-02-02 11:37:08 | DEBUG    |   Valid batch 72/184: loss=0.0366, time=[min=585.0, avg=707.6, max=800.9]ms
2026-02-02 11:37:34 | DEBUG    |   Valid batch 108/184: loss=0.0363, time=[min=582.7, avg=717.3, max=789.8]ms
2026-02-02 11:38:00 | DEBUG    |   Valid batch 144/184: loss=0.0365, time=[min=583.2, avg=712.2, max=910.7]ms
2026-02-02 11:38:25 | DEBUG    |   Valid batch 180/184: loss=0.0371, time=[min=565.9, avg=703.5, max=810.0]ms
2026-02-02 11:38:27 | DEBUG    |   Per-crop SSIM: center=0.6912, corners=0.7610, edges=0.7284
2026-02-02 11:38:27 | DEBUG    | Validation epoch 98 complete: avg_loss=0.0367, time=132.93s, avg_batch_time=713.1ms
2026-02-02 11:38:27 | DEBUG    | Saving epochs CSV
2026-02-02 11:38:27 | INFO     | Epoch 98/500 completed: train_loss=0.0331, valid_loss=0.0367, best=0.0363, time=295.83s (train=162.90s, valid=132.93s), run_avg=296.70s (n=98)
2026-02-02 11:38:27 | DEBUG    | Learning rate: 0.000734
2026-02-02 11:38:27 | INFO     |   Metrics: ssim=0.7388, ms_ssim=0.8435, mae=0.0367, gradient_mae=0.1490, psnr=19.7378, ncc=360137867.5550
2026-02-02 11:38:27 | DEBUG    | Saving latest checkpoint
2026-02-02 11:38:28 | DEBUG    | Stepping scheduler
2026-02-02 11:38:28 | INFO     | Epoch 99/500 starting
2026-02-02 11:38:28 | DEBUG    | Starting training epoch 99 with 735 batches (batch_log_interval=147)
2026-02-02 11:39:01 | DEBUG    |   Train batch 147/735: loss=0.0331, time=[min=214.1, avg=222.3, max=247.3]ms
2026-02-02 11:39:34 | DEBUG    |   Train batch 294/735: loss=0.0328, time=[min=214.6, avg=220.3, max=245.8]ms
2026-02-02 11:40:06 | DEBUG    |   Train batch 441/735: loss=0.0330, time=[min=214.3, avg=221.3, max=262.9]ms
2026-02-02 11:40:39 | DEBUG    |   Train batch 588/735: loss=0.0328, time=[min=214.5, avg=221.5, max=249.2]ms
2026-02-02 11:41:11 | DEBUG    |   Train batch 735/735: loss=0.0329, time=[min=214.6, avg=218.3, max=243.4]ms
2026-02-02 11:41:11 | DEBUG    | Training epoch 99 complete: avg_loss=0.0329, time=163.16s, avg_batch_time=220.7ms
2026-02-02 11:41:11 | DEBUG    | Starting validation epoch 99 with 184 batches (batch_log_interval=36)
2026-02-02 11:41:40 | DEBUG    |   Valid batch 36/184: loss=nan, time=[min=585.7, avg=745.9, max=1118.0]ms
2026-02-02 11:42:06 | DEBUG    |   Valid batch 72/184: loss=nan, time=[min=679.8, avg=714.5, max=767.9]ms
2026-02-02 11:42:32 | DEBUG    |   Valid batch 108/184: loss=0.0359, time=[min=677.5, avg=724.4, max=777.0]ms
2026-02-02 11:42:58 | DEBUG    |   Valid batch 144/184: loss=nan, time=[min=685.5, avg=722.2, max=767.0]ms
2026-02-02 11:43:23 | DEBUG    |   Valid batch 180/184: loss=nan, time=[min=565.4, avg=703.7, max=785.4]ms
2026-02-02 11:43:25 | DEBUG    |   Per-crop SSIM: center=nan, corners=nan, edges=nan
2026-02-02 11:43:25 | DEBUG    | Validation epoch 99 complete: avg_loss=nan, time=134.08s, avg_batch_time=718.8ms
2026-02-02 11:43:25 | DEBUG    | Saving epochs CSV
2026-02-02 11:43:25 | INFO     | Epoch 99/500 completed: train_loss=0.0329, valid_loss=nan, best=0.0363, time=297.24s (train=163.16s, valid=134.08s), run_avg=296.70s (n=99)
2026-02-02 11:43:25 | DEBUG    | Learning rate: 0.000732
2026-02-02 11:43:25 | INFO     |   Metrics: 
2026-02-02 11:43:25 | DEBUG    | Saving latest checkpoint
2026-02-02 11:43:26 | DEBUG    | Stepping scheduler
2026-02-02 11:43:26 | INFO     | Epoch 100/500 starting
2026-02-02 11:43:26 | DEBUG    | Starting training epoch 100 with 735 batches (batch_log_interval=147)
2026-02-02 11:43:59 | DEBUG    |   Train batch 147/735: loss=0.0326, time=[min=214.4, avg=220.9, max=245.5]ms
2026-02-02 11:44:31 | DEBUG    |   Train batch 294/735: loss=0.0331, time=[min=214.7, avg=218.5, max=246.4]ms
2026-02-02 11:45:04 | DEBUG    |   Train batch 441/735: loss=0.0326, time=[min=214.5, avg=219.6, max=241.0]ms
2026-02-02 11:45:36 | DEBUG    |   Train batch 588/735: loss=0.0328, time=[min=210.9, avg=220.5, max=241.2]ms
2026-02-02 11:46:08 | DEBUG    |   Train batch 735/735: loss=0.0328, time=[min=214.8, avg=217.9, max=234.6]ms
2026-02-02 11:46:08 | DEBUG    | Training epoch 100 complete: avg_loss=0.0328, time=162.22s, avg_batch_time=219.5ms
2026-02-02 11:46:08 | DEBUG    | Starting validation epoch 100 with 184 batches (batch_log_interval=36)
2026-02-02 11:46:37 | DEBUG    |   Valid batch 36/184: loss=0.0365, time=[min=684.8, avg=753.7, max=1210.1]ms
2026-02-02 11:47:02 | DEBUG    |   Valid batch 72/184: loss=0.0363, time=[min=684.3, avg=713.2, max=764.9]ms
2026-02-02 11:47:28 | DEBUG    |   Valid batch 108/184: loss=0.0359, time=[min=677.7, avg=722.2, max=775.4]ms
2026-02-02 11:47:55 | DEBUG    |   Valid batch 144/184: loss=0.0361, time=[min=583.6, avg=723.0, max=840.8]ms
2026-02-02 11:48:20 | DEBUG    |   Valid batch 180/184: loss=0.0368, time=[min=565.5, avg=705.6, max=861.0]ms
2026-02-02 11:48:22 | DEBUG    |   Per-crop SSIM: center=0.6923, corners=0.7624, edges=0.7297
2026-02-02 11:48:22 | DEBUG    | Validation epoch 100 complete: avg_loss=0.0364, time=134.12s, avg_batch_time=720.2ms
2026-02-02 11:48:22 | DEBUG    | Saving epochs CSV
2026-02-02 11:48:22 | INFO     | Epoch 100/500 completed: train_loss=0.0328, valid_loss=0.0364, best=0.0363, time=296.34s (train=162.22s, valid=134.12s), run_avg=296.70s (n=100)
2026-02-02 11:48:22 | DEBUG    | Learning rate: 0.000731
2026-02-02 11:48:22 | INFO     |   Metrics: ssim=0.7401, ms_ssim=0.8452, mae=0.0364, gradient_mae=0.1482, psnr=19.9787, ncc=1155100757.4336
2026-02-02 11:48:22 | DEBUG    | Saving latest checkpoint
2026-02-02 11:48:23 | DEBUG    | Stepping scheduler
2026-02-02 11:48:23 | INFO     | Epoch 101/500 starting
2026-02-02 11:48:23 | DEBUG    | Starting training epoch 101 with 735 batches (batch_log_interval=147)
2026-02-02 11:48:56 | DEBUG    |   Train batch 147/735: loss=0.0326, time=[min=214.4, avg=222.7, max=245.7]ms
2026-02-02 11:49:29 | DEBUG    |   Train batch 294/735: loss=0.0324, time=[min=214.4, avg=220.6, max=265.3]ms
2026-02-02 11:50:01 | DEBUG    |   Train batch 441/735: loss=0.0329, time=[min=214.7, avg=221.4, max=244.5]ms
2026-02-02 11:50:34 | DEBUG    |   Train batch 588/735: loss=0.0327, time=[min=214.8, avg=221.4, max=247.2]ms
2026-02-02 11:51:06 | DEBUG    |   Train batch 735/735: loss=0.0327, time=[min=214.3, avg=218.4, max=240.7]ms
2026-02-02 11:51:06 | DEBUG    | Training epoch 101 complete: avg_loss=0.0327, time=163.32s, avg_batch_time=220.9ms
2026-02-02 11:51:06 | DEBUG    | Starting validation epoch 101 with 184 batches (batch_log_interval=36)
2026-02-02 11:51:35 | DEBUG    |   Valid batch 36/184: loss=0.0369, time=[min=677.9, avg=753.9, max=1197.0]ms
2026-02-02 11:52:00 | DEBUG    |   Valid batch 72/184: loss=0.0366, time=[min=680.5, avg=710.8, max=772.8]ms
2026-02-02 11:52:27 | DEBUG    |   Valid batch 108/184: loss=0.0362, time=[min=679.4, avg=725.5, max=772.5]ms
2026-02-02 11:52:52 | DEBUG    |   Valid batch 144/184: loss=0.0365, time=[min=582.6, avg=715.7, max=823.8]ms
2026-02-02 11:53:18 | DEBUG    |   Valid batch 180/184: loss=0.0371, time=[min=566.5, avg=705.9, max=767.3]ms
2026-02-02 11:53:20 | DEBUG    |   Per-crop SSIM: center=0.6933, corners=0.7629, edges=0.7304
2026-02-02 11:53:20 | DEBUG    | Validation epoch 101 complete: avg_loss=0.0367, time=133.90s, avg_batch_time=719.1ms
2026-02-02 11:53:20 | DEBUG    | Saving epochs CSV
2026-02-02 11:53:20 | INFO     | Epoch 101/500 completed: train_loss=0.0327, valid_loss=0.0367, best=0.0363, time=297.22s (train=163.32s, valid=133.90s), run_avg=296.70s (n=101)
2026-02-02 11:53:20 | DEBUG    | Learning rate: 0.000730
2026-02-02 11:53:20 | INFO     |   Metrics: ssim=0.7407, ms_ssim=0.8464, mae=0.0367, gradient_mae=0.1473, psnr=19.9998, ncc=1171531208.0026
2026-02-02 11:53:20 | DEBUG    | Saving latest checkpoint
2026-02-02 11:53:21 | DEBUG    | Stepping scheduler
2026-02-02 11:53:21 | INFO     | Epoch 102/500 starting
2026-02-02 11:53:21 | DEBUG    | Starting training epoch 102 with 735 batches (batch_log_interval=147)
2026-02-02 11:53:54 | DEBUG    |   Train batch 147/735: loss=0.0327, time=[min=214.3, avg=221.7, max=245.2]ms
2026-02-02 11:54:26 | DEBUG    |   Train batch 294/735: loss=0.0328, time=[min=214.8, avg=219.2, max=246.3]ms
2026-02-02 11:55:00 | DEBUG    |   Train batch 441/735: loss=0.0331, time=[min=214.4, avg=227.4, max=345.2]ms
2026-02-02 11:55:34 | DEBUG    |   Train batch 588/735: loss=0.0327, time=[min=226.2, avg=233.8, max=252.9]ms
2026-02-02 11:56:09 | DEBUG    |   Train batch 735/735: loss=0.0331, time=[min=225.0, avg=237.5, max=276.4]ms
2026-02-02 11:56:09 | DEBUG    | Training epoch 102 complete: avg_loss=0.0329, time=168.41s, avg_batch_time=227.9ms
2026-02-02 11:56:09 | DEBUG    | Starting validation epoch 102 with 184 batches (batch_log_interval=36)
2026-02-02 11:56:40 | DEBUG    |   Valid batch 36/184: loss=0.0376, time=[min=717.4, avg=793.9, max=1122.5]ms
2026-02-02 11:57:07 | DEBUG    |   Valid batch 72/184: loss=0.0373, time=[min=717.5, avg=749.9, max=799.7]ms
2026-02-02 11:57:34 | DEBUG    |   Valid batch 108/184: loss=0.0372, time=[min=709.2, avg=763.9, max=806.2]ms
2026-02-02 11:58:02 | DEBUG    |   Valid batch 144/184: loss=0.0373, time=[min=705.7, avg=766.3, max=824.8]ms
2026-02-02 11:58:29 | DEBUG    |   Valid batch 180/184: loss=0.0380, time=[min=611.1, avg=743.0, max=812.7]ms
2026-02-02 11:58:31 | DEBUG    |   Per-crop SSIM: center=0.6911, corners=0.7587, edges=0.7275
2026-02-02 11:58:31 | DEBUG    | Validation epoch 102 complete: avg_loss=0.0375, time=142.03s, avg_batch_time=760.0ms
2026-02-02 11:58:31 | DEBUG    | Saving epochs CSV
2026-02-02 11:58:31 | INFO     | Epoch 102/500 completed: train_loss=0.0329, valid_loss=0.0375, best=0.0363, time=310.45s (train=168.41s, valid=142.03s), run_avg=296.84s (n=102)
2026-02-02 11:58:31 | DEBUG    | Learning rate: 0.000728
2026-02-02 11:58:31 | INFO     |   Metrics: ssim=0.7373, ms_ssim=0.8407, mae=0.0375, gradient_mae=0.1494, psnr=19.7272, ncc=507077111.3645
2026-02-02 11:58:31 | DEBUG    | Saving latest checkpoint
2026-02-02 11:58:32 | DEBUG    | Stepping scheduler
2026-02-02 11:58:32 | INFO     | Epoch 103/500 starting
2026-02-02 11:58:32 | DEBUG    | Starting training epoch 103 with 735 batches (batch_log_interval=147)
2026-02-02 11:59:07 | DEBUG    |   Train batch 147/735: loss=0.0326, time=[min=225.5, avg=235.7, max=276.2]ms
2026-02-02 11:59:41 | DEBUG    |   Train batch 294/735: loss=0.0327, time=[min=226.0, avg=232.2, max=257.2]ms
2026-02-02 12:00:16 | DEBUG    |   Train batch 441/735: loss=0.0329, time=[min=226.3, avg=235.6, max=263.3]ms
2026-02-02 12:00:50 | DEBUG    |   Train batch 588/735: loss=0.0330, time=[min=226.0, avg=231.0, max=249.7]ms
2026-02-02 12:01:24 | DEBUG    |   Train batch 735/735: loss=0.0324, time=[min=226.3, avg=229.6, max=251.0]ms
2026-02-02 12:01:24 | DEBUG    | Training epoch 103 complete: avg_loss=0.0327, time=172.05s, avg_batch_time=232.8ms
2026-02-02 12:01:24 | DEBUG    | Starting validation epoch 103 with 184 batches (batch_log_interval=36)
2026-02-02 12:01:55 | DEBUG    |   Valid batch 36/184: loss=0.0367, time=[min=749.7, avg=822.1, max=1146.2]ms
2026-02-02 12:02:23 | DEBUG    |   Valid batch 72/184: loss=0.0365, time=[min=722.9, avg=768.9, max=844.8]ms
2026-02-02 12:02:50 | DEBUG    |   Valid batch 108/184: loss=0.0359, time=[min=708.6, avg=756.4, max=805.8]ms
2026-02-02 12:03:17 | DEBUG    |   Valid batch 144/184: loss=0.0362, time=[min=707.9, avg=736.0, max=790.5]ms
2026-02-02 12:03:43 | DEBUG    |   Valid batch 180/184: loss=0.0369, time=[min=595.0, avg=734.7, max=795.3]ms
2026-02-02 12:03:46 | DEBUG    |   Per-crop SSIM: center=0.6928, corners=0.7625, edges=0.7300
2026-02-02 12:03:46 | DEBUG    | Validation epoch 103 complete: avg_loss=0.0365, time=142.10s, avg_batch_time=760.4ms
2026-02-02 12:03:46 | DEBUG    | Saving epochs CSV
2026-02-02 12:03:46 | INFO     | Epoch 103/500 completed: train_loss=0.0327, valid_loss=0.0365, best=0.0363, time=314.15s (train=172.05s, valid=142.10s), run_avg=297.01s (n=103)
2026-02-02 12:03:46 | DEBUG    | Learning rate: 0.000727
2026-02-02 12:03:46 | INFO     |   Metrics: ssim=0.7403, ms_ssim=0.8456, mae=0.0365, gradient_mae=0.1476, psnr=19.9929, ncc=1292449000.9396
2026-02-02 12:03:46 | DEBUG    | Saving latest checkpoint
2026-02-02 12:03:46 | DEBUG    | Stepping scheduler
2026-02-02 12:03:46 | INFO     | Epoch 104/500 starting
2026-02-02 12:03:46 | DEBUG    | Starting training epoch 104 with 735 batches (batch_log_interval=147)
2026-02-02 12:04:21 | DEBUG    |   Train batch 147/735: loss=0.0333, time=[min=225.7, avg=233.5, max=264.6]ms
2026-02-02 12:04:56 | DEBUG    |   Train batch 294/735: loss=0.0331, time=[min=225.4, avg=235.4, max=263.6]ms
2026-02-02 12:05:30 | DEBUG    |   Train batch 441/735: loss=0.0321, time=[min=225.7, avg=231.9, max=261.1]ms
2026-02-02 12:06:04 | DEBUG    |   Train batch 588/735: loss=0.0332, time=[min=225.6, avg=230.5, max=248.1]ms
2026-02-02 12:06:38 | DEBUG    |   Train batch 735/735: loss=0.0334, time=[min=225.4, avg=229.9, max=249.6]ms
2026-02-02 12:06:38 | DEBUG    | Training epoch 104 complete: avg_loss=0.0330, time=171.53s, avg_batch_time=232.2ms
2026-02-02 12:06:38 | DEBUG    | Starting validation epoch 104 with 184 batches (batch_log_interval=36)
2026-02-02 12:07:09 | DEBUG    |   Valid batch 36/184: loss=0.0376, time=[min=715.2, avg=794.7, max=1151.0]ms
2026-02-02 12:07:36 | DEBUG    |   Valid batch 72/184: loss=0.0372, time=[min=712.1, avg=736.6, max=774.9]ms
2026-02-02 12:08:04 | DEBUG    |   Valid batch 108/184: loss=0.0369, time=[min=630.4, avg=776.1, max=943.9]ms
2026-02-02 12:08:31 | DEBUG    |   Valid batch 144/184: loss=0.0372, time=[min=706.2, avg=762.7, max=797.4]ms
2026-02-02 12:08:58 | DEBUG    |   Valid batch 180/184: loss=0.0380, time=[min=597.0, avg=743.9, max=801.0]ms
2026-02-02 12:09:01 | DEBUG    |   Per-crop SSIM: center=0.6883, corners=0.7588, edges=0.7258
2026-02-02 12:09:01 | DEBUG    | Validation epoch 104 complete: avg_loss=0.0374, time=142.67s, avg_batch_time=759.3ms
2026-02-02 12:09:01 | DEBUG    | Saving epochs CSV
2026-02-02 12:09:01 | INFO     | Epoch 104/500 completed: train_loss=0.0330, valid_loss=0.0374, best=0.0363, time=314.19s (train=171.53s, valid=142.67s), run_avg=297.17s (n=104)
2026-02-02 12:09:01 | DEBUG    | Learning rate: 0.000725
2026-02-02 12:09:01 | INFO     |   Metrics: ssim=0.7363, ms_ssim=0.8405, mae=0.0374, gradient_mae=0.1488, psnr=19.8464, ncc=905077221.6074
2026-02-02 12:09:01 | DEBUG    | Saving latest checkpoint
2026-02-02 12:09:01 | DEBUG    | Stepping scheduler
2026-02-02 12:09:01 | INFO     | Epoch 105/500 starting
2026-02-02 12:09:01 | DEBUG    | Starting training epoch 105 with 735 batches (batch_log_interval=147)
2026-02-02 12:09:37 | DEBUG    |   Train batch 147/735: loss=0.0332, time=[min=225.8, avg=239.3, max=292.5]ms
2026-02-02 12:10:12 | DEBUG    |   Train batch 294/735: loss=0.0332, time=[min=225.4, avg=234.5, max=281.2]ms
2026-02-02 12:10:46 | DEBUG    |   Train batch 441/735: loss=0.0327, time=[min=223.0, avg=231.4, max=257.7]ms
2026-02-02 12:11:20 | DEBUG    |   Train batch 588/735: loss=0.0332, time=[min=226.1, avg=234.9, max=271.5]ms
2026-02-02 12:11:54 | DEBUG    |   Train batch 735/735: loss=0.0336, time=[min=224.9, avg=232.2, max=265.8]ms
2026-02-02 12:11:54 | DEBUG    | Training epoch 105 complete: avg_loss=0.0332, time=173.16s, avg_batch_time=234.5ms
2026-02-02 12:11:54 | DEBUG    | Starting validation epoch 105 with 184 batches (batch_log_interval=36)
2026-02-02 12:12:25 | DEBUG    |   Valid batch 36/184: loss=0.0367, time=[min=704.5, avg=803.2, max=1098.5]ms
2026-02-02 12:12:53 | DEBUG    |   Valid batch 72/184: loss=0.0365, time=[min=702.8, avg=764.0, max=827.3]ms
2026-02-02 12:13:19 | DEBUG    |   Valid batch 108/184: loss=0.0361, time=[min=704.1, avg=731.6, max=777.4]ms
2026-02-02 12:13:46 | DEBUG    |   Valid batch 144/184: loss=0.0363, time=[min=613.9, avg=759.3, max=847.3]ms
2026-02-02 12:14:13 | DEBUG    |   Valid batch 180/184: loss=0.0370, time=[min=610.7, avg=731.6, max=795.8]ms
2026-02-02 12:14:15 | DEBUG    |   Per-crop SSIM: center=0.6916, corners=0.7612, edges=0.7288
2026-02-02 12:14:15 | DEBUG    | Validation epoch 105 complete: avg_loss=0.0365, time=140.99s, avg_batch_time=754.9ms
2026-02-02 12:14:15 | DEBUG    | Saving epochs CSV
2026-02-02 12:14:15 | INFO     | Epoch 105/500 completed: train_loss=0.0332, valid_loss=0.0365, best=0.0363, time=314.15s (train=173.16s, valid=140.99s), run_avg=297.33s (n=105)
2026-02-02 12:14:15 | DEBUG    | Learning rate: 0.000724
2026-02-02 12:14:15 | INFO     |   Metrics: ssim=0.7390, ms_ssim=0.8440, mae=0.0365, gradient_mae=0.1484, psnr=19.9538, ncc=1081316953.4297
2026-02-02 12:14:15 | DEBUG    | Saving latest checkpoint
2026-02-02 12:14:16 | DEBUG    | Stepping scheduler
2026-02-02 12:14:16 | INFO     | Epoch 106/500 starting
2026-02-02 12:14:16 | DEBUG    | Starting training epoch 106 with 735 batches (batch_log_interval=147)
2026-02-02 12:14:51 | DEBUG    |   Train batch 147/735: loss=0.0331, time=[min=222.2, avg=232.1, max=264.4]ms
2026-02-02 12:15:25 | DEBUG    |   Train batch 294/735: loss=0.0329, time=[min=226.0, avg=230.8, max=255.1]ms
2026-02-02 12:15:59 | DEBUG    |   Train batch 441/735: loss=0.0332, time=[min=225.5, avg=232.3, max=268.8]ms
2026-02-02 12:16:33 | DEBUG    |   Train batch 588/735: loss=0.0326, time=[min=226.3, avg=230.1, max=257.5]ms
2026-02-02 12:17:07 | DEBUG    |   Train batch 735/735: loss=0.0328, time=[min=225.5, avg=230.4, max=247.0]ms
2026-02-02 12:17:07 | DEBUG    | Training epoch 106 complete: avg_loss=0.0329, time=170.82s, avg_batch_time=231.1ms
2026-02-02 12:17:07 | DEBUG    | Starting validation epoch 106 with 184 batches (batch_log_interval=36)
2026-02-02 12:17:39 | DEBUG    |   Valid batch 36/184: loss=0.0368, time=[min=712.2, avg=796.2, max=1188.3]ms
2026-02-02 12:18:07 | DEBUG    |   Valid batch 72/184: loss=0.0365, time=[min=711.8, avg=770.6, max=832.8]ms
2026-02-02 12:18:33 | DEBUG    |   Valid batch 108/184: loss=0.0363, time=[min=703.6, avg=728.1, max=800.9]ms
2026-02-02 12:19:01 | DEBUG    |   Valid batch 144/184: loss=0.0364, time=[min=726.6, avg=783.1, max=824.2]ms
2026-02-02 12:19:28 | DEBUG    |   Valid batch 180/184: loss=0.0370, time=[min=594.8, avg=759.7, max=821.3]ms
2026-02-02 12:19:31 | DEBUG    |   Per-crop SSIM: center=0.6925, corners=0.7622, edges=0.7297
2026-02-02 12:19:31 | DEBUG    | Validation epoch 106 complete: avg_loss=0.0366, time=143.87s, avg_batch_time=763.9ms
2026-02-02 12:19:31 | DEBUG    | Saving epochs CSV
2026-02-02 12:19:31 | INFO     | Epoch 106/500 completed: train_loss=0.0329, valid_loss=0.0366, best=0.0363, time=314.69s (train=170.82s, valid=143.87s), run_avg=297.50s (n=106)
2026-02-02 12:19:31 | DEBUG    | Learning rate: 0.000722
2026-02-02 12:19:31 | INFO     |   Metrics: ssim=0.7400, ms_ssim=0.8449, mae=0.0366, gradient_mae=0.1480, psnr=19.9839, ncc=1245169167.5801
2026-02-02 12:19:31 | DEBUG    | Saving latest checkpoint
2026-02-02 12:19:31 | DEBUG    | Stepping scheduler
2026-02-02 12:19:31 | INFO     | Epoch 107/500 starting
2026-02-02 12:19:31 | DEBUG    | Starting training epoch 107 with 735 batches (batch_log_interval=147)
2026-02-02 12:20:07 | DEBUG    |   Train batch 147/735: loss=0.0327, time=[min=224.7, avg=235.7, max=262.6]ms
2026-02-02 12:20:41 | DEBUG    |   Train batch 294/735: loss=0.0324, time=[min=225.6, avg=232.3, max=257.8]ms
2026-02-02 12:21:15 | DEBUG    |   Train batch 441/735: loss=0.0329, time=[min=225.4, avg=233.8, max=257.7]ms
2026-02-02 12:21:49 | DEBUG    |   Train batch 588/735: loss=0.0326, time=[min=225.8, avg=231.1, max=255.2]ms
2026-02-02 12:22:23 | DEBUG    |   Train batch 735/735: loss=0.0325, time=[min=225.5, avg=230.1, max=254.2]ms
2026-02-02 12:22:23 | DEBUG    | Training epoch 107 complete: avg_loss=0.0326, time=171.84s, avg_batch_time=232.6ms
2026-02-02 12:22:23 | DEBUG    | Starting validation epoch 107 with 184 batches (batch_log_interval=36)
2026-02-02 12:22:54 | DEBUG    |   Valid batch 36/184: loss=0.0367, time=[min=703.4, avg=797.4, max=1166.1]ms
2026-02-02 12:23:23 | DEBUG    |   Valid batch 72/184: loss=0.0364, time=[min=755.7, avg=804.0, max=875.3]ms
2026-02-02 12:23:50 | DEBUG    |   Valid batch 108/184: loss=0.0360, time=[min=610.5, avg=764.0, max=903.0]ms
2026-02-02 12:24:20 | DEBUG    |   Valid batch 144/184: loss=0.0362, time=[min=724.9, avg=810.7, max=927.3]ms
2026-02-02 12:24:46 | DEBUG    |   Valid batch 180/184: loss=0.0370, time=[min=595.6, avg=734.2, max=798.2]ms
2026-02-02 12:24:49 | DEBUG    |   Per-crop SSIM: center=0.6921, corners=0.7619, edges=0.7293
2026-02-02 12:24:49 | DEBUG    | Validation epoch 107 complete: avg_loss=0.0365, time=145.34s, avg_batch_time=778.0ms
2026-02-02 12:24:49 | DEBUG    | Saving epochs CSV
2026-02-02 12:24:49 | INFO     | Epoch 107/500 completed: train_loss=0.0326, valid_loss=0.0365, best=0.0363, time=317.18s (train=171.84s, valid=145.34s), run_avg=297.68s (n=107)
2026-02-02 12:24:49 | DEBUG    | Learning rate: 0.000721
2026-02-02 12:24:49 | INFO     |   Metrics: ssim=0.7397, ms_ssim=0.8442, mae=0.0365, gradient_mae=0.1483, psnr=19.9429, ncc=1028986734.5682
2026-02-02 12:24:49 | DEBUG    | Saving latest checkpoint
2026-02-02 12:24:49 | DEBUG    | Stepping scheduler
2026-02-02 12:24:49 | INFO     | Epoch 108/500 starting
2026-02-02 12:24:49 | DEBUG    | Starting training epoch 108 with 735 batches (batch_log_interval=147)
2026-02-02 12:25:24 | DEBUG    |   Train batch 147/735: loss=0.0327, time=[min=225.6, avg=234.2, max=273.1]ms
2026-02-02 12:25:58 | DEBUG    |   Train batch 294/735: loss=0.0328, time=[min=225.8, avg=230.3, max=245.7]ms
2026-02-02 12:26:32 | DEBUG    |   Train batch 441/735: loss=0.0329, time=[min=226.4, avg=231.1, max=263.4]ms
2026-02-02 12:27:06 | DEBUG    |   Train batch 588/735: loss=0.0326, time=[min=225.6, avg=229.6, max=249.3]ms
2026-02-02 12:27:40 | DEBUG    |   Train batch 735/735: loss=0.0328, time=[min=223.2, avg=233.8, max=267.3]ms
2026-02-02 12:27:40 | DEBUG    | Training epoch 108 complete: avg_loss=0.0328, time=171.36s, avg_batch_time=231.8ms
2026-02-02 12:27:40 | DEBUG    | Starting validation epoch 108 with 184 batches (batch_log_interval=36)
2026-02-02 12:28:12 | DEBUG    |   Valid batch 36/184: loss=0.0368, time=[min=740.7, avg=834.2, max=1189.7]ms
2026-02-02 12:28:42 | DEBUG    |   Valid batch 72/184: loss=0.0364, time=[min=731.8, avg=816.1, max=916.8]ms
2026-02-02 12:29:10 | DEBUG    |   Valid batch 108/184: loss=0.0361, time=[min=734.0, avg=784.6, max=841.2]ms
2026-02-02 12:29:38 | DEBUG    |   Valid batch 144/184: loss=0.0364, time=[min=732.9, avg=782.2, max=837.4]ms
2026-02-02 12:30:06 | DEBUG    |   Valid batch 180/184: loss=0.0371, time=[min=640.4, avg=762.0, max=827.0]ms
2026-02-02 12:30:08 | DEBUG    |   Per-crop SSIM: center=0.6929, corners=0.7623, edges=0.7299
2026-02-02 12:30:08 | DEBUG    | Validation epoch 108 complete: avg_loss=0.0366, time=147.82s, avg_batch_time=793.1ms
2026-02-02 12:30:08 | DEBUG    | Saving epochs CSV
2026-02-02 12:30:08 | INFO     | Epoch 108/500 completed: train_loss=0.0328, valid_loss=0.0366, best=0.0363, time=319.18s (train=171.36s, valid=147.82s), run_avg=297.88s (n=108)
2026-02-02 12:30:08 | DEBUG    | Learning rate: 0.000719
2026-02-02 12:30:08 | INFO     |   Metrics: ssim=0.7402, ms_ssim=0.8449, mae=0.0366, gradient_mae=0.1477, psnr=19.9035, ncc=1396996837.5673
2026-02-02 12:30:08 | DEBUG    | Saving latest checkpoint
2026-02-02 12:30:09 | DEBUG    | Stepping scheduler
2026-02-02 12:30:09 | INFO     | Epoch 109/500 starting
2026-02-02 12:30:09 | DEBUG    | Starting training epoch 109 with 735 batches (batch_log_interval=147)
2026-02-02 12:30:45 | DEBUG    |   Train batch 147/735: loss=0.0326, time=[min=226.0, avg=241.1, max=267.7]ms
2026-02-02 12:31:20 | DEBUG    |   Train batch 294/735: loss=0.0327, time=[min=225.6, avg=237.8, max=268.1]ms
2026-02-02 12:31:55 | DEBUG    |   Train batch 441/735: loss=0.0325, time=[min=226.8, avg=237.2, max=267.3]ms
2026-02-02 12:32:30 | DEBUG    |   Train batch 588/735: loss=0.0327, time=[min=226.4, avg=235.8, max=249.9]ms
2026-02-02 12:33:05 | DEBUG    |   Train batch 735/735: loss=0.0323, time=[min=227.0, avg=237.3, max=260.5]ms
2026-02-02 12:33:05 | DEBUG    | Training epoch 109 complete: avg_loss=0.0325, time=175.73s, avg_batch_time=237.8ms
2026-02-02 12:33:05 | DEBUG    | Starting validation epoch 109 with 184 batches (batch_log_interval=36)
2026-02-02 12:33:37 | DEBUG    |   Valid batch 36/184: loss=0.0366, time=[min=750.6, avg=832.0, max=1402.7]ms
2026-02-02 12:34:04 | DEBUG    |   Valid batch 72/184: loss=0.0362, time=[min=721.0, avg=768.9, max=831.3]ms
2026-02-02 12:34:32 | DEBUG    |   Valid batch 108/184: loss=0.0359, time=[min=714.9, avg=766.0, max=802.4]ms
2026-02-02 12:34:58 | DEBUG    |   Valid batch 144/184: loss=0.0361, time=[min=699.7, avg=734.3, max=799.4]ms
2026-02-02 12:35:25 | DEBUG    |   Valid batch 180/184: loss=0.0368, time=[min=600.9, avg=748.2, max=823.7]ms
2026-02-02 12:35:28 | DEBUG    |   Per-crop SSIM: center=0.6937, corners=0.7632, edges=0.7308
2026-02-02 12:35:28 | DEBUG    | Validation epoch 109 complete: avg_loss=0.0364, time=142.89s, avg_batch_time=766.4ms
2026-02-02 12:35:28 | DEBUG    | Saving epochs CSV
2026-02-02 12:35:28 | INFO     | Epoch 109/500 completed: train_loss=0.0325, valid_loss=0.0364, best=0.0363, time=318.61s (train=175.73s, valid=142.89s), run_avg=298.07s (n=109)
2026-02-02 12:35:28 | DEBUG    | Learning rate: 0.000718
2026-02-02 12:35:28 | INFO     |   Metrics: ssim=0.7411, ms_ssim=0.8466, mae=0.0364, gradient_mae=0.1472, psnr=20.0085, ncc=1348173183.4290
2026-02-02 12:35:28 | DEBUG    | Saving latest checkpoint
2026-02-02 12:35:28 | DEBUG    | Stepping scheduler
2026-02-02 12:35:28 | INFO     | Epoch 110/500 starting
2026-02-02 12:35:28 | DEBUG    | Starting training epoch 110 with 735 batches (batch_log_interval=147)
2026-02-02 12:36:04 | DEBUG    |   Train batch 147/735: loss=0.0322, time=[min=226.2, avg=239.4, max=279.0]ms
2026-02-02 12:36:39 | DEBUG    |   Train batch 294/735: loss=0.0327, time=[min=225.8, avg=235.5, max=264.2]ms
2026-02-02 12:37:14 | DEBUG    |   Train batch 441/735: loss=0.0327, time=[min=226.5, avg=238.3, max=266.9]ms
2026-02-02 12:37:48 | DEBUG    |   Train batch 588/735: loss=0.0326, time=[min=223.4, avg=232.4, max=270.0]ms
2026-02-02 12:38:23 | DEBUG    |   Train batch 735/735: loss=0.0325, time=[min=225.1, avg=233.7, max=267.9]ms
2026-02-02 12:38:23 | DEBUG    | Training epoch 110 complete: avg_loss=0.0325, time=174.18s, avg_batch_time=235.9ms
2026-02-02 12:38:23 | DEBUG    | Starting validation epoch 110 with 184 batches (batch_log_interval=36)
2026-02-02 12:38:53 | DEBUG    |   Valid batch 36/184: loss=0.0364, time=[min=712.6, avg=794.7, max=1221.9]ms
2026-02-02 12:39:20 | DEBUG    |   Valid batch 72/184: loss=0.0361, time=[min=709.6, avg=758.6, max=847.8]ms
2026-02-02 12:39:47 | DEBUG    |   Valid batch 108/184: loss=0.0357, time=[min=619.9, avg=750.0, max=833.7]ms
2026-02-02 12:40:15 | DEBUG    |   Valid batch 144/184: loss=0.0359, time=[min=714.9, avg=761.9, max=806.4]ms
2026-02-02 12:40:41 | DEBUG    |   Valid batch 180/184: loss=0.0367, time=[min=630.9, avg=729.6, max=784.9]ms
2026-02-02 12:40:44 | DEBUG    |   Per-crop SSIM: center=0.6930, corners=0.7628, edges=0.7302
2026-02-02 12:40:44 | DEBUG    | Validation epoch 110 complete: avg_loss=0.0362, time=141.04s, avg_batch_time=756.4ms
2026-02-02 12:40:44 | DEBUG    | Saving epochs CSV
2026-02-02 12:40:44 | INFO     | Epoch 110/500 completed: train_loss=0.0325, valid_loss=0.0362, best=0.0363, time=315.23s (train=174.18s, valid=141.04s), run_avg=298.23s (n=110)
2026-02-02 12:40:44 | DEBUG    | Learning rate: 0.000716
2026-02-02 12:40:44 | INFO     |   Metrics: ssim=0.7406, ms_ssim=0.8451, mae=0.0362, gradient_mae=0.1479, psnr=19.8468, ncc=1040041052.0770
2026-02-02 12:40:44 | INFO     | New best validation loss: 0.0362 (prev: 0.0363)
2026-02-02 12:40:44 | DEBUG    | Saving best model checkpoint to experiments/train_nn1_cropped/l1_6edbe0/epochs/109
2026-02-02 12:40:44 | DEBUG    | Saving latest checkpoint
2026-02-02 12:40:45 | DEBUG    | Stepping scheduler
2026-02-02 12:40:45 | INFO     | Epoch 111/500 starting
2026-02-02 12:40:45 | DEBUG    | Starting training epoch 111 with 735 batches (batch_log_interval=147)
2026-02-02 12:41:21 | DEBUG    |   Train batch 147/735: loss=0.0328, time=[min=225.8, avg=236.3, max=266.7]ms
2026-02-02 12:41:55 | DEBUG    |   Train batch 294/735: loss=0.0325, time=[min=226.6, avg=232.9, max=261.0]ms
2026-02-02 12:42:30 | DEBUG    |   Train batch 441/735: loss=0.0327, time=[min=226.3, avg=237.7, max=274.8]ms
2026-02-02 12:43:05 | DEBUG    |   Train batch 588/735: loss=0.0321, time=[min=225.2, avg=236.3, max=290.7]ms
2026-02-02 12:43:39 | DEBUG    |   Train batch 735/735: loss=0.0325, time=[min=226.6, avg=237.0, max=282.0]ms
2026-02-02 12:43:39 | DEBUG    | Training epoch 111 complete: avg_loss=0.0325, time=174.43s, avg_batch_time=236.1ms
2026-02-02 12:43:39 | DEBUG    | Starting validation epoch 111 with 184 batches (batch_log_interval=36)
2026-02-02 12:44:12 | DEBUG    |   Valid batch 36/184: loss=0.0369, time=[min=736.9, avg=843.3, max=1238.1]ms
2026-02-02 12:44:41 | DEBUG    |   Valid batch 72/184: loss=0.0366, time=[min=752.6, avg=823.0, max=873.5]ms
2026-02-02 12:45:09 | DEBUG    |   Valid batch 108/184: loss=0.0363, time=[min=643.6, avg=773.3, max=876.5]ms
2026-02-02 12:45:37 | DEBUG    |   Valid batch 144/184: loss=0.0365, time=[min=734.7, avg=782.5, max=828.5]ms
2026-02-02 12:46:04 | DEBUG    |   Valid batch 180/184: loss=0.0372, time=[min=621.0, avg=746.9, max=784.6]ms
2026-02-02 12:46:07 | DEBUG    |   Per-crop SSIM: center=0.6932, corners=0.7628, edges=0.7303
2026-02-02 12:46:07 | DEBUG    | Validation epoch 111 complete: avg_loss=0.0367, time=147.36s, avg_batch_time=790.1ms
2026-02-02 12:46:07 | DEBUG    | Saving epochs CSV
2026-02-02 12:46:07 | INFO     | Epoch 111/500 completed: train_loss=0.0325, valid_loss=0.0367, best=0.0362, time=321.79s (train=174.43s, valid=147.36s), run_avg=298.44s (n=111)
2026-02-02 12:46:07 | DEBUG    | Learning rate: 0.000715
2026-02-02 12:46:07 | INFO     |   Metrics: ssim=0.7406, ms_ssim=0.8456, mae=0.0367, gradient_mae=0.1473, psnr=19.9567, ncc=1071175131.1107
2026-02-02 12:46:07 | DEBUG    | Saving latest checkpoint
2026-02-02 12:46:08 | DEBUG    | Stepping scheduler
2026-02-02 12:46:08 | INFO     | Epoch 112/500 starting
2026-02-02 12:46:08 | DEBUG    | Starting training epoch 112 with 735 batches (batch_log_interval=147)
2026-02-02 12:46:44 | DEBUG    |   Train batch 147/735: loss=0.0328, time=[min=234.2, avg=244.6, max=300.3]ms
2026-02-02 12:47:20 | DEBUG    |   Train batch 294/735: loss=0.0322, time=[min=235.1, avg=242.1, max=270.9]ms
2026-02-02 12:47:55 | DEBUG    |   Train batch 441/735: loss=0.0325, time=[min=234.5, avg=240.6, max=264.0]ms
2026-02-02 12:48:31 | DEBUG    |   Train batch 588/735: loss=0.0323, time=[min=234.9, avg=240.5, max=270.5]ms
2026-02-02 12:49:06 | DEBUG    |   Train batch 735/735: loss=0.0323, time=[min=233.1, avg=237.8, max=259.5]ms
2026-02-02 12:49:06 | DEBUG    | Training epoch 112 complete: avg_loss=0.0324, time=178.23s, avg_batch_time=241.1ms
2026-02-02 12:49:06 | DEBUG    | Starting validation epoch 112 with 184 batches (batch_log_interval=36)
2026-02-02 12:49:37 | DEBUG    |   Valid batch 36/184: loss=0.0373, time=[min=734.3, avg=823.6, max=1288.2]ms
2026-02-02 12:50:06 | DEBUG    |   Valid batch 72/184: loss=0.0369, time=[min=679.5, avg=810.7, max=1075.1]ms
2026-02-02 12:50:37 | DEBUG    |   Valid batch 108/184: loss=0.0369, time=[min=681.0, avg=843.3, max=1140.1]ms
2026-02-02 12:51:04 | DEBUG    |   Valid batch 144/184: loss=0.0370, time=[min=717.0, avg=765.4, max=887.2]ms
2026-02-02 12:51:31 | DEBUG    |   Valid batch 180/184: loss=0.0376, time=[min=593.4, avg=751.2, max=857.6]ms
2026-02-02 12:51:34 | DEBUG    |   Per-crop SSIM: center=0.6929, corners=0.7626, edges=0.7301
2026-02-02 12:51:34 | DEBUG    | Validation epoch 112 complete: avg_loss=0.0372, time=148.01s, avg_batch_time=794.5ms
2026-02-02 12:51:34 | DEBUG    | Saving epochs CSV
2026-02-02 12:51:34 | INFO     | Epoch 112/500 completed: train_loss=0.0324, valid_loss=0.0372, best=0.0362, time=326.24s (train=178.23s, valid=148.01s), run_avg=298.69s (n=112)
2026-02-02 12:51:34 | DEBUG    | Learning rate: 0.000713
2026-02-02 12:51:34 | INFO     |   Metrics: ssim=0.7404, ms_ssim=0.8455, mae=0.0372, gradient_mae=0.1477, psnr=19.8830, ncc=1120768626.7286
2026-02-02 12:51:34 | DEBUG    | Saving latest checkpoint
2026-02-02 12:51:34 | DEBUG    | Stepping scheduler
2026-02-02 12:51:34 | INFO     | Epoch 113/500 starting
2026-02-02 12:51:34 | DEBUG    | Starting training epoch 113 with 735 batches (batch_log_interval=147)
2026-02-02 12:52:09 | DEBUG    |   Train batch 147/735: loss=0.0327, time=[min=225.3, avg=230.8, max=254.5]ms
2026-02-02 12:52:43 | DEBUG    |   Train batch 294/735: loss=0.0329, time=[min=225.6, avg=228.8, max=251.7]ms
2026-02-02 12:53:17 | DEBUG    |   Train batch 441/735: loss=0.0321, time=[min=225.4, avg=231.0, max=249.7]ms
2026-02-02 12:53:50 | DEBUG    |   Train batch 588/735: loss=0.0327, time=[min=226.2, avg=229.7, max=256.0]ms
2026-02-02 12:54:24 | DEBUG    |   Train batch 735/735: loss=0.0324, time=[min=224.6, avg=229.4, max=252.0]ms
2026-02-02 12:54:24 | DEBUG    | Training epoch 113 complete: avg_loss=0.0326, time=169.91s, avg_batch_time=229.9ms
2026-02-02 12:54:24 | DEBUG    | Starting validation epoch 113 with 184 batches (batch_log_interval=36)
2026-02-02 12:54:53 | DEBUG    |   Valid batch 36/184: loss=0.0365, time=[min=707.3, avg=751.1, max=1197.0]ms
2026-02-02 12:55:20 | DEBUG    |   Valid batch 72/184: loss=0.0362, time=[min=708.7, avg=758.8, max=802.3]ms
2026-02-02 12:55:48 | DEBUG    |   Valid batch 108/184: loss=0.0358, time=[min=633.2, avg=755.2, max=913.1]ms
2026-02-02 12:56:14 | DEBUG    |   Valid batch 144/184: loss=0.0361, time=[min=707.5, avg=732.2, max=754.0]ms
2026-02-02 12:56:41 | DEBUG    |   Valid batch 180/184: loss=0.0369, time=[min=596.2, avg=741.8, max=800.3]ms
2026-02-02 12:56:43 | DEBUG    |   Per-crop SSIM: center=0.6928, corners=0.7626, edges=0.7300
2026-02-02 12:56:43 | DEBUG    | Validation epoch 113 complete: avg_loss=0.0363, time=138.87s, avg_batch_time=744.5ms
2026-02-02 12:56:43 | DEBUG    | Saving epochs CSV
2026-02-02 12:56:43 | INFO     | Epoch 113/500 completed: train_loss=0.0326, valid_loss=0.0363, best=0.0362, time=308.78s (train=169.91s, valid=138.87s), run_avg=298.78s (n=113)
2026-02-02 12:56:43 | DEBUG    | Learning rate: 0.000711
2026-02-02 12:56:43 | INFO     |   Metrics: ssim=0.7404, ms_ssim=0.8452, mae=0.0363, gradient_mae=0.1478, psnr=19.9564, ncc=984248707.6458
2026-02-02 12:56:43 | DEBUG    | Saving latest checkpoint
2026-02-02 12:56:44 | DEBUG    | Stepping scheduler
2026-02-02 12:56:44 | INFO     | Epoch 114/500 starting
2026-02-02 12:56:44 | DEBUG    | Starting training epoch 114 with 735 batches (batch_log_interval=147)
2026-02-02 12:57:18 | DEBUG    |   Train batch 147/735: loss=0.0323, time=[min=225.5, avg=231.5, max=253.0]ms
2026-02-02 12:57:52 | DEBUG    |   Train batch 294/735: loss=0.0325, time=[min=222.6, avg=229.1, max=248.6]ms
2026-02-02 12:58:26 | DEBUG    |   Train batch 441/735: loss=0.0323, time=[min=226.0, avg=229.9, max=254.0]ms
2026-02-02 12:59:00 | DEBUG    |   Train batch 588/735: loss=0.0323, time=[min=225.0, avg=229.7, max=242.8]ms
2026-02-02 12:59:34 | DEBUG    |   Train batch 735/735: loss=0.0323, time=[min=224.6, avg=229.7, max=257.2]ms
2026-02-02 12:59:34 | DEBUG    | Training epoch 114 complete: avg_loss=0.0323, time=169.86s, avg_batch_time=230.0ms
2026-02-02 12:59:34 | DEBUG    | Starting validation epoch 114 with 184 batches (batch_log_interval=36)
2026-02-02 13:00:03 | DEBUG    |   Valid batch 36/184: loss=0.0363, time=[min=706.6, avg=736.6, max=926.0]ms
2026-02-02 13:00:30 | DEBUG    |   Valid batch 72/184: loss=0.0360, time=[min=706.7, avg=752.4, max=802.1]ms
2026-02-02 13:00:56 | DEBUG    |   Valid batch 108/184: loss=0.0357, time=[min=706.4, avg=738.2, max=823.6]ms
2026-02-02 13:01:24 | DEBUG    |   Valid batch 144/184: loss=0.0360, time=[min=711.6, avg=775.4, max=845.9]ms
2026-02-02 13:01:52 | DEBUG    |   Valid batch 180/184: loss=0.0367, time=[min=594.4, avg=762.2, max=831.3]ms
2026-02-02 13:01:54 | DEBUG    |   Per-crop SSIM: center=0.6933, corners=0.7628, edges=0.7303
2026-02-02 13:01:54 | DEBUG    | Validation epoch 114 complete: avg_loss=0.0362, time=140.75s, avg_batch_time=749.6ms
2026-02-02 13:01:54 | DEBUG    | Saving epochs CSV
2026-02-02 13:01:54 | INFO     | Epoch 114/500 completed: train_loss=0.0323, valid_loss=0.0362, best=0.0362, time=310.62s (train=169.86s, valid=140.75s), run_avg=298.88s (n=114)
2026-02-02 13:01:54 | DEBUG    | Learning rate: 0.000710
2026-02-02 13:01:54 | INFO     |   Metrics: ssim=0.7406, ms_ssim=0.8462, mae=0.0362, gradient_mae=0.1476, psnr=19.9949, ncc=1039783876.1576
2026-02-02 13:01:54 | DEBUG    | Saving latest checkpoint
2026-02-02 13:01:55 | DEBUG    | Stepping scheduler
2026-02-02 13:01:55 | INFO     | Epoch 115/500 starting
2026-02-02 13:01:55 | DEBUG    | Starting training epoch 115 with 735 batches (batch_log_interval=147)
2026-02-02 13:02:30 | DEBUG    |   Train batch 147/735: loss=0.0323, time=[min=226.2, avg=230.3, max=251.8]ms
2026-02-02 13:03:06 | DEBUG    |   Train batch 294/735: loss=0.0324, time=[min=226.2, avg=244.4, max=304.4]ms
2026-02-02 13:03:41 | DEBUG    |   Train batch 441/735: loss=0.0323, time=[min=226.1, avg=235.0, max=312.3]ms
2026-02-02 13:04:15 | DEBUG    |   Train batch 588/735: loss=0.0326, time=[min=225.8, avg=232.6, max=250.4]ms
2026-02-02 13:04:51 | DEBUG    |   Train batch 735/735: loss=0.0326, time=[min=225.9, avg=240.7, max=274.6]ms
2026-02-02 13:04:51 | DEBUG    | Training epoch 115 complete: avg_loss=0.0324, time=175.73s, avg_batch_time=236.6ms
2026-02-02 13:04:51 | DEBUG    | Starting validation epoch 115 with 184 batches (batch_log_interval=36)
2026-02-02 13:05:23 | DEBUG    |   Valid batch 36/184: loss=0.0365, time=[min=785.5, avg=850.5, max=1312.4]ms
2026-02-02 13:05:52 | DEBUG    |   Valid batch 72/184: loss=0.0361, time=[min=722.0, avg=798.3, max=836.7]ms
2026-02-02 13:06:19 | DEBUG    |   Valid batch 108/184: loss=0.0358, time=[min=709.8, avg=733.9, max=764.1]ms
2026-02-02 13:06:47 | DEBUG    |   Valid batch 144/184: loss=0.0362, time=[min=716.1, avg=790.1, max=843.5]ms
2026-02-02 13:07:13 | DEBUG    |   Valid batch 180/184: loss=0.0369, time=[min=594.3, avg=716.2, max=747.8]ms
2026-02-02 13:07:15 | DEBUG    |   Per-crop SSIM: center=0.6926, corners=0.7623, edges=0.7298
2026-02-02 13:07:15 | DEBUG    | Validation epoch 115 complete: avg_loss=0.0363, time=144.60s, avg_batch_time=773.9ms
2026-02-02 13:07:15 | DEBUG    | Saving epochs CSV
2026-02-02 13:07:15 | INFO     | Epoch 115/500 completed: train_loss=0.0324, valid_loss=0.0363, best=0.0362, time=320.33s (train=175.73s, valid=144.60s), run_avg=299.07s (n=115)
2026-02-02 13:07:15 | DEBUG    | Learning rate: 0.000708
2026-02-02 13:07:15 | INFO     |   Metrics: ssim=0.7401, ms_ssim=0.8455, mae=0.0363, gradient_mae=0.1479, psnr=20.0038, ncc=1566449156.8599
2026-02-02 13:07:15 | DEBUG    | Saving latest checkpoint
2026-02-02 13:07:16 | DEBUG    | Stepping scheduler
2026-02-02 13:07:16 | INFO     | Epoch 116/500 starting
2026-02-02 13:07:16 | DEBUG    | Starting training epoch 116 with 735 batches (batch_log_interval=147)
2026-02-02 13:07:51 | DEBUG    |   Train batch 147/735: loss=0.0324, time=[min=225.8, avg=231.0, max=255.7]ms
2026-02-02 13:08:25 | DEBUG    |   Train batch 294/735: loss=0.0322, time=[min=226.0, avg=230.4, max=252.7]ms
2026-02-02 13:08:58 | DEBUG    |   Train batch 441/735: loss=0.0326, time=[min=225.4, avg=230.1, max=254.5]ms
2026-02-02 13:09:32 | DEBUG    |   Train batch 588/735: loss=0.0326, time=[min=226.1, avg=229.6, max=253.5]ms
2026-02-02 13:10:06 | DEBUG    |   Train batch 735/735: loss=0.0327, time=[min=222.5, avg=228.7, max=253.7]ms
2026-02-02 13:10:06 | DEBUG    | Training epoch 116 complete: avg_loss=0.0325, time=170.05s, avg_batch_time=230.0ms
2026-02-02 13:10:06 | DEBUG    | Starting validation epoch 116 with 184 batches (batch_log_interval=36)
2026-02-02 13:10:36 | DEBUG    |   Valid batch 36/184: loss=0.0363, time=[min=711.8, avg=768.5, max=1086.9]ms
2026-02-02 13:11:03 | DEBUG    |   Valid batch 72/184: loss=0.0361, time=[min=703.7, avg=744.6, max=798.6]ms
2026-02-02 13:11:31 | DEBUG    |   Valid batch 108/184: loss=0.0358, time=[min=633.9, avg=787.3, max=922.9]ms
2026-02-02 13:11:58 | DEBUG    |   Valid batch 144/184: loss=0.0360, time=[min=696.9, avg=726.9, max=795.8]ms
2026-02-02 13:12:24 | DEBUG    |   Valid batch 180/184: loss=0.0368, time=[min=595.9, avg=738.2, max=794.5]ms
2026-02-02 13:12:27 | DEBUG    |   Per-crop SSIM: center=0.6926, corners=0.7624, edges=0.7299
2026-02-02 13:12:27 | DEBUG    | Validation epoch 116 complete: avg_loss=0.0362, time=140.74s, avg_batch_time=750.0ms
2026-02-02 13:12:27 | DEBUG    | Saving epochs CSV
2026-02-02 13:12:27 | INFO     | Epoch 116/500 completed: train_loss=0.0325, valid_loss=0.0362, best=0.0362, time=310.79s (train=170.05s, valid=140.74s), run_avg=299.17s (n=116)
2026-02-02 13:12:27 | DEBUG    | Learning rate: 0.000707
2026-02-02 13:12:27 | INFO     |   Metrics: ssim=0.7402, ms_ssim=0.8451, mae=0.0362, gradient_mae=0.1482, psnr=19.9442, ncc=1113353645.1591
2026-02-02 13:12:27 | DEBUG    | Saving latest checkpoint
2026-02-02 13:12:27 | DEBUG    | Stepping scheduler
2026-02-02 13:12:27 | INFO     | Epoch 117/500 starting
2026-02-02 13:12:27 | DEBUG    | Starting training epoch 117 with 735 batches (batch_log_interval=147)
2026-02-02 13:13:03 | DEBUG    |   Train batch 147/735: loss=0.0321, time=[min=222.8, avg=236.5, max=264.5]ms
2026-02-02 13:13:37 | DEBUG    |   Train batch 294/735: loss=0.0323, time=[min=225.5, avg=229.3, max=254.4]ms
2026-02-02 13:14:11 | DEBUG    |   Train batch 441/735: loss=0.0324, time=[min=225.5, avg=230.0, max=249.5]ms
2026-02-02 13:14:44 | DEBUG    |   Train batch 588/735: loss=0.0336, time=[min=225.8, avg=230.2, max=255.5]ms
2026-02-02 13:15:18 | DEBUG    |   Train batch 735/735: loss=0.0327, time=[min=224.7, avg=229.8, max=255.1]ms
2026-02-02 13:15:18 | DEBUG    | Training epoch 117 complete: avg_loss=0.0326, time=170.81s, avg_batch_time=231.2ms
2026-02-02 13:15:18 | DEBUG    | Starting validation epoch 117 with 184 batches (batch_log_interval=36)
2026-02-02 13:15:49 | DEBUG    |   Valid batch 36/184: loss=0.0368, time=[min=715.6, avg=775.6, max=1180.2]ms
2026-02-02 13:16:16 | DEBUG    |   Valid batch 72/184: loss=0.0365, time=[min=632.2, avg=746.9, max=857.0]ms
2026-02-02 13:16:42 | DEBUG    |   Valid batch 108/184: loss=0.0363, time=[min=701.8, avg=735.8, max=799.2]ms
2026-02-02 13:17:10 | DEBUG    |   Valid batch 144/184: loss=0.0365, time=[min=708.3, avg=755.1, max=809.4]ms
2026-02-02 13:17:37 | DEBUG    |   Valid batch 180/184: loss=0.0371, time=[min=595.7, avg=762.6, max=797.0]ms
2026-02-02 13:17:39 | DEBUG    |   Per-crop SSIM: center=0.6928, corners=0.7622, edges=0.7299
2026-02-02 13:17:39 | DEBUG    | Validation epoch 117 complete: avg_loss=0.0367, time=141.18s, avg_batch_time=751.9ms
2026-02-02 13:17:39 | DEBUG    | Saving epochs CSV
2026-02-02 13:17:39 | INFO     | Epoch 117/500 completed: train_loss=0.0326, valid_loss=0.0367, best=0.0362, time=311.99s (train=170.81s, valid=141.18s), run_avg=299.28s (n=117)
2026-02-02 13:17:39 | DEBUG    | Learning rate: 0.000705
2026-02-02 13:17:39 | INFO     |   Metrics: ssim=0.7401, ms_ssim=0.8444, mae=0.0367, gradient_mae=0.1483, psnr=19.7740, ncc=1821101706.7000
2026-02-02 13:17:39 | DEBUG    | Saving latest checkpoint
2026-02-02 13:17:40 | DEBUG    | Stepping scheduler
2026-02-02 13:17:40 | INFO     | Epoch 118/500 starting
2026-02-02 13:17:40 | DEBUG    | Starting training epoch 118 with 735 batches (batch_log_interval=147)
2026-02-02 13:18:15 | DEBUG    |   Train batch 147/735: loss=0.0325, time=[min=225.3, avg=231.3, max=260.6]ms
2026-02-02 13:18:49 | DEBUG    |   Train batch 294/735: loss=0.0324, time=[min=224.8, avg=230.9, max=259.3]ms
2026-02-02 13:19:23 | DEBUG    |   Train batch 441/735: loss=0.0322, time=[min=225.7, avg=231.8, max=261.1]ms
2026-02-02 13:19:57 | DEBUG    |   Train batch 588/735: loss=0.0321, time=[min=225.1, avg=229.7, max=245.9]ms
2026-02-02 13:20:31 | DEBUG    |   Train batch 735/735: loss=0.0324, time=[min=225.1, avg=229.2, max=254.2]ms
2026-02-02 13:20:31 | DEBUG    | Training epoch 118 complete: avg_loss=0.0323, time=170.41s, avg_batch_time=230.6ms
2026-02-02 13:20:31 | DEBUG    | Starting validation epoch 118 with 184 batches (batch_log_interval=36)
2026-02-02 13:21:01 | DEBUG    |   Valid batch 36/184: loss=0.0364, time=[min=706.6, avg=768.4, max=1110.4]ms
2026-02-02 13:21:28 | DEBUG    |   Valid batch 72/184: loss=0.0361, time=[min=702.9, avg=754.9, max=816.6]ms
2026-02-02 13:21:54 | DEBUG    |   Valid batch 108/184: loss=0.0359, time=[min=705.6, avg=741.5, max=808.3]ms
2026-02-02 13:22:22 | DEBUG    |   Valid batch 144/184: loss=0.0360, time=[min=707.4, avg=750.4, max=798.1]ms
2026-02-02 13:22:49 | DEBUG    |   Valid batch 180/184: loss=0.0367, time=[min=597.3, avg=767.0, max=801.1]ms
2026-02-02 13:22:52 | DEBUG    |   Per-crop SSIM: center=0.6943, corners=0.7636, edges=0.7313
2026-02-02 13:22:52 | DEBUG    | Validation epoch 118 complete: avg_loss=0.0363, time=140.88s, avg_batch_time=753.0ms
2026-02-02 13:22:52 | DEBUG    | Saving epochs CSV
2026-02-02 13:22:52 | INFO     | Epoch 118/500 completed: train_loss=0.0323, valid_loss=0.0363, best=0.0362, time=311.30s (train=170.41s, valid=140.88s), run_avg=299.38s (n=118)
2026-02-02 13:22:52 | DEBUG    | Learning rate: 0.000703
2026-02-02 13:22:52 | INFO     |   Metrics: ssim=0.7415, ms_ssim=0.8467, mae=0.0363, gradient_mae=0.1468, psnr=20.0085, ncc=1856384954.0302
2026-02-02 13:22:52 | DEBUG    | Saving latest checkpoint
2026-02-02 13:22:52 | DEBUG    | Stepping scheduler
2026-02-02 13:22:52 | INFO     | Epoch 119/500 starting
2026-02-02 13:22:52 | DEBUG    | Starting training epoch 119 with 735 batches (batch_log_interval=147)
2026-02-02 13:23:28 | DEBUG    |   Train batch 147/735: loss=0.0328, time=[min=226.3, avg=235.9, max=275.6]ms
2026-02-02 13:24:02 | DEBUG    |   Train batch 294/735: loss=0.0323, time=[min=225.7, avg=230.1, max=254.8]ms
2026-02-02 13:24:36 | DEBUG    |   Train batch 441/735: loss=0.0332, time=[min=228.6, avg=231.5, max=259.0]ms
2026-02-02 13:25:10 | DEBUG    |   Train batch 588/735: loss=0.0335, time=[min=221.9, avg=231.2, max=247.1]ms
2026-02-02 13:25:43 | DEBUG    |   Train batch 735/735: loss=0.0325, time=[min=225.5, avg=229.2, max=262.8]ms
2026-02-02 13:25:43 | DEBUG    | Training epoch 119 complete: avg_loss=0.0329, time=171.18s, avg_batch_time=231.6ms
2026-02-02 13:25:43 | DEBUG    | Starting validation epoch 119 with 184 batches (batch_log_interval=36)
2026-02-02 13:26:13 | DEBUG    |   Valid batch 36/184: loss=0.0369, time=[min=706.5, avg=774.3, max=1158.6]ms
2026-02-02 13:26:40 | DEBUG    |   Valid batch 72/184: loss=0.0365, time=[min=612.3, avg=743.5, max=828.7]ms
2026-02-02 13:27:06 | DEBUG    |   Valid batch 108/184: loss=0.0366, time=[min=701.3, avg=735.7, max=800.0]ms
2026-02-02 13:27:34 | DEBUG    |   Valid batch 144/184: loss=0.0365, time=[min=714.9, avg=776.6, max=803.0]ms
2026-02-02 13:28:01 | DEBUG    |   Valid batch 180/184: loss=0.0373, time=[min=612.3, avg=734.0, max=800.2]ms
2026-02-02 13:28:03 | DEBUG    |   Per-crop SSIM: center=0.6919, corners=0.7608, edges=0.7288
2026-02-02 13:28:03 | DEBUG    | Validation epoch 119 complete: avg_loss=0.0368, time=139.96s, avg_batch_time=749.8ms
2026-02-02 13:28:03 | DEBUG    | Saving epochs CSV
2026-02-02 13:28:03 | INFO     | Epoch 119/500 completed: train_loss=0.0329, valid_loss=0.0368, best=0.0362, time=311.14s (train=171.18s, valid=139.96s), run_avg=299.48s (n=119)
2026-02-02 13:28:03 | DEBUG    | Learning rate: 0.000702
2026-02-02 13:28:03 | INFO     |   Metrics: ssim=0.7390, ms_ssim=0.8436, mae=0.0368, gradient_mae=0.1483, psnr=19.8775, ncc=1089993819.9333
2026-02-02 13:28:03 | DEBUG    | Saving latest checkpoint
2026-02-02 13:28:04 | DEBUG    | Stepping scheduler
2026-02-02 13:28:04 | INFO     | Epoch 120/500 starting
2026-02-02 13:28:04 | DEBUG    | Starting training epoch 120 with 735 batches (batch_log_interval=147)
2026-02-02 13:28:39 | DEBUG    |   Train batch 147/735: loss=0.0327, time=[min=225.6, avg=230.7, max=263.0]ms
2026-02-02 13:29:13 | DEBUG    |   Train batch 294/735: loss=0.0321, time=[min=226.1, avg=230.8, max=257.0]ms
2026-02-02 13:29:47 | DEBUG    |   Train batch 441/735: loss=0.0323, time=[min=226.0, avg=230.5, max=258.7]ms
2026-02-02 13:30:20 | DEBUG    |   Train batch 588/735: loss=0.0325, time=[min=226.1, avg=229.0, max=255.6]ms
2026-02-02 13:30:54 | DEBUG    |   Train batch 735/735: loss=0.0321, time=[min=225.1, avg=228.6, max=240.9]ms
2026-02-02 13:30:54 | DEBUG    | Training epoch 120 complete: avg_loss=0.0323, time=169.92s, avg_batch_time=229.9ms
2026-02-02 13:30:54 | DEBUG    | Starting validation epoch 120 with 184 batches (batch_log_interval=36)
2026-02-02 13:31:24 | DEBUG    |   Valid batch 36/184: loss=0.0363, time=[min=701.2, avg=770.9, max=1195.4]ms
2026-02-02 13:31:51 | DEBUG    |   Valid batch 72/184: loss=0.0359, time=[min=708.9, avg=742.7, max=816.7]ms
2026-02-02 13:32:18 | DEBUG    |   Valid batch 108/184: loss=0.0356, time=[min=708.3, avg=770.4, max=803.4]ms
2026-02-02 13:32:46 | DEBUG    |   Valid batch 144/184: loss=0.0358, time=[min=705.0, avg=760.9, max=801.7]ms
2026-02-02 13:33:14 | DEBUG    |   Valid batch 180/184: loss=0.0366, time=[min=611.9, avg=771.3, max=809.3]ms
2026-02-02 13:33:16 | DEBUG    |   Per-crop SSIM: center=0.6938, corners=0.7634, edges=0.7309
2026-02-02 13:33:16 | DEBUG    | Validation epoch 120 complete: avg_loss=0.0361, time=142.19s, avg_batch_time=760.4ms
2026-02-02 13:33:16 | DEBUG    | Saving epochs CSV
2026-02-02 13:33:16 | INFO     | Epoch 120/500 completed: train_loss=0.0323, valid_loss=0.0361, best=0.0362, time=312.11s (train=169.92s, valid=142.19s), run_avg=299.58s (n=120)
2026-02-02 13:33:16 | DEBUG    | Learning rate: 0.000700
2026-02-02 13:33:16 | INFO     |   Metrics: ssim=0.7412, ms_ssim=0.8464, mae=0.0361, gradient_mae=0.1471, psnr=20.0156, ncc=1529306558.3216
2026-02-02 13:33:16 | INFO     | New best validation loss: 0.0361 (prev: 0.0362)
2026-02-02 13:33:16 | DEBUG    | Saving best model checkpoint to experiments/train_nn1_cropped/l1_6edbe0/epochs/119
2026-02-02 13:33:17 | DEBUG    | Saving latest checkpoint
2026-02-02 13:33:18 | DEBUG    | Stepping scheduler
2026-02-02 13:33:18 | INFO     | Epoch 121/500 starting
2026-02-02 13:33:18 | DEBUG    | Starting training epoch 121 with 735 batches (batch_log_interval=147)
2026-02-02 13:33:53 | DEBUG    |   Train batch 147/735: loss=0.0319, time=[min=226.2, avg=239.0, max=271.4]ms
2026-02-02 13:34:27 | DEBUG    |   Train batch 294/735: loss=0.0322, time=[min=225.9, avg=230.2, max=250.5]ms
2026-02-02 13:35:02 | DEBUG    |   Train batch 441/735: loss=0.0321, time=[min=223.3, avg=237.6, max=279.3]ms
2026-02-02 13:35:36 | DEBUG    |   Train batch 588/735: loss=0.0322, time=[min=225.7, avg=229.4, max=248.5]ms
2026-02-02 13:36:10 | DEBUG    |   Train batch 735/735: loss=0.0321, time=[min=221.9, avg=229.7, max=254.2]ms
2026-02-02 13:36:10 | DEBUG    | Training epoch 121 complete: avg_loss=0.0321, time=172.32s, avg_batch_time=233.2ms
2026-02-02 13:36:10 | DEBUG    | Starting validation epoch 121 with 184 batches (batch_log_interval=36)
2026-02-02 13:36:40 | DEBUG    |   Valid batch 36/184: loss=0.0364, time=[min=711.1, avg=780.6, max=1239.1]ms
2026-02-02 13:37:07 | DEBUG    |   Valid batch 72/184: loss=0.0361, time=[min=705.4, avg=742.9, max=801.0]ms
2026-02-02 13:37:33 | DEBUG    |   Valid batch 108/184: loss=0.0358, time=[min=702.2, avg=737.2, max=800.6]ms
2026-02-02 13:38:00 | DEBUG    |   Valid batch 144/184: loss=0.0360, time=[min=706.6, avg=751.8, max=798.9]ms
2026-02-02 13:38:26 | DEBUG    |   Valid batch 180/184: loss=0.0367, time=[min=595.0, avg=710.4, max=742.9]ms
2026-02-02 13:38:28 | DEBUG    |   Per-crop SSIM: center=0.6937, corners=0.7634, edges=0.7309
2026-02-02 13:38:28 | DEBUG    | Validation epoch 121 complete: avg_loss=0.0362, time=138.48s, avg_batch_time=741.4ms
2026-02-02 13:38:28 | DEBUG    | Saving epochs CSV
2026-02-02 13:38:28 | INFO     | Epoch 121/500 completed: train_loss=0.0321, valid_loss=0.0362, best=0.0361, time=310.80s (train=172.32s, valid=138.48s), run_avg=299.68s (n=121)
2026-02-02 13:38:28 | DEBUG    | Learning rate: 0.000698
2026-02-02 13:38:28 | INFO     |   Metrics: ssim=0.7412, ms_ssim=0.8458, mae=0.0362, gradient_mae=0.1473, psnr=19.9915, ncc=856447851.0939
2026-02-02 13:38:28 | DEBUG    | Saving latest checkpoint
2026-02-02 13:38:29 | DEBUG    | Stepping scheduler
2026-02-02 13:38:29 | INFO     | Epoch 122/500 starting
2026-02-02 13:38:29 | DEBUG    | Starting training epoch 122 with 735 batches (batch_log_interval=147)
2026-02-02 13:39:04 | DEBUG    |   Train batch 147/735: loss=0.0320, time=[min=224.4, avg=232.2, max=257.7]ms
2026-02-02 13:39:38 | DEBUG    |   Train batch 294/735: loss=0.0320, time=[min=225.7, avg=230.7, max=255.4]ms
2026-02-02 13:40:12 | DEBUG    |   Train batch 441/735: loss=0.0321, time=[min=222.1, avg=230.6, max=255.6]ms
2026-02-02 13:40:45 | DEBUG    |   Train batch 588/735: loss=0.0322, time=[min=225.7, avg=229.5, max=251.6]ms
2026-02-02 13:41:19 | DEBUG    |   Train batch 735/735: loss=0.0320, time=[min=223.4, avg=228.8, max=247.0]ms
2026-02-02 13:41:19 | DEBUG    | Training epoch 122 complete: avg_loss=0.0321, time=170.10s, avg_batch_time=230.4ms
2026-02-02 13:41:19 | DEBUG    | Starting validation epoch 122 with 184 batches (batch_log_interval=36)
2026-02-02 13:41:49 | DEBUG    |   Valid batch 36/184: loss=0.0363, time=[min=611.5, avg=769.0, max=1125.5]ms
2026-02-02 13:42:16 | DEBUG    |   Valid batch 72/184: loss=0.0360, time=[min=705.7, avg=744.5, max=801.7]ms
2026-02-02 13:42:42 | DEBUG    |   Valid batch 108/184: loss=0.0356, time=[min=702.6, avg=734.8, max=797.5]ms
2026-02-02 13:43:09 | DEBUG    |   Valid batch 144/184: loss=0.0359, time=[min=702.8, avg=750.5, max=805.5]ms
2026-02-02 13:43:35 | DEBUG    |   Valid batch 180/184: loss=0.0366, time=[min=596.2, avg=710.6, max=742.9]ms
2026-02-02 13:43:37 | DEBUG    |   Per-crop SSIM: center=0.6942, corners=0.7636, edges=0.7312
2026-02-02 13:43:37 | DEBUG    | Validation epoch 122 complete: avg_loss=0.0361, time=138.44s, avg_batch_time=738.8ms
2026-02-02 13:43:37 | DEBUG    | Saving epochs CSV
2026-02-02 13:43:37 | INFO     | Epoch 122/500 completed: train_loss=0.0321, valid_loss=0.0361, best=0.0361, time=308.54s (train=170.10s, valid=138.44s), run_avg=299.75s (n=122)
2026-02-02 13:43:37 | DEBUG    | Learning rate: 0.000697
2026-02-02 13:43:37 | INFO     |   Metrics: ssim=0.7415, ms_ssim=0.8464, mae=0.0361, gradient_mae=0.1471, psnr=19.9584, ncc=1661216983.5835
2026-02-02 13:43:37 | DEBUG    | Saving latest checkpoint
2026-02-02 13:43:38 | DEBUG    | Stepping scheduler
2026-02-02 13:43:38 | INFO     | Epoch 123/500 starting
2026-02-02 13:43:38 | DEBUG    | Starting training epoch 123 with 735 batches (batch_log_interval=147)
2026-02-02 13:44:13 | DEBUG    |   Train batch 147/735: loss=0.0320, time=[min=225.0, avg=231.6, max=274.3]ms
2026-02-02 13:44:47 | DEBUG    |   Train batch 294/735: loss=0.0320, time=[min=225.8, avg=230.5, max=257.6]ms
2026-02-02 13:45:21 | DEBUG    |   Train batch 441/735: loss=0.0322, time=[min=226.2, avg=229.7, max=257.0]ms
2026-02-02 13:45:54 | DEBUG    |   Train batch 588/735: loss=0.0320, time=[min=226.2, avg=229.2, max=258.3]ms
2026-02-02 13:46:28 | DEBUG    |   Train batch 735/735: loss=0.0325, time=[min=225.0, avg=228.1, max=247.3]ms
2026-02-02 13:46:28 | DEBUG    | Training epoch 123 complete: avg_loss=0.0321, time=169.88s, avg_batch_time=229.8ms
2026-02-02 13:46:28 | DEBUG    | Starting validation epoch 123 with 184 batches (batch_log_interval=36)
2026-02-02 13:46:58 | DEBUG    |   Valid batch 36/184: loss=0.0367, time=[min=704.4, avg=775.0, max=1164.5]ms
2026-02-02 13:47:25 | DEBUG    |   Valid batch 72/184: loss=0.0363, time=[min=705.8, avg=746.5, max=799.7]ms
2026-02-02 13:47:51 | DEBUG    |   Valid batch 108/184: loss=0.0360, time=[min=702.1, avg=734.8, max=801.2]ms
2026-02-02 13:48:18 | DEBUG    |   Valid batch 144/184: loss=0.0363, time=[min=705.2, avg=749.8, max=807.0]ms
2026-02-02 13:48:44 | DEBUG    |   Valid batch 180/184: loss=0.0370, time=[min=593.7, avg=713.5, max=743.0]ms
2026-02-02 13:48:46 | DEBUG    |   Per-crop SSIM: center=0.6935, corners=0.7631, edges=0.7306
2026-02-02 13:48:46 | DEBUG    | Validation epoch 123 complete: avg_loss=0.0365, time=138.29s, avg_batch_time=740.7ms
2026-02-02 13:48:46 | DEBUG    | Saving epochs CSV
2026-02-02 13:48:46 | INFO     | Epoch 123/500 completed: train_loss=0.0321, valid_loss=0.0365, best=0.0361, time=308.17s (train=169.88s, valid=138.29s), run_avg=299.82s (n=123)
2026-02-02 13:48:46 | DEBUG    | Learning rate: 0.000695
2026-02-02 13:48:46 | INFO     |   Metrics: ssim=0.7409, ms_ssim=0.8462, mae=0.0365, gradient_mae=0.1474, psnr=19.9771, ncc=1930727108.0911
2026-02-02 13:48:46 | DEBUG    | Saving latest checkpoint
2026-02-02 13:48:47 | DEBUG    | Stepping scheduler
2026-02-02 13:48:47 | INFO     | Epoch 124/500 starting
2026-02-02 13:48:47 | DEBUG    | Starting training epoch 124 with 735 batches (batch_log_interval=147)
2026-02-02 13:49:22 | DEBUG    |   Train batch 147/735: loss=0.0319, time=[min=225.2, avg=231.1, max=257.9]ms
2026-02-02 13:49:56 | DEBUG    |   Train batch 294/735: loss=0.0319, time=[min=226.3, avg=230.1, max=253.0]ms
2026-02-02 13:50:30 | DEBUG    |   Train batch 441/735: loss=0.0326, time=[min=226.2, avg=230.3, max=253.8]ms
2026-02-02 13:51:04 | DEBUG    |   Train batch 588/735: loss=0.0321, time=[min=226.5, avg=231.0, max=254.7]ms
2026-02-02 13:51:38 | DEBUG    |   Train batch 735/735: loss=0.0322, time=[min=225.4, avg=232.3, max=274.8]ms
2026-02-02 13:51:38 | DEBUG    | Training epoch 124 complete: avg_loss=0.0321, time=170.78s, avg_batch_time=231.0ms
2026-02-02 13:51:38 | DEBUG    | Starting validation epoch 124 with 184 batches (batch_log_interval=36)
2026-02-02 13:52:09 | DEBUG    |   Valid batch 36/184: loss=0.0366, time=[min=714.7, avg=786.5, max=1093.7]ms
2026-02-02 13:52:37 | DEBUG    |   Valid batch 72/184: loss=0.0363, time=[min=716.0, avg=775.5, max=870.0]ms
2026-02-02 13:53:04 | DEBUG    |   Valid batch 108/184: loss=0.0359, time=[min=718.0, avg=757.8, max=875.7]ms
2026-02-02 13:53:31 | DEBUG    |   Valid batch 144/184: loss=0.0362, time=[min=698.8, avg=752.2, max=802.5]ms
2026-02-02 13:53:57 | DEBUG    |   Valid batch 180/184: loss=0.0369, time=[min=595.8, avg=717.6, max=751.6]ms
2026-02-02 13:53:59 | DEBUG    |   Per-crop SSIM: center=0.6927, corners=0.7624, edges=0.7299
2026-02-02 13:53:59 | DEBUG    | Validation epoch 124 complete: avg_loss=0.0364, time=141.73s, avg_batch_time=754.5ms
2026-02-02 13:53:59 | DEBUG    | Saving epochs CSV
2026-02-02 13:53:59 | INFO     | Epoch 124/500 completed: train_loss=0.0321, valid_loss=0.0364, best=0.0361, time=312.51s (train=170.78s, valid=141.73s), run_avg=299.92s (n=124)
2026-02-02 13:53:59 | DEBUG    | Learning rate: 0.000693
2026-02-02 13:53:59 | INFO     |   Metrics: ssim=0.7402, ms_ssim=0.8452, mae=0.0364, gradient_mae=0.1482, psnr=19.8982, ncc=1415158090.8889
2026-02-02 13:53:59 | DEBUG    | Saving latest checkpoint
2026-02-02 13:54:00 | DEBUG    | Stepping scheduler
2026-02-02 13:54:00 | INFO     | Epoch 125/500 starting
2026-02-02 13:54:00 | DEBUG    | Starting training epoch 125 with 735 batches (batch_log_interval=147)
2026-02-02 13:54:35 | DEBUG    |   Train batch 147/735: loss=0.0322, time=[min=225.8, avg=233.3, max=261.7]ms
2026-02-02 13:55:09 | DEBUG    |   Train batch 294/735: loss=0.0321, time=[min=222.0, avg=231.7, max=255.6]ms
2026-02-02 13:55:43 | DEBUG    |   Train batch 441/735: loss=0.0323, time=[min=226.3, avg=229.6, max=251.0]ms
2026-02-02 13:56:17 | DEBUG    |   Train batch 588/735: loss=0.0317, time=[min=226.2, avg=228.9, max=247.4]ms
2026-02-02 13:56:51 | DEBUG    |   Train batch 735/735: loss=0.0318, time=[min=224.6, avg=230.1, max=246.9]ms
2026-02-02 13:56:51 | DEBUG    | Training epoch 125 complete: avg_loss=0.0320, time=170.51s, avg_batch_time=230.7ms
2026-02-02 13:56:51 | DEBUG    | Starting validation epoch 125 with 184 batches (batch_log_interval=36)
2026-02-02 13:57:20 | DEBUG    |   Valid batch 36/184: loss=0.0362, time=[min=705.2, avg=768.3, max=1235.3]ms
2026-02-02 13:57:48 | DEBUG    |   Valid batch 72/184: loss=0.0361, time=[min=705.2, avg=756.0, max=810.7]ms
2026-02-02 13:58:14 | DEBUG    |   Valid batch 108/184: loss=0.0357, time=[min=703.2, avg=729.5, max=747.7]ms
2026-02-02 13:58:41 | DEBUG    |   Valid batch 144/184: loss=0.0358, time=[min=706.8, avg=755.8, max=798.9]ms
2026-02-02 13:59:07 | DEBUG    |   Valid batch 180/184: loss=0.0365, time=[min=610.3, avg=723.3, max=796.8]ms
2026-02-02 13:59:10 | DEBUG    |   Per-crop SSIM: center=0.6938, corners=0.7634, edges=0.7310
2026-02-02 13:59:10 | DEBUG    | Validation epoch 125 complete: avg_loss=0.0361, time=138.92s, avg_batch_time=743.7ms
2026-02-02 13:59:10 | DEBUG    | Saving epochs CSV
2026-02-02 13:59:10 | INFO     | Epoch 125/500 completed: train_loss=0.0320, valid_loss=0.0361, best=0.0361, time=309.43s (train=170.51s, valid=138.92s), run_avg=300.00s (n=125)
2026-02-02 13:59:10 | DEBUG    | Learning rate: 0.000691
2026-02-02 13:59:10 | INFO     |   Metrics: ssim=0.7413, ms_ssim=0.8460, mae=0.0361, gradient_mae=0.1470, psnr=19.9956, ncc=1479603746.5252
2026-02-02 13:59:10 | INFO     | New best validation loss: 0.0361 (prev: 0.0361)
2026-02-02 13:59:10 | DEBUG    | Saving best model checkpoint to experiments/train_nn1_cropped/l1_6edbe0/epochs/124
2026-02-02 13:59:10 | DEBUG    | Saving latest checkpoint
2026-02-02 13:59:11 | DEBUG    | Stepping scheduler
2026-02-02 13:59:11 | INFO     | Epoch 126/500 starting
2026-02-02 13:59:11 | DEBUG    | Starting training epoch 126 with 735 batches (batch_log_interval=147)
2026-02-02 13:59:46 | DEBUG    |   Train batch 147/735: loss=0.0319, time=[min=225.1, avg=231.0, max=276.5]ms
2026-02-02 14:00:20 | DEBUG    |   Train batch 294/735: loss=0.0319, time=[min=221.7, avg=231.2, max=255.9]ms
2026-02-02 14:00:54 | DEBUG    |   Train batch 441/735: loss=0.0322, time=[min=225.9, avg=230.3, max=261.4]ms
2026-02-02 14:01:27 | DEBUG    |   Train batch 588/735: loss=0.0322, time=[min=225.7, avg=228.9, max=244.9]ms
2026-02-02 14:02:01 | DEBUG    |   Train batch 735/735: loss=0.0320, time=[min=225.1, avg=230.0, max=254.9]ms
2026-02-02 14:02:01 | DEBUG    | Training epoch 126 complete: avg_loss=0.0320, time=170.20s, avg_batch_time=230.3ms
2026-02-02 14:02:01 | DEBUG    | Starting validation epoch 126 with 184 batches (batch_log_interval=36)
2026-02-02 14:02:31 | DEBUG    |   Valid batch 36/184: loss=0.0364, time=[min=705.4, avg=770.3, max=1129.3]ms
2026-02-02 14:02:58 | DEBUG    |   Valid batch 72/184: loss=0.0363, time=[min=704.2, avg=746.5, max=802.8]ms
2026-02-02 14:03:25 | DEBUG    |   Valid batch 108/184: loss=0.0358, time=[min=700.4, avg=738.5, max=803.8]ms
2026-02-02 14:03:52 | DEBUG    |   Valid batch 144/184: loss=0.0361, time=[min=704.5, avg=751.1, max=799.7]ms
2026-02-02 14:04:18 | DEBUG    |   Valid batch 180/184: loss=0.0367, time=[min=593.1, avg=717.6, max=744.3]ms
2026-02-02 14:04:20 | DEBUG    |   Per-crop SSIM: center=0.6943, corners=0.7636, edges=0.7313
2026-02-02 14:04:20 | DEBUG    | Validation epoch 126 complete: avg_loss=0.0363, time=138.92s, avg_batch_time=741.6ms
2026-02-02 14:04:20 | DEBUG    | Saving epochs CSV
2026-02-02 14:04:20 | INFO     | Epoch 126/500 completed: train_loss=0.0320, valid_loss=0.0363, best=0.0361, time=309.11s (train=170.20s, valid=138.92s), run_avg=300.07s (n=126)
2026-02-02 14:04:20 | DEBUG    | Learning rate: 0.000690
2026-02-02 14:04:20 | INFO     |   Metrics: ssim=0.7415, ms_ssim=0.8465, mae=0.0363, gradient_mae=0.1469, psnr=19.9671, ncc=1588774355.6596
2026-02-02 14:04:20 | DEBUG    | Saving latest checkpoint
2026-02-02 14:04:21 | DEBUG    | Stepping scheduler
2026-02-02 14:04:21 | INFO     | Epoch 127/500 starting
2026-02-02 14:04:21 | DEBUG    | Starting training epoch 127 with 735 batches (batch_log_interval=147)
2026-02-02 14:04:55 | DEBUG    |   Train batch 147/735: loss=0.0321, time=[min=225.1, avg=231.8, max=277.3]ms
2026-02-02 14:05:29 | DEBUG    |   Train batch 294/735: loss=0.0321, time=[min=225.3, avg=232.0, max=264.6]ms
2026-02-02 14:06:04 | DEBUG    |   Train batch 441/735: loss=0.0325, time=[min=226.0, avg=231.3, max=252.5]ms
2026-02-02 14:06:37 | DEBUG    |   Train batch 588/735: loss=0.0322, time=[min=226.4, avg=229.2, max=255.6]ms
2026-02-02 14:07:11 | DEBUG    |   Train batch 735/735: loss=0.0326, time=[min=222.4, avg=228.8, max=243.8]ms
2026-02-02 14:07:11 | DEBUG    | Training epoch 127 complete: avg_loss=0.0323, time=170.36s, avg_batch_time=230.6ms
2026-02-02 14:07:11 | DEBUG    | Starting validation epoch 127 with 184 batches (batch_log_interval=36)
2026-02-02 14:07:41 | DEBUG    |   Valid batch 36/184: loss=0.0369, time=[min=708.3, avg=771.8, max=1141.2]ms
2026-02-02 14:08:08 | DEBUG    |   Valid batch 72/184: loss=0.0366, time=[min=709.1, avg=746.7, max=798.8]ms
2026-02-02 14:08:34 | DEBUG    |   Valid batch 108/184: loss=0.0362, time=[min=703.8, avg=733.1, max=799.8]ms
2026-02-02 14:09:01 | DEBUG    |   Valid batch 144/184: loss=0.0364, time=[min=704.0, avg=751.2, max=797.4]ms
2026-02-02 14:09:27 | DEBUG    |   Valid batch 180/184: loss=0.0372, time=[min=592.3, avg=717.0, max=742.9]ms
2026-02-02 14:09:30 | DEBUG    |   Per-crop SSIM: center=0.6929, corners=0.7623, edges=0.7299
2026-02-02 14:09:30 | DEBUG    | Validation epoch 127 complete: avg_loss=0.0367, time=138.80s, avg_batch_time=740.8ms
2026-02-02 14:09:30 | DEBUG    | Saving epochs CSV
2026-02-02 14:09:30 | INFO     | Epoch 127/500 completed: train_loss=0.0323, valid_loss=0.0367, best=0.0361, time=309.16s (train=170.36s, valid=138.80s), run_avg=300.14s (n=127)
2026-02-02 14:09:30 | DEBUG    | Learning rate: 0.000688
2026-02-02 14:09:30 | INFO     |   Metrics: ssim=0.7402, ms_ssim=0.8450, mae=0.0367, gradient_mae=0.1481, psnr=19.9083, ncc=1809061600.0806
2026-02-02 14:09:30 | DEBUG    | Saving latest checkpoint
2026-02-02 14:09:30 | DEBUG    | Stepping scheduler
2026-02-02 14:09:30 | INFO     | Epoch 128/500 starting
2026-02-02 14:09:30 | DEBUG    | Starting training epoch 128 with 735 batches (batch_log_interval=147)
2026-02-02 14:10:06 | DEBUG    |   Train batch 147/735: loss=0.0319, time=[min=225.8, avg=235.7, max=261.2]ms
2026-02-02 14:10:40 | DEBUG    |   Train batch 294/735: loss=0.0324, time=[min=225.0, avg=229.2, max=244.4]ms
2026-02-02 14:11:13 | DEBUG    |   Train batch 441/735: loss=0.0323, time=[min=225.7, avg=229.3, max=252.2]ms
2026-02-02 14:11:47 | DEBUG    |   Train batch 588/735: loss=0.0322, time=[min=226.0, avg=229.9, max=249.8]ms
2026-02-02 14:12:21 | DEBUG    |   Train batch 735/735: loss=0.0320, time=[min=224.6, avg=230.2, max=257.5]ms
2026-02-02 14:12:21 | DEBUG    | Training epoch 128 complete: avg_loss=0.0321, time=170.64s, avg_batch_time=230.9ms
2026-02-02 14:12:21 | DEBUG    | Starting validation epoch 128 with 184 batches (batch_log_interval=36)
2026-02-02 14:12:52 | DEBUG    |   Valid batch 36/184: loss=0.0362, time=[min=704.5, avg=788.7, max=1206.5]ms
2026-02-02 14:13:21 | DEBUG    |   Valid batch 72/184: loss=0.0358, time=[min=729.1, avg=787.8, max=856.1]ms
2026-02-02 14:13:47 | DEBUG    |   Valid batch 108/184: loss=0.0355, time=[min=706.9, avg=729.7, max=784.6]ms
2026-02-02 14:14:14 | DEBUG    |   Valid batch 144/184: loss=0.0359, time=[min=709.2, avg=757.0, max=805.7]ms
2026-02-02 14:14:40 | DEBUG    |   Valid batch 180/184: loss=0.0366, time=[min=599.1, avg=712.6, max=745.5]ms
2026-02-02 14:14:42 | DEBUG    |   Per-crop SSIM: center=0.6941, corners=0.7639, edges=0.7314
2026-02-02 14:14:42 | DEBUG    | Validation epoch 128 complete: avg_loss=0.0360, time=141.22s, avg_batch_time=752.1ms
2026-02-02 14:14:42 | DEBUG    | Saving epochs CSV
2026-02-02 14:14:42 | INFO     | Epoch 128/500 completed: train_loss=0.0321, valid_loss=0.0360, best=0.0361, time=311.87s (train=170.64s, valid=141.22s), run_avg=300.23s (n=128)
2026-02-02 14:14:42 | DEBUG    | Learning rate: 0.000686
2026-02-02 14:14:42 | INFO     |   Metrics: ssim=0.7417, ms_ssim=0.8472, mae=0.0360, gradient_mae=0.1467, psnr=20.0332, ncc=1499746603.2813
2026-02-02 14:14:42 | INFO     | New best validation loss: 0.0360 (prev: 0.0361)
2026-02-02 14:14:42 | DEBUG    | Saving best model checkpoint to experiments/train_nn1_cropped/l1_6edbe0/epochs/127
2026-02-02 14:14:43 | DEBUG    | Saving latest checkpoint
2026-02-02 14:14:44 | DEBUG    | Stepping scheduler
2026-02-02 14:14:44 | INFO     | Epoch 129/500 starting
2026-02-02 14:14:44 | DEBUG    | Starting training epoch 129 with 735 batches (batch_log_interval=147)
2026-02-02 14:15:18 | DEBUG    |   Train batch 147/735: loss=0.0319, time=[min=222.0, avg=230.9, max=279.3]ms
2026-02-02 14:15:52 | DEBUG    |   Train batch 294/735: loss=0.0321, time=[min=225.2, avg=231.6, max=256.6]ms
2026-02-02 14:16:26 | DEBUG    |   Train batch 441/735: loss=0.0320, time=[min=226.2, avg=230.1, max=255.0]ms
2026-02-02 14:17:00 | DEBUG    |   Train batch 588/735: loss=0.0319, time=[min=225.4, avg=228.6, max=242.1]ms
2026-02-02 14:17:34 | DEBUG    |   Train batch 735/735: loss=0.0322, time=[min=223.6, avg=230.4, max=257.2]ms
2026-02-02 14:17:34 | DEBUG    | Training epoch 129 complete: avg_loss=0.0320, time=170.25s, avg_batch_time=230.3ms
2026-02-02 14:17:34 | DEBUG    | Starting validation epoch 129 with 184 batches (batch_log_interval=36)
2026-02-02 14:18:04 | DEBUG    |   Valid batch 36/184: loss=0.0365, time=[min=706.3, avg=774.3, max=1080.8]ms
2026-02-02 14:18:31 | DEBUG    |   Valid batch 72/184: loss=0.0362, time=[min=702.3, avg=743.0, max=801.6]ms
2026-02-02 14:18:57 | DEBUG    |   Valid batch 108/184: loss=0.0357, time=[min=705.9, avg=740.1, max=805.7]ms
2026-02-02 14:19:24 | DEBUG    |   Valid batch 144/184: loss=0.0362, time=[min=699.8, avg=750.4, max=799.5]ms
2026-02-02 14:19:50 | DEBUG    |   Valid batch 180/184: loss=0.0369, time=[min=593.7, avg=714.4, max=748.9]ms
2026-02-02 14:19:52 | DEBUG    |   Per-crop SSIM: center=0.6939, corners=0.7636, edges=0.7311
2026-02-02 14:19:52 | DEBUG    | Validation epoch 129 complete: avg_loss=0.0363, time=138.55s, avg_batch_time=741.3ms
2026-02-02 14:19:52 | DEBUG    | Saving epochs CSV
2026-02-02 14:19:52 | INFO     | Epoch 129/500 completed: train_loss=0.0320, valid_loss=0.0363, best=0.0360, time=308.79s (train=170.25s, valid=138.55s), run_avg=300.30s (n=129)
2026-02-02 14:19:52 | DEBUG    | Learning rate: 0.000684
2026-02-02 14:19:52 | INFO     |   Metrics: ssim=0.7414, ms_ssim=0.8467, mae=0.0363, gradient_mae=0.1470, psnr=20.0061, ncc=1184680192.1690
2026-02-02 14:19:52 | DEBUG    | Saving latest checkpoint
2026-02-02 14:19:53 | DEBUG    | Stepping scheduler
2026-02-02 14:19:53 | INFO     | Epoch 130/500 starting
2026-02-02 14:19:53 | DEBUG    | Starting training epoch 130 with 735 batches (batch_log_interval=147)
2026-02-02 14:20:28 | DEBUG    |   Train batch 147/735: loss=0.0320, time=[min=224.7, avg=231.4, max=261.7]ms
2026-02-02 14:21:02 | DEBUG    |   Train batch 294/735: loss=0.0319, time=[min=226.1, avg=230.9, max=255.8]ms
2026-02-02 14:21:36 | DEBUG    |   Train batch 441/735: loss=0.0320, time=[min=226.2, avg=230.2, max=246.2]ms
2026-02-02 14:22:10 | DEBUG    |   Train batch 588/735: loss=0.0321, time=[min=223.9, avg=230.2, max=256.8]ms
2026-02-02 14:22:44 | DEBUG    |   Train batch 735/735: loss=0.0320, time=[min=225.1, avg=229.7, max=245.8]ms
2026-02-02 14:22:44 | DEBUG    | Training epoch 130 complete: avg_loss=0.0320, time=170.36s, avg_batch_time=230.5ms
2026-02-02 14:22:44 | DEBUG    | Starting validation epoch 130 with 184 batches (batch_log_interval=36)
2026-02-02 14:23:15 | DEBUG    |   Valid batch 36/184: loss=0.0362, time=[min=726.0, avg=810.6, max=1122.4]ms
2026-02-02 14:23:42 | DEBUG    |   Valid batch 72/184: loss=0.0359, time=[min=712.5, avg=757.3, max=802.1]ms
2026-02-02 14:24:09 | DEBUG    |   Valid batch 108/184: loss=0.0355, time=[min=703.3, avg=737.3, max=802.8]ms
2026-02-02 14:24:35 | DEBUG    |   Valid batch 144/184: loss=0.0358, time=[min=704.9, avg=742.6, max=802.5]ms
2026-02-02 14:25:02 | DEBUG    |   Valid batch 180/184: loss=0.0365, time=[min=594.2, avg=739.7, max=800.9]ms
2026-02-02 14:25:04 | DEBUG    |   Per-crop SSIM: center=0.6939, corners=0.7637, edges=0.7311
2026-02-02 14:25:04 | DEBUG    | Validation epoch 130 complete: avg_loss=0.0360, time=140.80s, avg_batch_time=754.1ms
2026-02-02 14:25:04 | DEBUG    | Saving epochs CSV
2026-02-02 14:25:04 | INFO     | Epoch 130/500 completed: train_loss=0.0320, valid_loss=0.0360, best=0.0360, time=311.16s (train=170.36s, valid=140.80s), run_avg=300.38s (n=130)
2026-02-02 14:25:04 | DEBUG    | Learning rate: 0.000683
2026-02-02 14:25:04 | INFO     |   Metrics: ssim=0.7415, ms_ssim=0.8467, mae=0.0360, gradient_mae=0.1471, psnr=20.0312, ncc=1599985020.9714
2026-02-02 14:25:04 | INFO     | New best validation loss: 0.0360 (prev: 0.0360)
2026-02-02 14:25:04 | DEBUG    | Saving best model checkpoint to experiments/train_nn1_cropped/l1_6edbe0/epochs/129
2026-02-02 14:25:05 | DEBUG    | Saving latest checkpoint
2026-02-02 14:25:05 | DEBUG    | Stepping scheduler
2026-02-02 14:25:05 | INFO     | Epoch 131/500 starting
2026-02-02 14:25:05 | DEBUG    | Starting training epoch 131 with 735 batches (batch_log_interval=147)
2026-02-02 14:25:40 | DEBUG    |   Train batch 147/735: loss=0.0316, time=[min=223.0, avg=230.9, max=254.8]ms
2026-02-02 14:26:14 | DEBUG    |   Train batch 294/735: loss=0.0321, time=[min=225.4, avg=230.6, max=265.0]ms
2026-02-02 14:26:48 | DEBUG    |   Train batch 441/735: loss=0.0323, time=[min=225.5, avg=231.0, max=250.9]ms
2026-02-02 14:27:22 | DEBUG    |   Train batch 588/735: loss=0.0321, time=[min=226.1, avg=230.4, max=250.2]ms
2026-02-02 14:27:55 | DEBUG    |   Train batch 735/735: loss=0.0318, time=[min=224.7, avg=228.8, max=245.8]ms
2026-02-02 14:27:55 | DEBUG    | Training epoch 131 complete: avg_loss=0.0320, time=170.16s, avg_batch_time=230.3ms
2026-02-02 14:27:56 | DEBUG    | Starting validation epoch 131 with 184 batches (batch_log_interval=36)
2026-02-02 14:28:25 | DEBUG    |   Valid batch 36/184: loss=0.0366, time=[min=634.7, avg=772.6, max=1186.5]ms
2026-02-02 14:28:52 | DEBUG    |   Valid batch 72/184: loss=0.0363, time=[min=709.5, avg=745.6, max=808.4]ms
2026-02-02 14:29:19 | DEBUG    |   Valid batch 108/184: loss=0.0360, time=[min=702.7, avg=734.5, max=792.4]ms
2026-02-02 14:29:46 | DEBUG    |   Valid batch 144/184: loss=0.0364, time=[min=706.7, avg=749.6, max=795.6]ms
2026-02-02 14:30:11 | DEBUG    |   Valid batch 180/184: loss=0.0370, time=[min=594.5, avg=714.9, max=744.3]ms
2026-02-02 14:30:14 | DEBUG    |   Per-crop SSIM: center=0.6933, corners=0.7632, edges=0.7306
2026-02-02 14:30:14 | DEBUG    | Validation epoch 131 complete: avg_loss=0.0365, time=138.28s, avg_batch_time=740.3ms
2026-02-02 14:30:14 | DEBUG    | Saving epochs CSV
2026-02-02 14:30:14 | INFO     | Epoch 131/500 completed: train_loss=0.0320, valid_loss=0.0365, best=0.0360, time=308.44s (train=170.16s, valid=138.28s), run_avg=300.44s (n=131)
2026-02-02 14:30:14 | DEBUG    | Learning rate: 0.000681
2026-02-02 14:30:14 | INFO     |   Metrics: ssim=0.7409, ms_ssim=0.8458, mae=0.0365, gradient_mae=0.1476, psnr=19.9400, ncc=1533202762.5362
2026-02-02 14:30:14 | DEBUG    | Saving latest checkpoint
2026-02-02 14:30:14 | DEBUG    | Stepping scheduler
2026-02-02 14:30:14 | INFO     | Epoch 132/500 starting
2026-02-02 14:30:14 | DEBUG    | Starting training epoch 132 with 735 batches (batch_log_interval=147)
2026-02-02 14:30:49 | DEBUG    |   Train batch 147/735: loss=0.0321, time=[min=225.4, avg=231.9, max=276.4]ms
2026-02-02 14:31:23 | DEBUG    |   Train batch 294/735: loss=0.0318, time=[min=226.0, avg=232.0, max=258.2]ms
2026-02-02 14:31:58 | DEBUG    |   Train batch 441/735: loss=0.0319, time=[min=226.1, avg=237.7, max=275.8]ms
2026-02-02 14:32:35 | DEBUG    |   Train batch 588/735: loss=0.0319, time=[min=226.4, avg=246.6, max=318.8]ms
2026-02-02 14:33:11 | DEBUG    |   Train batch 735/735: loss=0.0319, time=[min=226.9, avg=248.6, max=299.6]ms
2026-02-02 14:33:11 | DEBUG    | Training epoch 132 complete: avg_loss=0.0319, time=176.80s, avg_batch_time=239.4ms
2026-02-02 14:33:11 | DEBUG    | Starting validation epoch 132 with 184 batches (batch_log_interval=36)
2026-02-02 14:33:43 | DEBUG    |   Valid batch 36/184: loss=0.0366, time=[min=734.7, avg=826.5, max=1262.3]ms
2026-02-02 14:34:10 | DEBUG    |   Valid batch 72/184: loss=0.0362, time=[min=717.9, avg=766.6, max=859.0]ms
2026-02-02 14:34:39 | DEBUG    |   Valid batch 108/184: loss=0.0358, time=[min=721.1, avg=802.4, max=859.5]ms
2026-02-02 14:35:07 | DEBUG    |   Valid batch 144/184: loss=0.0361, time=[min=716.7, avg=759.5, max=830.9]ms
2026-02-02 14:35:35 | DEBUG    |   Valid batch 180/184: loss=0.0368, time=[min=636.1, avg=786.1, max=891.4]ms
2026-02-02 14:35:38 | DEBUG    |   Per-crop SSIM: center=0.6941, corners=0.7640, edges=0.7314
2026-02-02 14:35:38 | DEBUG    | Validation epoch 132 complete: avg_loss=0.0363, time=146.41s, avg_batch_time=784.9ms
2026-02-02 14:35:38 | DEBUG    | Saving epochs CSV
2026-02-02 14:35:38 | INFO     | Epoch 132/500 completed: train_loss=0.0319, valid_loss=0.0363, best=0.0360, time=323.21s (train=176.80s, valid=146.41s), run_avg=300.62s (n=132)
2026-02-02 14:35:38 | DEBUG    | Learning rate: 0.000679
2026-02-02 14:35:38 | INFO     |   Metrics: ssim=0.7417, ms_ssim=0.8473, mae=0.0363, gradient_mae=0.1473, psnr=20.0265, ncc=1431794293.8336
2026-02-02 14:35:38 | DEBUG    | Saving latest checkpoint
2026-02-02 14:35:38 | DEBUG    | Stepping scheduler
2026-02-02 14:35:38 | INFO     | Epoch 133/500 starting
2026-02-02 14:35:38 | DEBUG    | Starting training epoch 133 with 735 batches (batch_log_interval=147)
2026-02-02 14:36:14 | DEBUG    |   Train batch 147/735: loss=0.0318, time=[min=226.0, avg=239.9, max=266.4]ms
2026-02-02 14:36:49 | DEBUG    |   Train batch 294/735: loss=0.0320, time=[min=226.5, avg=236.5, max=271.3]ms
2026-02-02 14:37:24 | DEBUG    |   Train batch 441/735: loss=0.0317, time=[min=224.1, avg=236.6, max=268.1]ms
2026-02-02 14:37:59 | DEBUG    |   Train batch 588/735: loss=0.0312, time=[min=226.8, avg=238.4, max=267.3]ms
2026-02-02 14:38:34 | DEBUG    |   Train batch 735/735: loss=0.0329, time=[min=225.5, avg=238.9, max=263.7]ms
2026-02-02 14:38:34 | DEBUG    | Training epoch 133 complete: avg_loss=0.0319, time=175.96s, avg_batch_time=238.1ms
2026-02-02 14:38:34 | DEBUG    | Starting validation epoch 133 with 184 batches (batch_log_interval=36)
2026-02-02 14:39:05 | DEBUG    |   Valid batch 36/184: loss=0.0376, time=[min=715.6, avg=787.2, max=1274.4]ms
2026-02-02 14:39:32 | DEBUG    |   Valid batch 72/184: loss=0.0372, time=[min=709.5, avg=756.5, max=817.9]ms
2026-02-02 14:39:59 | DEBUG    |   Valid batch 108/184: loss=0.0368, time=[min=720.2, avg=747.2, max=804.4]ms
2026-02-02 14:40:27 | DEBUG    |   Valid batch 144/184: loss=0.0372, time=[min=700.0, avg=757.5, max=816.3]ms
2026-02-02 14:40:53 | DEBUG    |   Valid batch 180/184: loss=0.0379, time=[min=616.3, avg=723.7, max=766.2]ms
2026-02-02 14:40:55 | DEBUG    |   Per-crop SSIM: center=0.6893, corners=0.7596, edges=0.7268
2026-02-02 14:40:55 | DEBUG    | Validation epoch 133 complete: avg_loss=0.0374, time=141.02s, avg_batch_time=751.7ms
2026-02-02 14:40:55 | DEBUG    | Saving epochs CSV
2026-02-02 14:40:55 | INFO     | Epoch 133/500 completed: train_loss=0.0319, valid_loss=0.0374, best=0.0360, time=316.97s (train=175.96s, valid=141.02s), run_avg=300.74s (n=133)
2026-02-02 14:40:55 | DEBUG    | Learning rate: 0.000677
2026-02-02 14:40:55 | INFO     |   Metrics: ssim=0.7372, ms_ssim=0.8399, mae=0.0374, gradient_mae=0.1492, psnr=19.8836, ncc=945880639.2776
2026-02-02 14:40:55 | DEBUG    | Saving latest checkpoint
2026-02-02 14:40:56 | DEBUG    | Stepping scheduler
2026-02-02 14:40:56 | INFO     | Epoch 134/500 starting
2026-02-02 14:40:56 | DEBUG    | Starting training epoch 134 with 735 batches (batch_log_interval=147)
2026-02-02 14:41:32 | DEBUG    |   Train batch 147/735: loss=0.0321, time=[min=226.6, avg=235.8, max=267.4]ms
2026-02-02 14:42:06 | DEBUG    |   Train batch 294/735: loss=0.0321, time=[min=225.9, avg=235.3, max=273.7]ms
2026-02-02 14:42:41 | DEBUG    |   Train batch 441/735: loss=0.0321, time=[min=226.5, avg=235.3, max=263.6]ms
2026-02-02 14:43:16 | DEBUG    |   Train batch 588/735: loss=0.0318, time=[min=226.1, avg=236.4, max=261.8]ms
2026-02-02 14:43:50 | DEBUG    |   Train batch 735/735: loss=0.0318, time=[min=226.0, avg=234.4, max=264.0]ms
2026-02-02 14:43:50 | DEBUG    | Training epoch 134 complete: avg_loss=0.0320, time=174.07s, avg_batch_time=235.4ms
2026-02-02 14:43:50 | DEBUG    | Starting validation epoch 134 with 184 batches (batch_log_interval=36)
2026-02-02 14:44:20 | DEBUG    |   Valid batch 36/184: loss=0.0361, time=[min=716.5, avg=792.9, max=1299.7]ms
2026-02-02 14:44:48 | DEBUG    |   Valid batch 72/184: loss=0.0359, time=[min=720.2, avg=762.5, max=825.9]ms
2026-02-02 14:45:15 | DEBUG    |   Valid batch 108/184: loss=0.0356, time=[min=704.1, avg=745.7, max=813.5]ms
2026-02-02 14:45:42 | DEBUG    |   Valid batch 144/184: loss=0.0357, time=[min=712.1, avg=759.8, max=812.6]ms
2026-02-02 14:46:08 | DEBUG    |   Valid batch 180/184: loss=0.0366, time=[min=622.8, avg=727.9, max=823.8]ms
2026-02-02 14:46:11 | DEBUG    |   Per-crop SSIM: center=0.6937, corners=0.7636, edges=0.7310
2026-02-02 14:46:11 | DEBUG    | Validation epoch 134 complete: avg_loss=0.0360, time=140.75s, avg_batch_time=755.0ms
2026-02-02 14:46:11 | DEBUG    | Saving epochs CSV
2026-02-02 14:46:11 | INFO     | Epoch 134/500 completed: train_loss=0.0320, valid_loss=0.0360, best=0.0360, time=314.82s (train=174.07s, valid=140.75s), run_avg=300.84s (n=134)
2026-02-02 14:46:11 | DEBUG    | Learning rate: 0.000675
2026-02-02 14:46:11 | INFO     |   Metrics: ssim=0.7413, ms_ssim=0.8468, mae=0.0360, gradient_mae=0.1471, psnr=20.0264, ncc=1115013176.6886
2026-02-02 14:46:11 | DEBUG    | Saving latest checkpoint
2026-02-02 14:46:12 | DEBUG    | Stepping scheduler
2026-02-02 14:46:12 | INFO     | Epoch 135/500 starting
2026-02-02 14:46:12 | DEBUG    | Starting training epoch 135 with 735 batches (batch_log_interval=147)
2026-02-02 14:46:47 | DEBUG    |   Train batch 147/735: loss=0.0320, time=[min=225.6, avg=234.1, max=257.3]ms
2026-02-02 14:47:21 | DEBUG    |   Train batch 294/735: loss=0.0318, time=[min=226.6, avg=235.5, max=262.5]ms
2026-02-02 14:47:56 | DEBUG    |   Train batch 441/735: loss=0.0318, time=[min=226.7, avg=235.1, max=264.4]ms
2026-02-02 14:48:31 | DEBUG    |   Train batch 588/735: loss=0.0319, time=[min=225.2, avg=234.7, max=264.3]ms
2026-02-02 14:49:05 | DEBUG    |   Train batch 735/735: loss=0.0318, time=[min=226.5, avg=234.6, max=261.6]ms
2026-02-02 14:49:05 | DEBUG    | Training epoch 135 complete: avg_loss=0.0319, time=173.62s, avg_batch_time=234.8ms
2026-02-02 14:49:05 | DEBUG    | Starting validation epoch 135 with 184 batches (batch_log_interval=36)
2026-02-02 14:49:35 | DEBUG    |   Valid batch 36/184: loss=0.0365, time=[min=713.6, avg=783.5, max=1153.5]ms
2026-02-02 14:50:03 | DEBUG    |   Valid batch 72/184: loss=0.0360, time=[min=711.3, avg=762.0, max=817.0]ms
2026-02-02 14:50:30 | DEBUG    |   Valid batch 108/184: loss=0.0359, time=[min=709.0, avg=757.0, max=817.7]ms
2026-02-02 14:50:58 | DEBUG    |   Valid batch 144/184: loss=0.0360, time=[min=731.0, avg=780.6, max=840.2]ms
2026-02-02 14:51:24 | DEBUG    |   Valid batch 180/184: loss=0.0368, time=[min=596.0, avg=720.1, max=764.3]ms
2026-02-02 14:51:27 | DEBUG    |   Per-crop SSIM: center=0.6946, corners=0.7643, edges=0.7318
2026-02-02 14:51:27 | DEBUG    | Validation epoch 135 complete: avg_loss=0.0363, time=141.42s, avg_batch_time=757.4ms
2026-02-02 14:51:27 | DEBUG    | Saving epochs CSV
2026-02-02 14:51:27 | INFO     | Epoch 135/500 completed: train_loss=0.0319, valid_loss=0.0363, best=0.0360, time=315.04s (train=173.62s, valid=141.42s), run_avg=300.95s (n=135)
2026-02-02 14:51:27 | DEBUG    | Learning rate: 0.000673
2026-02-02 14:51:27 | INFO     |   Metrics: ssim=0.7421, ms_ssim=0.8475, mae=0.0363, gradient_mae=0.1466, psnr=20.0512, ncc=1682530910.9893
2026-02-02 14:51:27 | DEBUG    | Saving latest checkpoint
2026-02-02 14:51:27 | DEBUG    | Stepping scheduler
2026-02-02 14:51:27 | INFO     | Epoch 136/500 starting
2026-02-02 14:51:27 | DEBUG    | Starting training epoch 136 with 735 batches (batch_log_interval=147)
2026-02-02 14:52:03 | DEBUG    |   Train batch 147/735: loss=0.0318, time=[min=221.3, avg=233.5, max=263.9]ms
2026-02-02 14:52:37 | DEBUG    |   Train batch 294/735: loss=0.0316, time=[min=225.6, avg=237.0, max=280.6]ms
2026-02-02 14:53:13 | DEBUG    |   Train batch 441/735: loss=0.0323, time=[min=226.6, avg=240.7, max=269.4]ms
2026-02-02 14:53:48 | DEBUG    |   Train batch 588/735: loss=0.0316, time=[min=227.0, avg=241.7, max=265.9]ms
2026-02-02 14:54:24 | DEBUG    |   Train batch 735/735: loss=0.0317, time=[min=222.7, avg=239.1, max=266.5]ms
2026-02-02 14:54:24 | DEBUG    | Training epoch 136 complete: avg_loss=0.0318, time=176.27s, avg_batch_time=238.4ms
2026-02-02 14:54:24 | DEBUG    | Starting validation epoch 136 with 184 batches (batch_log_interval=36)
2026-02-02 14:54:54 | DEBUG    |   Valid batch 36/184: loss=0.0364, time=[min=708.0, avg=799.3, max=1334.8]ms
2026-02-02 14:55:21 | DEBUG    |   Valid batch 72/184: loss=0.0360, time=[min=710.8, avg=753.6, max=836.4]ms
2026-02-02 14:55:48 | DEBUG    |   Valid batch 108/184: loss=0.0356, time=[min=715.3, avg=750.1, max=799.9]ms
2026-02-02 14:56:16 | DEBUG    |   Valid batch 144/184: loss=0.0359, time=[min=708.7, avg=770.3, max=844.8]ms
2026-02-02 14:56:42 | DEBUG    |   Valid batch 180/184: loss=0.0366, time=[min=607.3, avg=725.9, max=764.2]ms
2026-02-02 14:56:45 | DEBUG    |   Per-crop SSIM: center=0.6943, corners=0.7642, edges=0.7316
2026-02-02 14:56:45 | DEBUG    | Validation epoch 136 complete: avg_loss=0.0362, time=141.13s, avg_batch_time=756.8ms
2026-02-02 14:56:45 | DEBUG    | Saving epochs CSV
2026-02-02 14:56:45 | INFO     | Epoch 136/500 completed: train_loss=0.0318, valid_loss=0.0362, best=0.0360, time=317.41s (train=176.27s, valid=141.13s), run_avg=301.07s (n=136)
2026-02-02 14:56:45 | DEBUG    | Learning rate: 0.000672
2026-02-02 14:56:45 | INFO     |   Metrics: ssim=0.7419, ms_ssim=0.8474, mae=0.0362, gradient_mae=0.1466, psnr=19.9900, ncc=1429589108.5122
2026-02-02 14:56:45 | DEBUG    | Saving latest checkpoint
2026-02-02 14:56:46 | DEBUG    | Stepping scheduler
2026-02-02 14:56:46 | INFO     | Epoch 137/500 starting
2026-02-02 14:56:46 | DEBUG    | Starting training epoch 137 with 735 batches (batch_log_interval=147)
2026-02-02 14:57:21 | DEBUG    |   Train batch 147/735: loss=0.0316, time=[min=225.8, avg=236.5, max=277.5]ms
2026-02-02 14:57:57 | DEBUG    |   Train batch 294/735: loss=0.0315, time=[min=225.0, avg=242.3, max=280.8]ms
2026-02-02 14:58:32 | DEBUG    |   Train batch 441/735: loss=0.0315, time=[min=226.0, avg=238.2, max=257.4]ms
2026-02-02 14:59:07 | DEBUG    |   Train batch 588/735: loss=0.0320, time=[min=229.6, avg=237.7, max=260.4]ms
2026-02-02 14:59:43 | DEBUG    |   Train batch 735/735: loss=0.0319, time=[min=231.4, avg=243.5, max=282.4]ms
2026-02-02 14:59:43 | DEBUG    | Training epoch 137 complete: avg_loss=0.0317, time=177.31s, avg_batch_time=239.6ms
2026-02-02 14:59:43 | DEBUG    | Starting validation epoch 137 with 184 batches (batch_log_interval=36)
2026-02-02 15:00:16 | DEBUG    |   Valid batch 36/184: loss=0.0365, time=[min=718.2, avg=827.6, max=1244.7]ms
2026-02-02 15:00:43 | DEBUG    |   Valid batch 72/184: loss=0.0361, time=[min=727.1, avg=751.4, max=798.1]ms
2026-02-02 15:01:11 | DEBUG    |   Valid batch 108/184: loss=0.0360, time=[min=713.8, avg=779.9, max=878.3]ms
2026-02-02 15:01:39 | DEBUG    |   Valid batch 144/184: loss=0.0361, time=[min=623.9, avg=776.7, max=860.8]ms
2026-02-02 15:02:06 | DEBUG    |   Valid batch 180/184: loss=0.0368, time=[min=610.9, avg=762.1, max=830.6]ms
2026-02-02 15:02:09 | DEBUG    |   Per-crop SSIM: center=0.6932, corners=0.7632, edges=0.7305
2026-02-02 15:02:09 | DEBUG    | Validation epoch 137 complete: avg_loss=0.0363, time=146.02s, avg_batch_time=775.9ms
2026-02-02 15:02:09 | DEBUG    | Saving epochs CSV
2026-02-02 15:02:09 | INFO     | Epoch 137/500 completed: train_loss=0.0317, valid_loss=0.0363, best=0.0360, time=323.33s (train=177.31s, valid=146.02s), run_avg=301.23s (n=137)
2026-02-02 15:02:09 | DEBUG    | Learning rate: 0.000670
2026-02-02 15:02:09 | INFO     |   Metrics: ssim=0.7409, ms_ssim=0.8455, mae=0.0363, gradient_mae=0.1474, psnr=19.9260, ncc=2042325755.5360
2026-02-02 15:02:09 | DEBUG    | Saving latest checkpoint
2026-02-02 15:02:09 | DEBUG    | Stepping scheduler
2026-02-02 15:02:09 | INFO     | Epoch 138/500 starting
2026-02-02 15:02:09 | DEBUG    | Starting training epoch 138 with 735 batches (batch_log_interval=147)
2026-02-02 15:02:45 | DEBUG    |   Train batch 147/735: loss=0.0318, time=[min=229.2, avg=239.7, max=266.0]ms
2026-02-02 15:03:21 | DEBUG    |   Train batch 294/735: loss=0.0317, time=[min=229.8, avg=239.6, max=278.6]ms
2026-02-02 15:03:56 | DEBUG    |   Train batch 441/735: loss=0.0316, time=[min=228.8, avg=240.8, max=284.3]ms
2026-02-02 15:04:32 | DEBUG    |   Train batch 588/735: loss=0.0316, time=[min=229.3, avg=241.6, max=270.8]ms
2026-02-02 15:05:07 | DEBUG    |   Train batch 735/735: loss=0.0319, time=[min=229.6, avg=239.4, max=267.7]ms
2026-02-02 15:05:07 | DEBUG    | Training epoch 138 complete: avg_loss=0.0317, time=177.45s, avg_batch_time=240.2ms
2026-02-02 15:05:07 | DEBUG    | Starting validation epoch 138 with 184 batches (batch_log_interval=36)
2026-02-02 15:05:38 | DEBUG    |   Valid batch 36/184: loss=0.0365, time=[min=724.1, avg=808.7, max=1157.9]ms
2026-02-02 15:06:07 | DEBUG    |   Valid batch 72/184: loss=0.0360, time=[min=749.4, avg=790.9, max=855.3]ms
2026-02-02 15:06:34 | DEBUG    |   Valid batch 108/184: loss=0.0358, time=[min=717.5, avg=762.3, max=847.1]ms
2026-02-02 15:07:02 | DEBUG    |   Valid batch 144/184: loss=0.0361, time=[min=714.3, avg=767.6, max=820.1]ms
2026-02-02 15:07:28 | DEBUG    |   Valid batch 180/184: loss=0.0367, time=[min=609.1, avg=732.1, max=764.4]ms
2026-02-02 15:07:31 | DEBUG    |   Per-crop SSIM: center=0.6934, corners=0.7631, edges=0.7306
2026-02-02 15:07:31 | DEBUG    | Validation epoch 138 complete: avg_loss=0.0363, time=143.65s, avg_batch_time=769.0ms
2026-02-02 15:07:31 | DEBUG    | Saving epochs CSV
2026-02-02 15:07:31 | INFO     | Epoch 138/500 completed: train_loss=0.0317, valid_loss=0.0363, best=0.0360, time=321.10s (train=177.45s, valid=143.65s), run_avg=301.38s (n=138)
2026-02-02 15:07:31 | DEBUG    | Learning rate: 0.000668
2026-02-02 15:07:31 | INFO     |   Metrics: ssim=0.7409, ms_ssim=0.8461, mae=0.0363, gradient_mae=0.1476, psnr=19.9796, ncc=1182811081.2552
2026-02-02 15:07:31 | DEBUG    | Saving latest checkpoint
2026-02-02 15:07:31 | DEBUG    | Stepping scheduler
2026-02-02 15:07:31 | INFO     | Epoch 139/500 starting
2026-02-02 15:07:31 | DEBUG    | Starting training epoch 139 with 735 batches (batch_log_interval=147)
2026-02-02 15:08:07 | DEBUG    |   Train batch 147/735: loss=0.0316, time=[min=229.1, avg=237.8, max=294.7]ms
2026-02-02 15:08:42 | DEBUG    |   Train batch 294/735: loss=0.0315, time=[min=229.3, avg=240.3, max=274.9]ms
2026-02-02 15:09:18 | DEBUG    |   Train batch 441/735: loss=0.0321, time=[min=228.5, avg=242.0, max=278.3]ms
2026-02-02 15:09:54 | DEBUG    |   Train batch 588/735: loss=0.0317, time=[min=229.0, avg=242.2, max=308.3]ms
2026-02-02 15:10:30 | DEBUG    |   Train batch 735/735: loss=0.0321, time=[min=229.5, avg=246.3, max=293.5]ms
2026-02-02 15:10:30 | DEBUG    | Training epoch 139 complete: avg_loss=0.0318, time=178.65s, avg_batch_time=241.7ms
2026-02-02 15:10:30 | DEBUG    | Starting validation epoch 139 with 184 batches (batch_log_interval=36)
2026-02-02 15:11:02 | DEBUG    |   Valid batch 36/184: loss=0.0379, time=[min=645.3, avg=825.7, max=1322.6]ms
2026-02-02 15:11:31 | DEBUG    |   Valid batch 72/184: loss=0.0376, time=[min=735.3, avg=803.9, max=868.1]ms
2026-02-02 15:11:58 | DEBUG    |   Valid batch 108/184: loss=0.0372, time=[min=716.2, avg=750.6, max=799.1]ms
2026-02-02 15:12:27 | DEBUG    |   Valid batch 144/184: loss=0.0375, time=[min=751.4, avg=806.1, max=845.5]ms
2026-02-02 15:12:54 | DEBUG    |   Valid batch 180/184: loss=0.0382, time=[min=616.8, avg=747.3, max=820.7]ms
2026-02-02 15:12:56 | DEBUG    |   Per-crop SSIM: center=0.6867, corners=0.7568, edges=0.7240
2026-02-02 15:12:56 | DEBUG    | Validation epoch 139 complete: avg_loss=0.0377, time=146.09s, avg_batch_time=783.7ms
2026-02-02 15:12:56 | DEBUG    | Saving epochs CSV
2026-02-02 15:12:56 | INFO     | Epoch 139/500 completed: train_loss=0.0318, valid_loss=0.0377, best=0.0360, time=324.74s (train=178.65s, valid=146.09s), run_avg=301.54s (n=139)
2026-02-02 15:12:56 | DEBUG    | Learning rate: 0.000666
2026-02-02 15:12:56 | INFO     |   Metrics: ssim=0.7345, ms_ssim=0.8368, mae=0.0377, gradient_mae=0.1508, psnr=19.6757, ncc=817918667.3837
2026-02-02 15:12:56 | DEBUG    | Saving latest checkpoint
2026-02-02 15:12:57 | DEBUG    | Stepping scheduler
2026-02-02 15:12:57 | INFO     | Epoch 140/500 starting
2026-02-02 15:12:57 | DEBUG    | Starting training epoch 140 with 735 batches (batch_log_interval=147)
2026-02-02 15:13:32 | DEBUG    |   Train batch 147/735: loss=0.0324, time=[min=228.7, avg=236.8, max=281.9]ms
2026-02-02 15:14:07 | DEBUG    |   Train batch 294/735: loss=0.0315, time=[min=228.6, avg=235.3, max=260.1]ms
2026-02-02 15:14:42 | DEBUG    |   Train batch 441/735: loss=0.0317, time=[min=227.9, avg=239.1, max=264.5]ms
2026-02-02 15:15:17 | DEBUG    |   Train batch 588/735: loss=0.0321, time=[min=227.2, avg=238.2, max=267.3]ms
2026-02-02 15:15:54 | DEBUG    |   Train batch 735/735: loss=0.0315, time=[min=227.4, avg=246.6, max=286.4]ms
2026-02-02 15:15:54 | DEBUG    | Training epoch 140 complete: avg_loss=0.0318, time=176.75s, avg_batch_time=239.2ms
2026-02-02 15:15:54 | DEBUG    | Starting validation epoch 140 with 184 batches (batch_log_interval=36)
2026-02-02 15:16:28 | DEBUG    |   Valid batch 36/184: loss=0.0369, time=[min=782.1, avg=899.2, max=1468.6]ms
2026-02-02 15:16:59 | DEBUG    |   Valid batch 72/184: loss=0.0365, time=[min=662.2, avg=843.7, max=933.4]ms
2026-02-02 15:17:30 | DEBUG    |   Valid batch 108/184: loss=0.0362, time=[min=703.5, avg=862.8, max=1007.2]ms
2026-02-02 15:18:02 | DEBUG    |   Valid batch 144/184: loss=0.0365, time=[min=819.0, avg=898.8, max=977.2]ms
2026-02-02 15:18:34 | DEBUG    |   Valid batch 180/184: loss=0.0372, time=[min=728.5, avg=875.1, max=965.5]ms
2026-02-02 15:18:36 | DEBUG    |   Per-crop SSIM: center=0.6933, corners=0.7636, edges=0.7308
2026-02-02 15:18:36 | DEBUG    | Validation epoch 140 complete: avg_loss=0.0367, time=162.89s, avg_batch_time=873.1ms
2026-02-02 15:18:36 | DEBUG    | Saving epochs CSV
2026-02-02 15:18:36 | INFO     | Epoch 140/500 completed: train_loss=0.0318, valid_loss=0.0367, best=0.0360, time=339.64s (train=176.75s, valid=162.89s), run_avg=301.82s (n=140)
2026-02-02 15:18:36 | DEBUG    | Learning rate: 0.000664
2026-02-02 15:18:36 | INFO     |   Metrics: ssim=0.7412, ms_ssim=0.8464, mae=0.0367, gradient_mae=0.1471, psnr=19.9287, ncc=1535168849.7738
2026-02-02 15:18:36 | DEBUG    | Saving latest checkpoint
2026-02-02 15:18:37 | INFO     | Early stopping triggered after 140 epochs!
